Gene ontology (GO)	InputFunction	40620.709289
com.sparkbeyond.runtime.feature.functions.TextFunctions.slidingSubsets(s: com.sparkbeyond.runtime.feature.types.SemanticWrapper): Seq[Set[String]]	ReflectedMethodDef	15404.723481
com.sparkbeyond.runtime.feature.functions.TextFunctions.numericPairs(text: com.sparkbeyond.runtime.feature.types.SemanticWrapper): Vector[(Seq[String],Double)]	ReflectedMethodDef	15101.028589
Keywords	InputFunction	11852.163206
Involvement in disease	InputFunction	9511.082069
Protein names	InputFunction	8517.908459
Features	InputFunction	8334.143288
com.sparkbeyond.runtime.feature.functions.TextFunctions.normalizedNgrams(s: com.sparkbeyond.runtime.feature.types.SemanticWrapper): List[Seq[String]]	ReflectedMethodDef	7934.944005
com.sparkbeyond.runtime.feature.functions.TextFunctions.tokenizeByWordBoundary(text: com.sparkbeyond.runtime.feature.types.SemanticWrapper): Vector[String]	ReflectedMethodDef	6221.302342
com.sparkbeyond.runtime.feature.functions.TextFunctions.tokenize(s: com.sparkbeyond.runtime.feature.types.StringWrapper): Seq[String]	ReflectedMethodDef	6021.765033
com.sparkbeyond.runtime.feature.functions.TextFunctions.wordFrequencies(text: com.sparkbeyond.runtime.feature.types.SemanticWrapper): scala.collection.mutable.HashMap[String,Double]	ReflectedMethodDef	5030.505297
Post-translational modification	InputFunction	4481.520125
com.sparkbeyond.runtime.feature.functions.TextFunctions.normalizedNgramsWithoutStopwords(s: com.sparkbeyond.runtime.feature.types.SemanticWrapper): List[Seq[String]]	ReflectedMethodDef	4463.659506
com.sparkbeyond.runtime.feature.functions.TextFunctions.skipgrams(s: com.sparkbeyond.runtime.feature.types.SemanticWrapper): Vector[Vector[String]]	ReflectedMethodDef	3639.958718
com.sparkbeyond.runtime.feature.functions.TextFunctions.numbers(s: com.sparkbeyond.runtime.feature.types.SemanticWrapper): Seq[Double]	ReflectedMethodDef	3085.935436
com.sparkbeyond.runtime.feature.functions.TextFunctions.tokenizeByCommonDelimiters(s: com.sparkbeyond.runtime.feature.types.StringWrapper): Seq[String]	ReflectedMethodDef	2990.251307
com.sparkbeyond.runtime.feature.functions.TextFunctions.skipgramsAndBiGrams(s: com.sparkbeyond.runtime.feature.types.SemanticWrapper): Seq[Seq[String]]	ReflectedMethodDef	2898.544203
com.sparkbeyond.runtime.feature.functions.TextFunctions.numericPairsUSFormat(s: com.sparkbeyond.runtime.feature.types.SemanticWrapper): Vector[(Seq[String],Double)]	ReflectedMethodDef	2659.312258
Tissue specificity	InputFunction	2556.804447
com.sparkbeyond.runtime.feature.functions.TextFunctions.wordCounts(text: com.sparkbeyond.runtime.feature.types.Text): com.sparkbeyond.runtime.feature.types.Histogram[String]	ReflectedMethodDef	2542.418613
com.sparkbeyond.runtime.feature.functions.TextFunctions.ngrams(s: com.sparkbeyond.runtime.feature.types.SemanticWrapper): List[String]	ReflectedMethodDef	2330.86826
com.sparkbeyond.runtime.feature.functions.TextFunctions.tokenizeByPunctuation(s: com.sparkbeyond.runtime.feature.types.SemanticWrapper): Seq[String]	ReflectedMethodDef	2236.53078
com.sparkbeyond.runtime.feature.functions.ZeroComplexityFunctions.extractKeys[A,B](pairs: TraversableOnce[(A, B)]): Vector[A]	ReflectedMethodDef	2221.44478
com.sparkbeyond.runtime.feature.functions.TextFunctions.sentimentDistribution(text: com.sparkbeyond.runtime.feature.types.SemanticWrapper): com.sparkbeyond.runtime.feature.types.Histogram[Double]	ReflectedMethodDef	1340.491432
com.sparkbeyond.runtime.feature.functions.TextFunctions.stemmedWords(text: com.sparkbeyond.runtime.feature.types.SemanticWrapper): Seq[String]	ReflectedMethodDef	681.894288
Developmental stage	InputFunction	502.319644
com.sparkbeyond.runtime.feature.functions.TextFunctions.adjectivesHistogram(s: com.sparkbeyond.runtime.feature.types.SemanticWrapper): com.sparkbeyond.runtime.feature.types.Histogram[String]	ReflectedMethodDef	411.103885
com.sparkbeyond.runtime.feature.functions.TextFunctions.stemmedWordsWithoutCommonTerms(text: com.sparkbeyond.runtime.feature.types.SemanticWrapper): Seq[String]	ReflectedMethodDef	392.106396
com.sparkbeyond.runtime.feature.functions.TextFunctions.numbersWithSuffix(text: com.sparkbeyond.runtime.feature.types.SemanticWrapper): Seq[(String,Double)]	ReflectedMethodDef	198.942111
com.sparkbeyond.runtime.feature.functions.HasLatLongsFunctions.latLongs(source: com.sparkbeyond.runtime.feature.types.HasLatLongs): Seq[com.sparkbeyond.runtime.feature.types.LatLong]	ReflectedMethodDef	185.467267
com.sparkbeyond.runtime.feature.functions.ImplicitFreeExtensionsDouble.min(i: Seq[Double]): Double	ReflectedMethodDef	136.976887
com.sparkbeyond.runtime.feature.functions.ImplicitFreeExtensionsDouble.sum(i: scala.collection.GenTraversableOnce[Double]): Double	ReflectedMethodDef	126.038373
com.sparkbeyond.runtime.feature.functions.TextFunctions.numbersUSFormat(s: com.sparkbeyond.runtime.feature.types.SemanticWrapper): Seq[Double]	ReflectedMethodDef	111.076125
com.sparkbeyond.runtime.feature.functions.Statistics.average(i: scala.collection.GenTraversableOnce[Double]): Double	ReflectedMethodDef	108.661615
com.sparkbeyond.runtime.feature.functions.TextFunctions.numberInUSFormat(s: com.sparkbeyond.runtime.feature.types.SemanticWrapper): Double	ReflectedMethodDef	88.407937
com.sparkbeyond.runtime.feature.functions.TextFunctions.alphaStringBeforeNumber(s: com.sparkbeyond.runtime.feature.types.SemanticWrapper): String	ReflectedMethodDef	81.961913
com.sparkbeyond.runtime.feature.functions.TextFunctions.textSentimentScore(text: com.sparkbeyond.runtime.feature.types.SemanticWrapper): Double	ReflectedMethodDef	74.765412
com.sparkbeyond.runtime.feature.functions.GeoFunctions.centroid(i: scala.collection.GenTraversableOnce[com.sparkbeyond.runtime.feature.types.LatLong]): com.sparkbeyond.runtime.feature.types.LatLong	ReflectedMethodDef	70.468966
com.sparkbeyond.runtime.feature.functions.ImplicitFreeExtensionsDouble.max(i: Seq[Double]): Double	ReflectedMethodDef	63.488062
com.sparkbeyond.runtime.feature.functions.TextFunctions.numberOfChars(s: com.sparkbeyond.runtime.feature.types.SemanticWrapper): Int	ReflectedMethodDef	56.827073
com.sparkbeyond.runtime.feature.functions.TextFunctions.numberIn(s: com.sparkbeyond.runtime.feature.types.SemanticWrapper): Double	ReflectedMethodDef	53.14219
com.sparkbeyond.runtime.feature.functions.TextFunctions.numberOfWords(s: com.sparkbeyond.runtime.feature.types.SemanticWrapper): Int	ReflectedMethodDef	46.613044
com.sparkbeyond.runtime.feature.functions.ZeroComplexityFunctions.isNaN(d: Double): Boolean	ReflectedMethodDef	41.273674
com.sparkbeyond.runtime.feature.functions.TextFunctions.fractions(text: com.sparkbeyond.runtime.feature.types.SemanticWrapper): Vector[Double]	ReflectedMethodDef	26.421275
com.sparkbeyond.runtime.feature.functions.GeoFunctions.deviation(coords: scala.collection.GenTraversableOnce[com.sparkbeyond.runtime.feature.types.LatLong]): Double	ReflectedMethodDef	11.304138