Gene encoded by	0.1
Non-standard residue	0.1
Protein families	1.2
pH dependence	0.0
Features	18.8
Involvement in disease	41.7
Sequence	1.1
Non-terminal residue	0.1
Developmental stage	0.8
Tissue specificity	15.9
Pathway	0.5
Pharmaceutical use	0.0
Nucleotide binding	0.5
RNA editing	0.0
Zinc finger	1.0
Gene ontology (GO)	110.5
Length	0.1
Post-translational modification	14.8
Temperature dependence	0.0
Allergenic properties	0.0
Protein names	14.5
Repeat	0.5
Keywords	25.4
Compositional bias	1.1
DNA binding	0.1
Mass	0.0