21	Gene ontology (GO)	InputFunction
15	Tissue specificity	InputFunction
14	Post-translational modification	InputFunction
14	Involvement in disease	InputFunction
12	Protein names	InputFunction
11	Features	InputFunction
10	Developmental stage	InputFunction
10	Keywords	InputFunction
3	com.sparkbeyond.runtime.feature.functions.TextFunctions.numbersUSFormat(s: com.sparkbeyond.runtime.feature.types.SemanticWrapper): Seq[Double]	ReflectedMethodDef
3	com.sparkbeyond.runtime.feature.functions.TextFunctions.fractions(text: com.sparkbeyond.runtime.feature.types.SemanticWrapper): Vector[Double]	ReflectedMethodDef
3	com.sparkbeyond.runtime.feature.functions.ZeroComplexityFunctions.extractKeys[A,B](pairs: TraversableOnce[(A, B)]): Vector[A]	ReflectedMethodDef
2	com.sparkbeyond.runtime.feature.functions.ZeroComplexityFunctions.isNaN(d: Double): Boolean	ReflectedMethodDef
2	com.sparkbeyond.runtime.feature.functions.TextFunctions.numericPairsUSFormat(s: com.sparkbeyond.runtime.feature.types.SemanticWrapper): Vector[(Seq[String],Double)]	ReflectedMethodDef
2	com.sparkbeyond.runtime.feature.functions.HasLatLongsFunctions.latLongs(source: com.sparkbeyond.runtime.feature.types.HasLatLongs): Seq[com.sparkbeyond.runtime.feature.types.LatLong]	ReflectedMethodDef
1	com.sparkbeyond.runtime.feature.functions.ImplicitFreeExtensionsDouble.sum(i: scala.collection.GenTraversableOnce[Double]): Double	ReflectedMethodDef
1	com.sparkbeyond.runtime.feature.functions.TextFunctions.numberIn(s: com.sparkbeyond.runtime.feature.types.SemanticWrapper): Double	ReflectedMethodDef
1	com.sparkbeyond.runtime.feature.functions.TextFunctions.wordFrequencies(text: com.sparkbeyond.runtime.feature.types.SemanticWrapper): scala.collection.mutable.HashMap[String,Double]	ReflectedMethodDef
1	com.sparkbeyond.runtime.feature.functions.TextFunctions.alphaStringBeforeNumber(s: com.sparkbeyond.runtime.feature.types.SemanticWrapper): String	ReflectedMethodDef
1	com.sparkbeyond.runtime.feature.functions.TextFunctions.tokenizeByWordBoundary(text: com.sparkbeyond.runtime.feature.types.SemanticWrapper): Vector[String]	ReflectedMethodDef
1	com.sparkbeyond.runtime.feature.functions.TextFunctions.numberOfWords(s: com.sparkbeyond.runtime.feature.types.SemanticWrapper): Int	ReflectedMethodDef
1	com.sparkbeyond.runtime.feature.functions.TextFunctions.numbers(s: com.sparkbeyond.runtime.feature.types.SemanticWrapper): Seq[Double]	ReflectedMethodDef
1	com.sparkbeyond.runtime.feature.functions.TextFunctions.numericPairs(text: com.sparkbeyond.runtime.feature.types.SemanticWrapper): Vector[(Seq[String],Double)]	ReflectedMethodDef
1	com.sparkbeyond.runtime.feature.functions.Statistics.average(i: scala.collection.GenTraversableOnce[Double]): Double	ReflectedMethodDef
1	com.sparkbeyond.runtime.feature.functions.TextFunctions.sentimentDistribution(text: com.sparkbeyond.runtime.feature.types.SemanticWrapper): com.sparkbeyond.runtime.feature.types.Histogram[Double]	ReflectedMethodDef
1	com.sparkbeyond.runtime.feature.functions.TextFunctions.normalizedNgramsWithoutStopwords(s: com.sparkbeyond.runtime.feature.types.SemanticWrapper): List[Seq[String]]	ReflectedMethodDef
1	com.sparkbeyond.runtime.feature.functions.TextFunctions.normalizedNgrams(s: com.sparkbeyond.runtime.feature.types.SemanticWrapper): List[Seq[String]]	ReflectedMethodDef
1	com.sparkbeyond.runtime.feature.functions.TextFunctions.numberInUSFormat(s: com.sparkbeyond.runtime.feature.types.SemanticWrapper): Double	ReflectedMethodDef
1	com.sparkbeyond.runtime.feature.functions.TextFunctions.slidingSubsets(s: com.sparkbeyond.runtime.feature.types.SemanticWrapper): Seq[Set[String]]	ReflectedMethodDef
1	com.sparkbeyond.runtime.feature.functions.TextFunctions.textSentimentScore(text: com.sparkbeyond.runtime.feature.types.SemanticWrapper): Double	ReflectedMethodDef
1	com.sparkbeyond.runtime.feature.functions.TextFunctions.ngrams(s: com.sparkbeyond.runtime.feature.types.SemanticWrapper): List[String]	ReflectedMethodDef
1	com.sparkbeyond.runtime.feature.functions.TextFunctions.wordCounts(text: com.sparkbeyond.runtime.feature.types.Text): com.sparkbeyond.runtime.feature.types.Histogram[String]	ReflectedMethodDef
1	com.sparkbeyond.runtime.feature.functions.TextFunctions.skipgramsAndBiGrams(s: com.sparkbeyond.runtime.feature.types.SemanticWrapper): Seq[Seq[String]]	ReflectedMethodDef
1	com.sparkbeyond.runtime.feature.functions.TextFunctions.tokenize(s: com.sparkbeyond.runtime.feature.types.StringWrapper): Seq[String]	ReflectedMethodDef
1	com.sparkbeyond.runtime.feature.functions.TextFunctions.tokenizeByCommonDelimiters(s: com.sparkbeyond.runtime.feature.types.StringWrapper): Seq[String]	ReflectedMethodDef
1	com.sparkbeyond.runtime.feature.functions.ImplicitFreeExtensionsDouble.min(i: Seq[Double]): Double	ReflectedMethodDef
1	com.sparkbeyond.runtime.feature.functions.GeoFunctions.deviation(coords: scala.collection.GenTraversableOnce[com.sparkbeyond.runtime.feature.types.LatLong]): Double	ReflectedMethodDef
1	com.sparkbeyond.runtime.feature.functions.GeoFunctions.centroid(i: scala.collection.GenTraversableOnce[com.sparkbeyond.runtime.feature.types.LatLong]): com.sparkbeyond.runtime.feature.types.LatLong	ReflectedMethodDef
1	com.sparkbeyond.runtime.feature.functions.TextFunctions.stemmedWords(text: com.sparkbeyond.runtime.feature.types.SemanticWrapper): Seq[String]	ReflectedMethodDef
1	com.sparkbeyond.runtime.feature.functions.TextFunctions.tokenizeByPunctuation(s: com.sparkbeyond.runtime.feature.types.SemanticWrapper): Seq[String]	ReflectedMethodDef
1	com.sparkbeyond.runtime.feature.functions.TextFunctions.numberOfChars(s: com.sparkbeyond.runtime.feature.types.SemanticWrapper): Int	ReflectedMethodDef
1	com.sparkbeyond.runtime.feature.functions.TextFunctions.stemmedWordsWithoutCommonTerms(text: com.sparkbeyond.runtime.feature.types.SemanticWrapper): Seq[String]	ReflectedMethodDef
1	com.sparkbeyond.runtime.feature.functions.ImplicitFreeExtensionsDouble.max(i: Seq[Double]): Double	ReflectedMethodDef
1	com.sparkbeyond.runtime.feature.functions.TextFunctions.skipgrams(s: com.sparkbeyond.runtime.feature.types.SemanticWrapper): Vector[Vector[String]]	ReflectedMethodDef
1	com.sparkbeyond.runtime.feature.functions.TextFunctions.adjectivesHistogram(s: com.sparkbeyond.runtime.feature.types.SemanticWrapper): com.sparkbeyond.runtime.feature.types.Histogram[String]	ReflectedMethodDef
1	com.sparkbeyond.runtime.feature.functions.TextFunctions.numbersWithSuffix(text: com.sparkbeyond.runtime.feature.types.SemanticWrapper): Seq[(String,Double)]	ReflectedMethodDef
