idx	feature	Input names	Dominant bool_mir_target	RIG	Score	lin. score	Support 0	Support 1	% support 0	% support 1	support	% support	input cardinality	cost	invocation time	% Missing	Lift 0	Lift 1	Min	25th Percentile	Median	75th Percentile	Max	Mean	SD	Estimated Total Values	Summary is Sampled	numericFeatureName	booleanFeatureName
0	Length < 349	Length	0	0.03072579419883084	0.030548899383323926	0.47629660986651806	1528.0	2179.0	52.45%	31.76%	3707	37.93     	1746	1.0	0	NA	1.3828917392254159	0.8374105486350385	16.0	269.0	433.0	697.0	34350.0	583.0	650.0	NA	false	Length	Length < 349
1	Protein families == "G-protein coupled receptor 1 family"	Protein families	0	0.017246759333635783	0.01524311598723409	0.4745809860364644	191.0	75.0	6.56%	1.09%	266	2.72      	3330	1.0	0	28%	2.409013006254049	0.40168296104693224	NA	NA	NA	NA	NA	NA	NA	3330.0	false	Protein families == "G-protein coupled receptor 1 family"	Protein families == "G-protein coupled receptor 1 family"
2	nonEmpty(Post-translational modification)	Post-translational modification	1	0.018304556666349416	0.013883281243297525	0.47519305651540106	512.0	2178.0	17.58%	31.75%	2690	27.52     	2521	1.0	0	72%	0.6385649766397778	1.1534781666251206	NA	NA	NA	NA	NA	NA	NA	2521.0	false	nonEmpty(Post-translational modification)	nonEmpty(Post-translational modification)
3	nonEmpty(Non-terminal residue)	Non-terminal residue	0	0.016601922450250516	0.012484439587132115	0.47552935247257266	81.0	0.0	2.78%	0.0%	81	0.83      	18	1.0	0	99%	3.3549605217988328	0.0	NA	NA	NA	NA	NA	NA	NA	18.0	false	nonEmpty(Non-terminal residue)	nonEmpty(Non-terminal residue)
4	Keywords == "Reference proteome"	Keywords	0	0.015403146346559975	0.010820741513305908	0.47521743888702456	138.0	37.0	4.74%	0.54%	175	1.79      	9773	1.0	0	0.0%	2.645626011475651	0.30120866305705957	NA	NA	NA	NA	NA	NA	NA	7976.0	false	Keywords == "Reference proteome"	Keywords == "Reference proteome"
5	nonEmpty(Involvement in disease)	Involvement in disease	1	0.013833866947177432	0.009733724769081149	0.47643720641020754	473.0	1929.0	16.24%	28.12%	2402	24.58     	2400	1.0	0	75%	0.6606562559578883	1.1440974236726926	NA	NA	NA	NA	NA	NA	NA	2400.0	false	nonEmpty(Involvement in disease)	nonEmpty(Involvement in disease)
6	Features does not contain "modified"	Features	0	0.08419976806945612	0.06909040992719366	0.4565410698774784	2123.0	2630.0	72.88%	38.34%	4753	48.63     	9773	1.04	9	0.0%	1.4985443273256727	0.7883003461370723	NA	NA	NA	NA	NA	NA	NA	208.0	false	Features does not contain "modified"	Features does not contain "modified"
7	Gene ontology (GO) does not contain "regulation"	Gene ontology (GO)	0	0.03592291100713059	0.02179160692001699	0.47062481076087304	1830.0	2748.0	62.82%	40.06%	4578	46.84     	9773	1.04	31	4%	1.341104795738721	0.8551547711389369	NA	NA	NA	NA	NA	NA	NA	19757.0	false	Gene ontology (GO) does not contain "regulation"	Gene ontology (GO) does not contain "regulation"
8	Gene ontology (GO) contains "[go:0005654]."	Gene ontology (GO)	1	0.04128096399145765	0.020170787514559096	0.47199079233440494	223.0	1792.0	7.66%	26.12%	2015	20.62     	9773	1.1	8	4%	0.3712933976978361	1.2669711854965313	NA	NA	NA	NA	NA	NA	NA	23158.0	false	Gene ontology (GO) contains "[go:0005654]."	Gene ontology (GO) contains "[go:0005654]."
9	Features does not contain "sequence"	Features	0	0.03341765557497537	0.019039292357930154	0.47078419923433357	1074.0	1214.0	36.87%	17.7%	2288	23.41     	9773	1.04	9	0.0%	1.5748372379422844	0.7559036626638669	NA	NA	NA	NA	NA	NA	NA	208.0	false	Features does not contain "sequence"	Features does not contain "sequence"
10	Keywords contains "structure"	Keywords	1	0.03980271206990267	0.016691817780395767	0.46992486514619547	691.0	3209.0	23.72%	46.78%	3900	39.91     	9773	1.04	9	0.0%	0.5944301847597419	1.1722193690663079	NA	NA	NA	NA	NA	NA	NA	782.0	false	Keywords contains "structure"	Keywords contains "structure"
11	Gene ontology (GO) does not contain "binding"	Gene ontology (GO)	0	0.03419253829111496	0.015744735318823873	0.4722091588717876	1438.0	1915.0	49.36%	27.92%	3353	34.31     	9773	1.1	8	4%	1.438840808334841	0.8136525838659779	NA	NA	NA	NA	NA	NA	NA	23158.0	false	Gene ontology (GO) does not contain "binding"	Gene ontology (GO) does not contain "binding"
12	Gene ontology (GO) contains "protein"	Gene ontology (GO)	1	0.029673679029593527	0.014329759638486915	0.47411222488854166	784.0	3226.0	26.91%	47.03%	4010	41.03     	9773	1.1	8	4%	0.6559324311945848	1.1461033276866144	NA	NA	NA	NA	NA	NA	NA	23158.0	false	Gene ontology (GO) contains "protein"	Gene ontology (GO) contains "protein"
13	Keywords contains "ubl"	Keywords	1	0.029492730081554237	0.013269241084356584	0.47364982886288975	196.0	1454.0	6.73%	21.2%	1650	16.88     	9773	1.04	9	0.0%	0.39852864380155834	1.2554061312836824	NA	NA	NA	NA	NA	NA	NA	782.0	false	Keywords contains "ubl"	Keywords contains "ubl"
14	Features contains "mutagenesis"	Features	1	0.028992845692679788	0.011424547116956934	0.4733227893756766	410.0	2156.0	14.07%	31.43%	2566	26.26     	9773	1.04	9	0.0%	0.5360615019242094	1.1970047878855363	NA	NA	NA	NA	NA	NA	NA	208.0	false	Features contains "mutagenesis"	Features contains "mutagenesis"
15	Gene ontology (GO) contains "process"	Gene ontology (GO)	1	0.020391328629827583	0.011361656289089793	0.4755440213222275	518.0	2255.0	17.78%	32.87%	2773	28.37     	9773	1.04	31	4%	0.6267109809923531	1.1585117948060168	NA	NA	NA	NA	NA	NA	NA	19757.0	false	Gene ontology (GO) contains "process"	Gene ontology (GO) contains "process"
16	Gene ontology (GO) contains "rna"	Gene ontology (GO)	1	0.027199258573721182	0.010989466895860058	0.4753296984755328	321.0	1833.0	11.02%	26.72%	2154	22.04     	9773	1.1	8	4%	0.4999732253934194	1.212329153706847	NA	NA	NA	NA	NA	NA	NA	23158.0	false	Gene ontology (GO) contains "rna"	Gene ontology (GO) contains "rna"
17	Gene ontology (GO) contains "cytosol"	Gene ontology (GO)	1	0.03161475015116038	0.00998439542457378	0.47252625402635035	470.0	2399.0	16.13%	34.97%	2869	29.36     	9773	1.04	31	4%	0.5496101238220465	1.191251561123379	NA	NA	NA	NA	NA	NA	NA	19757.0	false	Gene ontology (GO) contains "cytosol"	Gene ontology (GO) contains "cytosol"
18	Gene ontology (GO) contains "[go:0016020]."	Gene ontology (GO)	1	0.016340488639478477	0.009147233243065515	0.47842757780737405	143.0	962.0	4.91%	14.02%	1105	11.31     	9773	1.1	8	4%	0.4341713616445549	1.240270965529069	NA	NA	NA	NA	NA	NA	NA	23158.0	false	Gene ontology (GO) contains "[go:0016020]."	Gene ontology (GO) contains "[go:0016020]."
19	Keywords contains "sensory"	Keywords	0	0.01875741635585663	0.008997855182137974	0.47502191405229693	178.0	54.0	6.11%	0.79%	232	2.37      	9773	1.04	9	0.0%	2.5740645382766907	0.33159620991253647	NA	NA	NA	NA	NA	NA	NA	782.0	false	Keywords contains "sensory"	Keywords contains "sensory"
20	Gene ontology (GO) does not contain "."	Gene ontology (GO)	0	0.022786692535821804	0.008637388954726816	0.4751670260317381	414.0	294.0	14.21%	4.29%	708	7.24      	9773	1.1	24	4%	1.961798949187453	0.5915859564164649	NA	NA	NA	NA	NA	NA	NA	128500.0	false	Gene ontology (GO) does not contain "."	Gene ontology (GO) does not contain "."
21	Tissue specificity contains "heart"	Tissue specificity	1	0.0112804599608291	0.008252852037275304	0.4781874801563885	233.0	1131.0	8%	16.49%	1364	13.96     	4845	1.04	10	47%	0.5730980949993607	1.1812777331292803	NA	NA	NA	NA	NA	NA	NA	8728.0	false	Tissue specificity contains "heart"	Tissue specificity contains "heart"
22	Keywords contains "proteome. secreted"	Keywords	0	0.013783439208813097	0.007648246675194165	0.47817470132257917	352.0	316.0	12.08%	4.61%	668	6.84      	9773	1.1	6	0.0%	1.7678833887323193	0.673929400673871	NA	NA	NA	NA	NA	NA	NA	7881.0	false	Keywords contains "proteome. secreted"	Keywords contains "proteome. secreted"
23	Features contains "initiation"	Features	1	0.01508001746536939	0.007369685025286081	0.47703552386764503	457.0	1923.0	15.69%	28.03%	2380	24.35     	9773	1.04	9	0.0%	0.6442088060764987	1.1510815959036678	NA	NA	NA	NA	NA	NA	NA	208.0	false	Features contains "initiation"	Features contains "initiation"
24	Gene ontology (GO) contains "cellular"	Gene ontology (GO)	1	0.017311889194083007	0.007179785996410022	0.4766319469061797	234.0	1303.0	8.03%	18.99%	1537	15.73     	9773	1.04	31	4%	0.5107747313603949	1.2077424500797624	NA	NA	NA	NA	NA	NA	NA	19757.0	false	Gene ontology (GO) contains "cellular"	Gene ontology (GO) contains "cellular"
25	Gene ontology (GO) contains "nucleus"	Gene ontology (GO)	1	0.022461790976050503	0.007099782365145727	0.4749637469655089	532.0	2352.0	18.26%	34.29%	2884	29.51     	9773	1.04	31	4%	0.6188762127590081	1.1618387160689518	NA	NA	NA	NA	NA	NA	NA	19757.0	false	Gene ontology (GO) contains "nucleus"	Gene ontology (GO) contains "nucleus"
26	Protein names contains "testis"	Protein names	0	0.009834551993546487	0.006916946001558345	0.4779651103433855	109.0	42.0	3.74%	0.61%	151	1.55      	9773	1.04	5	0.0%	2.4217926945435284	0.3962562508447087	NA	NA	NA	NA	NA	NA	NA	16408.0	false	Protein names contains "testis"	Protein names contains "testis"
27	Features contains "(7)."	Features	1	0.014205513256837535	0.006870308577623436	0.47879854971463326	266.0	1322.0	9.13%	19.27%	1588	16.25     	9773	1.1	2	0.0%	0.5619770143567314	1.1860001395304434	NA	NA	NA	NA	NA	NA	NA	247.0	false	Features contains "(7)."	Features contains "(7)."
28	Protein names contains "olfactory"	Protein names	0	0.0227016462134128	0.006248119169384501	0.47415764445157965	133.0	8.0	4.57%	0.12%	141	1.44      	9773	1.04	5	0.0%	3.1646081517676934	0.0808303868659926	NA	NA	NA	NA	NA	NA	NA	16408.0	false	Protein names contains "olfactory"	Protein names contains "olfactory"
29	Features does not contain "3"	Features	0	0.015721071295580123	0.006059378228978655	0.47658610318148714	1663.0	2881.0	57.09%	42%	4544	46.50     	9773	1.04	9	0.0%	1.2278387649100921	0.903251556533076	NA	NA	NA	NA	NA	NA	NA	208.0	false	Features does not contain "3"	Features does not contain "3"
30	Gene ontology (GO) contains "factor"	Gene ontology (GO)	1	0.019263587189180614	0.005703293271288881	0.4774517581983559	290.0	1537.0	9.96%	22.41%	1827	18.69     	9773	1.1	8	4%	0.5325334161585449	1.1985029385904022	NA	NA	NA	NA	NA	NA	NA	23158.0	false	Gene ontology (GO) contains "factor"	Gene ontology (GO) contains "factor"
31	Gene ontology (GO) contains "transcription"	Gene ontology (GO)	1	0.021547015114567095	0.005662510023817663	0.4754811313664013	277.0	1553.0	9.51%	22.64%	1830	18.73     	9773	1.04	31	4%	0.5078273576711895	1.2089940097818987	NA	NA	NA	NA	NA	NA	NA	19757.0	false	Gene ontology (GO) contains "transcription"	Gene ontology (GO) contains "transcription"
32	Features contains "4"	Features	1	0.013704111047085639	0.005631676126659488	0.47725956546451426	921.0	3114.0	31.62%	45.39%	4035	41.29     	9773	1.04	9	0.0%	0.7657790930797336	1.0994585279677458	NA	NA	NA	NA	NA	NA	NA	208.0	false	Features contains "4"	Features contains "4"
33	Gene ontology (GO) contains "to"	Gene ontology (GO)	1	0.01802080531179116	0.005585301329818302	0.4761831681987081	539.0	2246.0	18.5%	32.74%	2785	28.50     	9773	1.04	31	4%	0.6493083379711206	1.148916153278444	NA	NA	NA	NA	NA	NA	NA	19757.0	false	Gene ontology (GO) contains "to"	Gene ontology (GO) contains "to"
34	Keywords does not contain "splicing"	Keywords	0	0.028773080091652383	0.005582324004811255	0.47268128959442773	1695.0	2596.0	58.19%	37.84%	4291	43.91     	9773	1.04	9	0.0%	1.325252408401077	0.8618862586483473	NA	NA	NA	NA	NA	NA	NA	782.0	false	Keywords does not contain "splicing"	Keywords does not contain "splicing"
35	Keywords contains "regulation"	Keywords	1	0.017711459927184797	0.005453382615240599	0.47661064241813555	183.0	1139.0	6.28%	16.6%	1322	13.53     	9773	1.04	9	0.0%	0.4644158664819867	1.2274280730230283	NA	NA	NA	NA	NA	NA	NA	782.0	false	Keywords contains "regulation"	Keywords contains "regulation"
36	Gene ontology (GO) contains "cytoplasm"	Gene ontology (GO)	1	0.01620271036099116	0.005417350242471444	0.4766810993851574	547.0	2213.0	18.78%	32.26%	2760	28.24     	9773	1.04	31	4%	0.6649142773275223	1.1422893163476573	NA	NA	NA	NA	NA	NA	NA	19757.0	false	Gene ontology (GO) contains "cytoplasm"	Gene ontology (GO) contains "cytoplasm"
37	Features contains "(1)"	Features	0	0.01012074319248888	0.005414314817874431	0.479621982025199	1463.0	2621.0	50.22%	38.21%	4084	41.79     	9773	1.1	2	0.0%	1.201838208470052	0.91429231759865	NA	NA	NA	NA	NA	NA	NA	247.0	false	Features contains "(1)"	Features contains "(1)"
38	Tissue specificity contains "expressed."	Tissue specificity	1	0.008613641755973735	0.005365423690955907	0.4804821948396994	59.0	454.0	2.03%	6.62%	513	5.25      	4845	1.1	3	47%	0.3858531594271562	1.2607885927971858	NA	NA	NA	NA	NA	NA	NA	11625.0	false	Tissue specificity contains "expressed."	Tissue specificity contains "expressed."
39	Gene ontology (GO) contains "cycle"	Gene ontology (GO)	1	0.010481957172019081	0.005161033137640135	0.47998525759130173	81.0	586.0	2.78%	8.54%	667	6.82      	9773	1.1	8	4%	0.40742399140285673	1.2516288502978832	NA	NA	NA	NA	NA	NA	NA	23158.0	false	Gene ontology (GO) contains "cycle"	Gene ontology (GO) contains "cycle"
40	Features does not contain "(2)."	Features	0	0.01228044041473144	0.005128955228071685	0.47891618268450814	1152.0	1856.0	39.55%	27.06%	3008	30.78     	9773	1.1	2	0.0%	1.2848784977101912	0.8790304571676696	NA	NA	NA	NA	NA	NA	NA	247.0	false	Features does not contain "(2)."	Features does not contain "(2)."
41	Keywords contains "keratin"	Keywords	0	0.007699665962780627	0.005126100802736598	0.47870993787454663	61.0	12.0	2.09%	0.17%	73	0.75      	9773	1.04	9	0.0%	2.8034601620510795	0.23418666879667718	NA	NA	NA	NA	NA	NA	NA	782.0	false	Keywords contains "keratin"	Keywords contains "keratin"
42	Gene ontology (GO) contains "mitotic"	Gene ontology (GO)	1	0.010512832481080465	0.005076484575047091	0.4786661754420286	51.0	465.0	1.75%	6.78%	516	5.28      	9773	1.04	31	4%	0.3315949352940707	1.2838285646484509	NA	NA	NA	NA	NA	NA	NA	19757.0	false	Gene ontology (GO) contains "mitotic"	Gene ontology (GO) contains "mitotic"
43	Protein names does not contain ""	Protein names	0	0.012857041074594042	0.005035072579232296	0.4790078701249563	1334.0	2231.0	45.79%	32.52%	3565	36.48     	9773	1.11	2	0.0%	1.255404582350531	0.8915461299727265	NA	NA	NA	NA	NA	NA	NA	35464.0	false	Protein names does not contain ""	Protein names does not contain ""
44	Tissue specificity contains "specificity: ubiquitous"	Tissue specificity	1	0.0074962933699280684	0.0049930142204800375	0.4808257906344435	33.0	319.0	1.13%	4.65%	352	3.60      	4845	1.1	13	47%	0.3145275489186406	1.2910759839650148	NA	NA	NA	NA	NA	NA	NA	88507.0	false	Tissue specificity contains "specificity: ubiquitous"	Tissue specificity contains "specificity: ubiquitous"
45	Gene ontology (GO) contains "nuclear"	Gene ontology (GO)	1	0.012930516081506502	0.004876330761515085	0.4779053461538984	122.0	801.0	4.19%	11.68%	923	9.44      	9773	1.04	31	4%	0.4434509032063463	1.2363305421224364	NA	NA	NA	NA	NA	NA	NA	19757.0	false	Gene ontology (GO) contains "nuclear"	Gene ontology (GO) contains "nuclear"
46	Gene ontology (GO) contains "epithelial"	Gene ontology (GO)	1	0.008578498380418194	0.004843970010139329	0.47919528808193446	30.0	329.0	1.03%	4.8%	359	3.67      	9773	1.04	31	4%	0.28035881797761836	1.3055852424535275	NA	NA	NA	NA	NA	NA	NA	19757.0	false	Gene ontology (GO) contains "epithelial"	Gene ontology (GO) contains "epithelial"
47	Keywords contains "nucleus. phosphoprotein"	Keywords	1	0.03397175040536606	0.00484188298799732	0.473986074335323	181.0	1490.0	6.21%	21.72%	1671	17.10     	9773	1.1	6	0.0%	0.36340386262452945	1.270321362707689	NA	NA	NA	NA	NA	NA	NA	7881.0	false	Keywords contains "nucleus. phosphoprotein"	Keywords contains "nucleus. phosphoprotein"
48	Gene ontology (GO) contains "organization"	Gene ontology (GO)	1	0.009730154497115836	0.004814217431376877	0.4786405369310851	168.0	874.0	5.77%	12.74%	1042	10.66     	9773	1.04	31	4%	0.5409149401748599	1.1949438453747279	NA	NA	NA	NA	NA	NA	NA	19757.0	false	Gene ontology (GO) contains "organization"	Gene ontology (GO) contains "organization"
49	Keywords contains "membrane. disulfide"	Keywords	0	0.01695166348881141	0.004670313601964055	0.4770339308846685	261.0	155.0	8.96%	2.26%	416	4.26      	9773	1.1	6	0.0%	2.104915135070902	0.5308137334604172	NA	NA	NA	NA	NA	NA	NA	7881.0	false	Keywords contains "membrane. disulfide"	Keywords contains "membrane. disulfide"
50	Features contains "motif"	Features	1	0.009667909782876684	0.004557948939211127	0.4786200345125552	214.0	1021.0	7.35%	14.88%	1235	12.64     	9773	1.04	9	0.0%	0.5813453859635225	1.1777756400420203	NA	NA	NA	NA	NA	NA	NA	208.0	false	Features contains "motif"	Features contains "motif"
51	Gene ontology (GO) contains "by"	Gene ontology (GO)	1	0.0192684127290111	0.004557814137272747	0.47608703596871776	265.0	1456.0	9.1%	21.22%	1721	17.61     	9773	1.04	31	4%	0.5165976399051079	1.2052698359994785	NA	NA	NA	NA	NA	NA	NA	19757.0	false	Gene ontology (GO) contains "by"	Gene ontology (GO) contains "by"
52	Keywords contains "acetylation. alternative"	Keywords	1	0.0245858343564669	0.0044974516630752965	0.47664750199334516	92.0	940.0	3.16%	13.7%	1032	10.56     	9773	1.1	6	0.0%	0.2990856279122991	1.297633172870477	NA	NA	NA	NA	NA	NA	NA	7881.0	false	Keywords contains "acetylation. alternative"	Keywords contains "acetylation. alternative"
53	Gene ontology (GO) contains "domain"	Gene ontology (GO)	1	0.009332461971950734	0.004389683521713971	0.4789658443884863	43.0	404.0	1.48%	5.89%	447	4.57      	9773	1.04	31	4%	0.32273669449071546	1.2875900887680096	NA	NA	NA	NA	NA	NA	NA	19757.0	false	Gene ontology (GO) contains "domain"	Gene ontology (GO) contains "domain"
54	Gene ontology (GO) contains "0000786"	Gene ontology (GO)	0	0.004984410625527631	0.004367541404954939	0.479607164889127	37.0	6.0	1.27%	0.0875%	43	0.44      	9773	1.04	31	4%	2.8868264955013214	0.19878635839717948	NA	NA	NA	NA	NA	NA	NA	19757.0	false	Gene ontology (GO) contains "0000786"	Gene ontology (GO) contains "0000786"
55	Protein names contains "homolog"	Protein names	1	0.006461537140334143	0.0042984074944978174	0.47950487358263244	128.0	642.0	4.39%	9.36%	770	7.88      	9773	1.04	5	0.0%	0.5577077231042216	1.187813032448601	NA	NA	NA	NA	NA	NA	NA	16408.0	false	Protein names contains "homolog"	Protein names contains "homolog"
56	Gene ontology (GO) contains "beta"	Gene ontology (GO)	1	0.00819783780090486	0.004236458322502757	0.4791342532607386	78.0	517.0	2.68%	7.54%	595	6.09      	9773	1.04	31	4%	0.43980995075682183	1.2378766200357696	NA	NA	NA	NA	NA	NA	NA	19757.0	false	Gene ontology (GO) contains "beta"	Gene ontology (GO) contains "beta"
57	Gene ontology (GO) contains "apoptotic"	Gene ontology (GO)	1	0.01512130793116907	0.004227702647512148	0.4773443261094174	135.0	903.0	4.63%	13.16%	1038	10.62     	9773	1.04	31	4%	0.43633879618770943	1.2393505957296214	NA	NA	NA	NA	NA	NA	NA	19757.0	false	Gene ontology (GO) contains "apoptotic"	Gene ontology (GO) contains "apoptotic"
58	Keywords contains "erv"	Keywords	0	0.006321925744107848	0.004193879493850668	0.4794109012029856	31.0	0.0	1.06%	0.0%	31	0.32      	9773	1.04	9	0.0%	3.3549605217988328	0.0	NA	NA	NA	NA	NA	NA	NA	782.0	false	Keywords contains "erv"	Keywords contains "erv"
59	Features contains "6"	Features	1	0.01109862481565859	0.004184666725168586	0.4781164085506901	477.0	1847.0	16.37%	26.92%	2324	23.78     	9773	1.04	9	0.0%	0.688604203484528	1.1322297310859433	NA	NA	NA	NA	NA	NA	NA	208.0	false	Features contains "6"	Features contains "6"
60	Features contains "5"	Features	1	0.01266451341616922	0.0041670466724233555	0.47763915852456296	612.0	2274.0	21.01%	33.15%	2886	29.53     	9773	1.04	9	0.0%	0.7114469297785467	1.122529897019693	NA	NA	NA	NA	NA	NA	NA	208.0	false	Features contains "5"	Features contains "5"
61	Keywords contains "structure. acetylation"	Keywords	1	0.023858250507829727	0.004147305451696236	0.4768211014960397	91.0	921.0	3.12%	13.43%	1012	10.36     	9773	1.1	6	0.0%	0.301681232691397	1.2965309867594694	NA	NA	NA	NA	NA	NA	NA	7881.0	false	Keywords contains "structure. acetylation"	Keywords contains "structure. acetylation"
62	Features contains "bond (1"	Features	0	0.014945734194714615	0.004129862342402517	0.47775694473079594	315.0	247.0	10.81%	3.6%	562	5.75      	9773	1.1	8	0.0%	1.8804494027876022	0.62612986730025	NA	NA	NA	NA	NA	NA	NA	1821.0	false	Features contains "bond (1"	Features contains "bond (1"
63	Protein names contains "1"	Protein names	1	0.00891530652706919	0.004073223679989968	0.4786402467274666	929.0	2946.0	31.89%	42.94%	3875	39.65     	9773	1.04	5	0.0%	0.8043247289680299	1.0830906799586193	NA	NA	NA	NA	NA	NA	NA	16408.0	false	Protein names contains "1"	Protein names contains "1"
64	Keywords contains "protein"	Keywords	1	0.011293852523880698	0.004001171525328795	0.4795021058334972	379.0	1574.0	13.01%	22.94%	1953	19.98     	9773	1.1	2	0.0%	0.6510650474970597	1.1481701919301845	NA	NA	NA	NA	NA	NA	NA	880.0	false	Keywords contains "protein"	Keywords contains "protein"
65	Gene ontology (GO) contains "dependent"	Gene ontology (GO)	1	0.011082499282879516	0.003937800022584638	0.4783235765774989	146.0	838.0	5.01%	12.22%	984	10.07     	9773	1.04	31	4%	0.49778885790917643	1.21325671383536	NA	NA	NA	NA	NA	NA	NA	19757.0	false	Gene ontology (GO) contains "dependent"	Gene ontology (GO) contains "dependent"
66	Gene ontology (GO) contains "intracellular"	Gene ontology (GO)	1	0.007739962966983499	0.003901716490359836	0.47916116434947037	152.0	761.0	5.22%	11.09%	913	9.34      	9773	1.04	31	4%	0.5585476443739569	1.1874563720027207	NA	NA	NA	NA	NA	NA	NA	19757.0	false	Gene ontology (GO) contains "intracellular"	Gene ontology (GO) contains "intracellular"
67	Keywords contains "binding"	Keywords	1	0.024006650152238306	0.0038358993929440296	0.4743778642775431	745.0	2978.0	25.58%	43.41%	3723	38.09     	9773	1.04	9	0.0%	0.6713525621112357	1.1395553916282757	NA	NA	NA	NA	NA	NA	NA	782.0	false	Keywords contains "binding"	Keywords contains "binding"
68	Gene ontology (GO) contains "reticulum"	Gene ontology (GO)	1	0.007228706443109881	0.0038138198364838995	0.47926452116856716	198.0	891.0	6.8%	12.99%	1089	11.14     	9773	1.04	31	4%	0.6099928221452423	1.1656109196925526	NA	NA	NA	NA	NA	NA	NA	19757.0	false	Gene ontology (GO) contains "reticulum"	Gene ontology (GO) contains "reticulum"
69	Gene ontology (GO) contains "kinase"	Gene ontology (GO)	1	0.013141136922948762	0.0037800021790017186	0.477768112229055	176.0	997.0	6.04%	14.53%	1173	12.00     	9773	1.04	31	4%	0.5033870859647013	1.2108795070823362	NA	NA	NA	NA	NA	NA	NA	19757.0	false	Gene ontology (GO) contains "kinase"	Gene ontology (GO) contains "kinase"
70	Features contains "glycosylation (1"	Features	0	0.010852103796132972	0.0037763611257677215	0.47914286542942	325.0	319.0	11.16%	4.65%	644	6.59      	9773	1.1	8	0.0%	1.6931089589823303	0.7056812831610019	NA	NA	NA	NA	NA	NA	NA	1821.0	false	Features contains "glycosylation (1"	Features contains "glycosylation (1"
71	Gene ontology (GO) contains "protein"	Gene ontology (GO)	1	0.014861798800927356	0.0037578788018155086	0.4768879719456407	1061.0	3500.0	36.42%	51.02%	4561	46.67     	9773	1.04	31	4%	0.7804457604973826	1.0932305393106596	NA	NA	NA	NA	NA	NA	NA	19757.0	false	Gene ontology (GO) contains "protein"	Gene ontology (GO) contains "protein"
72	Gene ontology (GO) contains "from"	Gene ontology (GO)	1	0.00767484708315906	0.0037519941302357786	0.47938951796590573	31.0	314.0	1.06%	4.58%	345	3.53      	9773	1.04	31	4%	0.3014602207993154	1.2966248362699118	NA	NA	NA	NA	NA	NA	NA	19757.0	false	Gene ontology (GO) contains "from"	Gene ontology (GO) contains "from"
73	Gene ontology (GO) contains "morphogenesis"	Gene ontology (GO)	1	0.009511489360458305	0.003712455526641612	0.4787848524799334	96.0	618.0	3.3%	9.01%	714	7.31      	9773	1.04	31	4%	0.45108712898135567	1.2330879290491708	NA	NA	NA	NA	NA	NA	NA	19757.0	false	Gene ontology (GO) contains "morphogenesis"	Gene ontology (GO) contains "morphogenesis"
74	Gene ontology (GO) contains "specific"	Gene ontology (GO)	1	0.011943827991888707	0.0037004099189091957	0.47806161254014334	184.0	991.0	6.32%	14.45%	1175	12.02     	9773	1.04	31	4%	0.5253725412859449	1.2015437007629801	NA	NA	NA	NA	NA	NA	NA	19757.0	false	Gene ontology (GO) contains "specific"	Gene ontology (GO) contains "specific"
75	Compositional bias contains "polar"	Compositional bias	1	0.012473251077742765	0.003694067670450388	0.4776944666033556	606.0	2251.0	20.8%	32.81%	2857	29.23     	3970	1.04	58	58%	0.7116227078089229	1.122455255415832	NA	NA	NA	NA	NA	NA	NA	2800.0	false	Compositional bias contains "polar"	Compositional bias contains "polar"
76	Gene ontology (GO) contains "complex"	Gene ontology (GO)	1	0.013148155194958721	0.003692518974651559	0.4789290256964896	540.0	2094.0	18.54%	30.52%	2634	26.95     	9773	1.1	8	4%	0.6878051183642254	1.1325690510502933	NA	NA	NA	NA	NA	NA	NA	23158.0	false	Gene ontology (GO) contains "complex"	Gene ontology (GO) contains "complex"
77	Protein names contains "(ec"	Protein names	1	0.009332072078027139	0.003630162970786553	0.48000517393890335	479.0	1787.0	16.44%	26.05%	2266	23.19     	9773	1.1	2	0.0%	0.7091906839989589	1.1234879792290136	NA	NA	NA	NA	NA	NA	NA	29680.0	false	Protein names contains "(ec"	Protein names contains "(ec"
78	Keywords contains "cytoplasm"	Keywords	1	0.017061045884914867	0.003616691955369001	0.47643749169301547	559.0	2273.0	19.19%	33.13%	2832	28.98     	9773	1.04	9	0.0%	0.6622256114708854	1.143431019502232	NA	NA	NA	NA	NA	NA	NA	782.0	false	Keywords contains "cytoplasm"	Keywords contains "cytoplasm"
79	Keywords contains "signal"	Keywords	0	0.012281937708022512	0.003555538055041623	0.47867442766896323	344.0	326.0	11.81%	4.75%	670	6.86      	9773	1.1	2	0.0%	1.722546894774326	0.6931808885601148	NA	NA	NA	NA	NA	NA	NA	880.0	false	Keywords contains "signal"	Keywords contains "signal"
80	Keywords contains "acetylation"	Keywords	1	0.03584637944305193	0.0034042205749164685	0.4719773876636534	222.0	1681.0	7.62%	24.5%	1903	19.47     	9773	1.04	9	0.0%	0.39138267779261215	1.2584405626224666	NA	NA	NA	NA	NA	NA	NA	782.0	false	Keywords contains "acetylation"	Keywords contains "acetylation"
81	Gene ontology (GO) contains "mitochondrion"	Gene ontology (GO)	1	0.00561267704067144	0.0033863359346906624	0.47972013524032564	130.0	621.0	4.46%	9.05%	751	7.68      	9773	1.04	31	4%	0.5807521542394783	1.1780275473324198	NA	NA	NA	NA	NA	NA	NA	19757.0	false	Gene ontology (GO) contains "mitochondrion"	Gene ontology (GO) contains "mitochondrion"
82	Gene ontology (GO) contains "cytoplasmic"	Gene ontology (GO)	1	0.007307347103059957	0.003353689037786763	0.4793644726752153	69.0	460.0	2.37%	6.71%	529	5.41      	9773	1.04	31	4%	0.4376035463215869	1.2388135378374954	NA	NA	NA	NA	NA	NA	NA	19757.0	false	Gene ontology (GO) contains "cytoplasmic"	Gene ontology (GO) contains "cytoplasmic"
83	Gene ontology (GO) contains "adhesion"	Gene ontology (GO)	1	0.0063459265695827655	0.003342338125992669	0.47953002704825254	134.0	658.0	4.6%	9.59%	792	8.10      	9773	1.04	31	4%	0.5676322094962672	1.183598742527314	NA	NA	NA	NA	NA	NA	NA	19757.0	false	Gene ontology (GO) contains "adhesion"	Gene ontology (GO) contains "adhesion"
84	Gene ontology (GO) contains "maintenance"	Gene ontology (GO)	1	0.00655158794865613	0.0032987059467297687	0.4796121763446637	39.0	323.0	1.34%	4.71%	362	3.70      	9773	1.04	31	4%	0.3614460230667251	1.2711527310213746	NA	NA	NA	NA	NA	NA	NA	19757.0	false	Gene ontology (GO) contains "maintenance"	Gene ontology (GO) contains "maintenance"
85	Tissue specificity contains "specificity: testis"	Tissue specificity	0	0.007137916160470433	0.0032947517969288236	0.48026832982388035	69.0	21.0	2.37%	0.31%	90	0.92      	4845	1.1	13	47%	2.572136400045772	0.3324149659863946	NA	NA	NA	NA	NA	NA	NA	88507.0	false	Tissue specificity contains "specificity: testis"	Tissue specificity contains "specificity: testis"
86	Gene ontology (GO) contains "golgi"	Gene ontology (GO)	1	0.006403424812718064	0.0031731283660662163	0.4794907505974594	176.0	794.0	6.04%	11.57%	970	9.93      	9773	1.04	31	4%	0.60873510498618	1.1661449911334196	NA	NA	NA	NA	NA	NA	NA	19757.0	false	Gene ontology (GO) contains "golgi"	Gene ontology (GO) contains "golgi"
87	Gene ontology (GO) contains "growth"	Gene ontology (GO)	1	0.010505694541914301	0.003136744343854156	0.478489898081558	129.0	763.0	4.43%	11.12%	892	9.13      	9773	1.04	31	4%	0.4851904790493828	1.2186064336048321	NA	NA	NA	NA	NA	NA	NA	19757.0	false	Gene ontology (GO) contains "growth"	Gene ontology (GO) contains "growth"
88	Keywords contains "nucleus"	Keywords	1	0.027425878787924893	0.003063124741087732	0.47363582480710087	496.0	2376.0	17.03%	34.64%	2872	29.39     	9773	1.04	9	0.0%	0.5794082238204112	1.1785982279899625	NA	NA	NA	NA	NA	NA	NA	782.0	false	Keywords contains "nucleus"	Keywords contains "nucleus"
89	Protein names contains "sperm"	Protein names	0	0.004052552554342459	0.003023699810940579	0.4798857154199062	37.0	10.0	1.27%	0.15%	47	0.48      	9773	1.04	5	0.0%	2.64113913418206	0.30311395074747227	NA	NA	NA	NA	NA	NA	NA	16408.0	false	Protein names contains "sperm"	Protein names contains "sperm"
90	Keywords contains "interaction"	Keywords	1	0.006821496882495237	0.003019745960589212	0.4795795971846264	31.0	295.0	1.06%	4.3%	326	3.34      	9773	1.04	9	0.0%	0.3190299882692142	1.289164088071688	NA	NA	NA	NA	NA	NA	NA	782.0	false	Keywords contains "interaction"	Keywords contains "interaction"
91	Keywords contains "disulfide"	Keywords	0	0.012779862379068078	0.003006951614854319	0.4772601234666318	718.0	966.0	24.65%	14.08%	1684	17.23     	9773	1.04	9	0.0%	1.4304404125009276	0.817219690726647	NA	NA	NA	NA	NA	NA	NA	782.0	false	Keywords contains "disulfide"	Keywords contains "disulfide"
92	Protein names contains "pseudogene"	Protein names	0	0.003666025651176271	0.0029809516228102594	0.4801706676852245	18.0	0.0	0.62%	0.0%	18	0.18      	9773	1.04	5	0.0%	3.3549605217988328	0.0	NA	NA	NA	NA	NA	NA	NA	16408.0	false	Protein names contains "pseudogene"	Protein names contains "pseudogene"
93	Gene ontology (GO) contains "signal"	Gene ontology (GO)	1	0.00853359700034396	0.0029809400309237974	0.47892947490711535	191.0	912.0	6.56%	13.29%	1103	11.29     	9773	1.04	31	4%	0.5809587122969874	1.1779398354342385	NA	NA	NA	NA	NA	NA	NA	19757.0	false	Gene ontology (GO) contains "signal"	Gene ontology (GO) contains "signal"
94	Gene ontology (GO) contains "positive"	Gene ontology (GO)	1	0.02246003505845809	0.002977576538759224	0.4749183892604329	592.0	2521.0	20.32%	36.75%	3113	31.85     	9773	1.04	31	4%	0.6380136938338931	1.153712260912809	NA	NA	NA	NA	NA	NA	NA	19757.0	false	Gene ontology (GO) contains "positive"	Gene ontology (GO) contains "positive"
95	Features contains "signal"	Features	0	0.010438493391657998	0.002951815009486982	0.47799834507319316	690.0	974.0	23.69%	14.2%	1664	17.03     	9773	1.04	9	0.0%	1.3911795432939873	0.8338912522426554	NA	NA	NA	NA	NA	NA	NA	208.0	false	Features contains "signal"	Features contains "signal"
96	Features does not contain "region"	Features	0	0.013870465817796175	0.0029333805354102896	0.47705175456966986	1265.0	2047.0	43.43%	29.84%	3312	33.89     	9773	1.04	9	0.0%	1.2814085326314986	0.8805039277615809	NA	NA	NA	NA	NA	NA	NA	208.0	false	Features does not contain "region"	Features does not contain "region"
97	Gene ontology (GO) contains "stress"	Gene ontology (GO)	1	0.007138374474946339	0.0028985826039710123	0.47943809547443467	53.0	394.0	1.82%	5.74%	447	4.57      	9773	1.04	31	4%	0.3977917397211144	1.2557190469668214	NA	NA	NA	NA	NA	NA	NA	19757.0	false	Gene ontology (GO) contains "stress"	Gene ontology (GO) contains "stress"
98	Gene ontology (GO) contains "negative"	Gene ontology (GO)	1	0.02130988670583022	0.0028848146335064663	0.475332785989512	467.0	2133.0	16.03%	31.09%	2600	26.60     	9773	1.04	31	4%	0.6026025244923289	1.1687491029378785	NA	NA	NA	NA	NA	NA	NA	19757.0	false	Gene ontology (GO) contains "negative"	Gene ontology (GO) contains "negative"
99	numberOfChars(Gene ontology (GO)) < 316	Gene ontology (GO)	0	0.05642150727310821	0.027961851031666835	0.491794663139773	1669.0	2009.0	57.29%	29.29%	3678	37.63     	9773	2.0	0	NA	1.5224113950196443	0.7781655402781015	0.0	218.0	430.0	796.0	11623.0	647.0	774.0	NA	false	numberOfChars(Gene ontology (GO))	numberOfChars(Gene ontology (GO)) < 316
100	numberOfWords(Features) < 21	Features	0	0.058570311771336675	0.020757530957272903	0.4826899679133817	1894.0	2473.0	65.02%	36.05%	4367	44.68     	9773	2.0	7	NA	1.455071039223034	0.8067606505456709	2.0	15.0	22.0	29.0	63.0	23.0	10.0	NA	false	numberOfWords(Features)	numberOfWords(Features) < 21
101	elementCount(Sequence) for E < 10.5	Sequence	0	0.04090607612510287	0.017259403614883227	0.579032052350573	822.0	679.0	28.22%	9.9%	1501	15.36     	9773	2.0	80	0.0%	1.8372935036100204	0.6444553970822173	0.0	15.0	29.0	51.0	3193.0	42.0	57.0	NA	false	elementCount(Sequence) for E	elementCount(Sequence) for E < 10.5
102	elementCount(Sequence) for K < 15.5	Sequence	0	0.0420520360406506	0.01383995360811738	0.5788350863726647	1451.0	1795.0	49.81%	26.17%	3246	33.21     	9773	2.0	80	0.0%	1.4997066288139576	0.7878067915838107	0.0	12.0	23.0	42.0	2943.0	34.0	48.0	NA	false	elementCount(Sequence) for K	elementCount(Sequence) for K < 15.5
103	slidingSubsets(Features) contains ("1", "residue")	Features	1	0.026393635605453075	0.010290328072915026	0.4964593706782705	687.0	2886.0	23.58%	42.07%	3573	36.56     	9773	2.0	1166	0.0%	0.645076372369381	1.150713196397667	NA	NA	NA	NA	NA	NA	NA	37833.0	false	slidingSubsets(Features) contains ("1", "residue")	slidingSubsets(Features) contains ("1", "residue")
104	stemmedWordsWithoutCommonTerms(Features) contains "initi"	Features	1	0.026166352340568508	0.008696948770391674	0.49661540480748717	587.0	2605.0	20.15%	37.97%	3192	32.66     	9773	2.0	9	0.0%	0.6169679906942089	1.162649015030287	NA	NA	NA	NA	NA	NA	NA	204.0	false	stemmedWordsWithoutCommonTerms(Features) contains "initi"	stemmedWordsWithoutCommonTerms(Features) contains "initi"
105	elementCount(Sequence) for D < 13.5	Sequence	0	0.03915217858782129	0.008677469964614758	0.5775068973401593	1449.0	1843.0	49.74%	26.87%	3292	33.68     	9773	2.0	80	1%	1.4767125747528884	0.7975708848024543	0.0	11.0	20.0	34.0	1720.0	28.0	34.0	NA	false	elementCount(Sequence) for D	elementCount(Sequence) for D < 13.5
106	numberOfChars(Keywords) < 101	Keywords	0	0.03639836650139443	0.008324586339847197	0.4891723055580428	1059.0	1138.0	36.35%	16.59%	2197	22.48     	9773	2.0	0	NA	1.6171612164701703	0.737931395979941	18.0	106.0	157.0	208.0	636.0	163.0	79.0	NA	false	numberOfChars(Keywords)	numberOfChars(Keywords) < 101
107	sentimentDistribution(Features) for -1 >= 1.5	Features	1	0.03194279352750685	0.007825829571067736	0.5688177617732414	815.0	3361.0	27.98%	48.99%	4176	42.73     	9773	2.0	28	22%	0.6547636075828661	1.1465996517654682	0.0	1.0	2.0	2.0	5.0	1.8	0.9	NA	false	sentimentDistribution(Features) for -1	sentimentDistribution(Features) for -1 >= 1.5
108	numericPairs(Gene ontology (GO)) for (nucleus) >= 5634.5	Gene ontology (GO)	1	0.029761631470468484	0.007357733366324165	0.5834703459605032	333.0	1930.0	11.43%	28.15%	2264	23.17     	9773	2.0	537	71%	0.49346371632465247	1.2150933227910041	0.0	5654.0	5654.0	5783.0	1990752.0	26464.0	176419.0	NA	false	numericPairs(Gene ontology (GO)) for (nucleus)	numericPairs(Gene ontology (GO)) for (nucleus) >= 5634.5
109	The percent of I in (Sequence) notInRange (1.6 to 7.91)	Sequence	0	0.016033380202213014	0.00711111732664402	0.6684755401029757	544.0	586.0	18.67%	8.54%	1130	11.56     	9773	2.0	79	1%	1.615131437042978	0.7387933125209629	0.0	3.0	4.0	6.0	17.0	4.0	2.0	NA	false	|normalizedHistogram(Sequence).valueOf(I) orIfMissing 0.0 - 4.75|	The percent of I in (Sequence) notInRange (1.6 to 7.91)
110	latLongs(Features) == (LatLong(39.87, -106.69), LatLong(13.6, -1.48), LatLong(44.36, -86.21))	Features	0	0.02036177965854567	0.006902258167580014	0.49722807623679277	215.0	79.0	7.38%	1.15%	294	3.01      	9773	2.1	1913	0.0%	2.4534575244447248	0.38281023779774304	NA	NA	NA	NA	NA	NA	NA	688.0	false	latLongs(Features) == (LatLong(39.87, -106.69), LatLong(13.6, -1.48), LatLong(44.36, -86.21))	latLongs(Features) == (LatLong(39.87, -106.69), LatLong(13.6, -1.48), LatLong(44.36, -86.21))
111	numberIn(Gene ontology (GO)) inRange (16,020.5 to 16,222)	Gene ontology (GO)	0	0.01652866877698894	0.006149627034017256	0.5851070129316627	362.0	294.0	12.43%	4.29%	656	6.71      	9773	2.0	0	4%	1.8513654098950878	0.6384799651567945	-5.0	5694.0	5813.0	16021.0	2000042.0	23147.0	137826.0	NA	false	|numberIn(Gene ontology (GO)) - 16,121.25|	numberIn(Gene ontology (GO)) inRange (16,020.5 to 16,222)
112	sentimentDistribution(Gene ontology (GO)) for -1 >= 1.5	Gene ontology (GO)	1	0.029224828196728267	0.00609656173522852	0.5764845489844336	443.0	2262.0	15.21%	32.97%	2705	27.68     	9773	2.0	223	51%	0.5494445512594762	1.1913218691226162	0.0	1.0	2.0	3.0	43.0	3.0	3.0	NA	false	sentimentDistribution(Gene ontology (GO)) for -1	sentimentDistribution(Gene ontology (GO)) for -1 >= 1.5
113	slidingSubsets(Features) contains ("chain", "1", "disulfide")	Features	0	0.018658759930815647	0.0059718067672942235	0.4980502750511423	534.0	526.0	18.33%	7.67%	1060	10.85     	9773	2.0	1166	0.0%	1.690140489283563	0.7069418009791518	NA	NA	NA	NA	NA	NA	NA	37833.0	false	slidingSubsets(Features) contains ("chain", "1", "disulfide")	slidingSubsets(Features) contains ("chain", "1", "disulfide")
114	stemmedWords(Tissue specificity) contains "ubiquit"	Tissue specificity	1	0.013311306699728362	0.005834905291911918	0.500871544433081	70.0	608.0	2.4%	8.86%	678	6.94      	4845	2.0	10	47%	0.3463823547579916	1.2775493003775469	NA	NA	NA	NA	NA	NA	NA	8265.0	false	stemmedWords(Tissue specificity) contains "ubiquit"	stemmedWords(Tissue specificity) contains "ubiquit"
115	The percent of M in (Sequence) notInRange (1.19 to 4.12)	Sequence	0	0.011819075126386885	0.005500573350146882	0.6718285396883913	736.0	1025.0	25.27%	14.94%	1761	18.02     	9773	2.0	79	0.0%	1.4021867938920731	0.8292171821271708	0.0	2.0	2.0	3.0	14.0	2.0	1.0	NA	false	|normalizedHistogram(Sequence).valueOf(M) orIfMissing 0.0 - 2.65|	The percent of M in (Sequence) notInRange (1.19 to 4.12)
116	elementCount(Sequence) for I < 6.5	Sequence	0	0.025273693787547562	0.005466423721843264	0.5808995361071468	731.0	745.0	25.09%	10.86%	1476	15.10     	9773	2.0	80	1%	1.6615692015141916	0.7190741860042509	0.0	10.0	19.0	32.0	2062.0	26.0	35.0	NA	false	elementCount(Sequence) for I	elementCount(Sequence) for I < 6.5
117	The percent of L in (Sequence) >= 12.156	Sequence	0	0.014075788150212954	0.005228859364089852	0.5803487270261588	880.0	1245.0	30.21%	18.15%	2125	21.74     	9773	2.0	79	0.0%	1.3893483572625756	0.8346688389641572	0.0	8.0	10.0	12.0	26.0	10.0	3.0	NA	false	The percent of L in (Sequence)	The percent of L in (Sequence) >= 12.156
118	alphaStringBeforeNumber(Keywords) == "Cell"	Keywords	0	0.018340246949633696	0.00512663400212971	0.4979830260073231	299.0	189.0	10.26%	2.76%	488	4.99      	9773	2.0	0	46%	2.05560081151199	0.551754349280696	NA	NA	NA	NA	NA	NA	NA	128.0	false	alphaStringBeforeNumber(Keywords) == "Cell"	alphaStringBeforeNumber(Keywords) == "Cell"
119	The percent of W in (Sequence) notInRange (0.0328 to 1.66)	Sequence	0	0.013771102787395238	0.005083837088948814	0.6711942796224042	1276.0	2074.0	43.8%	30.23%	3350	34.28     	9773	2.0	79	6%	1.2778894405418837	0.8819982594317045	0.0	0.7	1.2	1.8	23.3	1.4	0.9	NA	false	|normalizedHistogram(Sequence).valueOf(W) orIfMissing 0.0 - 0.85|	The percent of W in (Sequence) notInRange (0.0328 to 1.66)
120	numericPairs(Features) for (chain) < 1.5	Features	0	0.02374353886855333	0.0047629729397114995	0.5807624939815753	1779.0	2918.0	61.07%	42.54%	4697	48.06     	9773	2.0	250	0.0%	1.2706993332510375	0.8850514347288233	0.0	1.0	2.0	4.0	187.0	4.0	8.0	NA	false	numericPairs(Features) for (chain)	numericPairs(Features) for (chain) < 1.5
121	alphaStringBeforeNumber(Features) == "Chain"	Features	0	0.025576736338158507	0.004358649117339338	0.49602070703701934	1087.0	1384.0	37.32%	20.17%	2471	25.28     	9773	2.0	1	4%	1.4758567734501544	0.797934288475175	NA	NA	NA	NA	NA	NA	NA	11.0	false	alphaStringBeforeNumber(Features) == "Chain"	alphaStringBeforeNumber(Features) == "Chain"
122	numericPairs(Features) for (region, sequence) >= 1.5	Features	1	0.01897674375177251	0.004256453708526495	0.5774045925641661	420.0	1930.0	14.42%	28.13%	2350	24.05     	9773	2.0	250	63%	0.5996099655980893	1.170019849885243	0.0	1.0	2.0	4.0	27.0	3.0	3.0	NA	false	numericPairs(Features) for (region, sequence)	numericPairs(Features) for (region, sequence) >= 1.5
123	alphaStringBeforeNumber(Features) == ""	Features	0	0.014879528042865835	0.00425420388845267	0.4991738292972224	246.0	156.0	8.44%	2.27%	402	4.11      	9773	2.0	1	4%	2.0530355431903304	0.5528436534528524	NA	NA	NA	NA	NA	NA	NA	11.0	false	alphaStringBeforeNumber(Features) == ""	alphaStringBeforeNumber(Features) == ""
124	slidingSubsets(Keywords) contains ("binding", "phosphoprotein")	Keywords	1	0.030519763956237518	0.004086170479066881	0.4961585420457992	179.0	1412.0	6.14%	20.58%	1591	16.28     	9773	2.0	151	0.0%	0.3774594176002458	1.2643528741298082	NA	NA	NA	NA	NA	NA	NA	91288.0	false	slidingSubsets(Keywords) contains ("binding", "phosphoprotein")	slidingSubsets(Keywords) contains ("binding", "phosphoprotein")
125	sentimentDistribution(Features) for 0.0 < 16.5	Features	0	0.057989258181153656	0.004057254985283229	0.559867874891065	1674.0	1995.0	57.47%	29.08%	3669	37.54     	9773	2.0	28	0.0%	1.5307178832082982	0.774638309943765	2.0	14.0	20.0	26.0	59.0	20.0	9.0	NA	false	sentimentDistribution(Features) for 0.0	sentimentDistribution(Features) for 0.0 < 16.5
126	slidingSubsets(Features) contains ("1", "glycosylation", "natural")	Features	0	0.0154433950248742	0.003934924077527495	0.4989893018772116	267.0	177.0	9.17%	2.58%	444	4.54      	9773	2.0	1166	0.0%	2.017510043514163	0.5679290442045544	NA	NA	NA	NA	NA	NA	NA	37833.0	false	slidingSubsets(Features) contains ("1", "glycosylation", "natural")	slidingSubsets(Features) contains ("1", "glycosylation", "natural")
127	elementCount(Sequence) for N < 13.5	Sequence	0	0.02929971192344047	0.0038520769363143727	0.5784446927085686	1770.0	2757.0	60.76%	40.19%	4527	46.32     	9773	2.0	80	1%	1.3117473213129962	0.8676209989818138	0.0	8.0	15.0	26.0	1111.0	22.0	27.0	NA	false	elementCount(Sequence) for N	elementCount(Sequence) for N < 13.5
128	numericPairs(Features) for (helix, initiation) >= 0.5	Features	1	0.01376290208638217	0.003741617713513238	0.5813502570954323	49.0	531.0	1.72%	7.74%	581	5.94      	9773	2.0	250	94%	0.2887229364714979	1.302033540241768	0.0	1.0	1.0	2.0	12.0	1.0	1.0	NA	false	numericPairs(Features) for (helix, initiation)	numericPairs(Features) for (helix, initiation) >= 0.5
129	stemmedWords(Gene ontology (GO)) contains "cytoplasm"	Gene ontology (GO)	1	0.01962399951288887	0.0036007783769276165	0.4985216178947114	588.0	2430.0	20.19%	35.42%	3018	30.88     	9773	2.0	21	4%	0.6536503601118998	1.1470723762381976	NA	NA	NA	NA	NA	NA	NA	19437.0	false	stemmedWords(Gene ontology (GO)) contains "cytoplasm"	stemmedWords(Gene ontology (GO)) contains "cytoplasm"
130	sentimentDistribution(Keywords) == ((0.0, 4.0))	Keywords	0	0.012765821680046627	0.003574425006857642	0.4998701084323938	162.0	76.0	5.56%	1.11%	238	2.44      	9773	2.1	22	0.0%	2.2836285904681133	0.4549256437268785	NA	NA	NA	NA	NA	NA	NA	215.0	false	sentimentDistribution(Keywords) == ((0.0, 4.0))	sentimentDistribution(Keywords) == ((0.0, 4.0))
131	textSentimentScore(Gene ontology (GO)) < -0.001	Gene ontology (GO)	1	0.012508039430935751	0.0035624516546913136	0.5023571171252103	552.0	2105.0	18.95%	30.69%	2657	27.19     	9773	2.0	96	0.0%	0.6970034655750681	1.128663105653036	-9.223372036854777E-11	-9.223372036854777E-11	0.0	9.223372036854777E-11	9.223372036854777E-11	9.223372036854777E-11	9.223372036854777E-11	NA	false	textSentimentScore(Gene ontology (GO))	textSentimentScore(Gene ontology (GO)) < -0.001
132	elementCount(Sequence) for V < 10.5	Sequence	0	0.02046330693649072	0.0035432521044391377	0.5808235496547555	688.0	752.0	23.62%	10.96%	1440	14.73     	9773	2.0	80	0.0%	1.6029255826372202	0.7439763524457403	0.0	15.0	26.0	42.0	3184.0	35.0	47.0	NA	false	elementCount(Sequence) for V	elementCount(Sequence) for V < 10.5
133	slidingSubsets(Gene ontology (GO)) contains ("of", "signaling")	Gene ontology (GO)	1	0.011346604200452174	0.0035160951509212476	0.5012960676431734	89.0	638.0	3.06%	9.3%	727	7.44      	9773	2.0	755	4%	0.41071731284745	1.250230388873962	NA	NA	NA	NA	NA	NA	NA	832504.0	false	slidingSubsets(Gene ontology (GO)) contains ("of", "signaling")	slidingSubsets(Gene ontology (GO)) contains ("of", "signaling")
134	isEmpty(latLongs(Protein names))	Protein names	0	0.010116772438943301	0.00344321005105404	0.5010932565245936	1049.0	1711.0	36.01%	24.94%	2760	28.24     	9773	2.1	1771	28%	1.2751281113648463	0.8831708180166477	NA	NA	NA	NA	NA	NA	NA	2636.0	false	isEmpty(latLongs(Protein names))	isEmpty(latLongs(Protein names))
135	slidingSubsets(Features) contains ("sequence", "turn")	Features	1	0.019641264333794723	0.0034330671112404983	0.4990809671808178	136.0	1013.0	4.67%	14.77%	1149	11.76     	9773	2.0	1166	0.0%	0.3971058581067374	1.2560102966960751	NA	NA	NA	NA	NA	NA	NA	37833.0	false	slidingSubsets(Features) contains ("sequence", "turn")	slidingSubsets(Features) contains ("sequence", "turn")
136	elementCount(Sequence) for A < 21.5	Sequence	0	0.025782911661719657	0.0033936520347214293	0.5787977793117507	1350.0	1910.0	46.34%	27.84%	3260	33.36     	9773	2.0	80	0.0%	1.3893241424627067	0.8346791214294658	0.0	18.0	30.0	50.0	2084.0	41.0	44.0	NA	false	elementCount(Sequence) for A	elementCount(Sequence) for A < 21.5
137	numericPairs(Gene ontology (GO)) for (nucleolus) >= 5738.0	Gene ontology (GO)	1	0.007593918340845944	0.00331314937999125	0.583646068914532	22.0	270.0	0.76%	3.94%	292	2.99      	9773	2.0	537	96%	0.2527709982177195	1.3173000119813096	0.0	5730.0	5829.0	30425.0	1990907.0	30489.0	160262.0	NA	false	numericPairs(Gene ontology (GO)) for (nucleolus)	numericPairs(Gene ontology (GO)) for (nucleolus) >= 5738.0
138	numberOfWords(Compositional bias) >= 32	Compositional bias	1	0.0142652966270475	0.003258544523833662	0.5006772552546691	262.0	1311.0	8.99%	19.11%	1573	16.10     	3970	2.0	13	NA	0.5588046132938933	1.1873472538593133	0.0	0.0	0.0	14.0	608.0	17.0	36.0	NA	false	numberOfWords(Compositional bias)	numberOfWords(Compositional bias) >= 32
139	elementCount(Sequence) for M < 3.5	Sequence	0	0.017445355427652215	0.003170868717162168	0.578461940189646	625.0	698.0	21.46%	10.17%	1323	13.54     	9773	2.0	80	0.0%	1.5849208814242408	0.7516217889812227	0.0	5.0	9.0	15.0	398.0	12.0	13.0	NA	false	elementCount(Sequence) for M	elementCount(Sequence) for M < 3.5
140	sentimentDistribution(Features) contains (0.0, 8.0)	Features	0	0.009791498884575941	0.0031650365924082396	0.500903378736517	130.0	64.0	4.46%	0.93%	194	1.99      	9773	2.0	28	0.0%	2.24816942182396	0.469982867963091	NA	NA	NA	NA	NA	NA	NA	59.0	false	sentimentDistribution(Features) contains (0.0, 8.0)	sentimentDistribution(Features) contains (0.0, 8.0)
141	slidingSubsets(Gene ontology (GO)) contains ("regulation", "protein")	Gene ontology (GO)	1	0.014575227937396759	0.003153309261327933	0.5003373302845404	154.0	958.0	5.29%	13.97%	1112	11.38     	9773	2.0	755	4%	0.46462582765919086	1.2273389160391803	NA	NA	NA	NA	NA	NA	NA	832504.0	false	slidingSubsets(Gene ontology (GO)) contains ("regulation", "protein")	slidingSubsets(Gene ontology (GO)) contains ("regulation", "protein")
142	numericPairs(Gene ontology (GO)) for (adhesion, focal) >= 5654.5	Gene ontology (GO)	1	0.007390099721956238	0.003120183073314314	0.5836180510348171	10.0	202.0	0.34%	2.94%	212	2.17      	9773	2.0	537	98%	0.15825285480183174	1.3574357775455197	0.0	5829.0	9898.0	70062.0	1904813.0	79600.0	312879.0	NA	false	numericPairs(Gene ontology (GO)) for (adhesion, focal)	numericPairs(Gene ontology (GO)) for (adhesion, focal) >= 5654.5
143	elementCount(Sequence) for G < 22.5	Sequence	0	0.026586081236411135	0.0031036090407872553	0.5794535468659112	1526.0	2269.0	52.39%	33.08%	3795	38.83     	9773	2.0	80	0.0%	1.3490565892661446	0.8517781567737203	0.0	16.0	28.0	46.0	2066.0	38.0	44.0	NA	false	elementCount(Sequence) for G	elementCount(Sequence) for G < 22.5
144	alphaStringBeforeNumber(Keywords) == ""	Keywords	1	0.011985508686089965	0.00309602564351731	0.5006373815321923	1060.0	3394.0	36.39%	49.48%	4454	45.57     	9773	2.0	0	46%	0.7984414353629912	1.0855889356833248	NA	NA	NA	NA	NA	NA	NA	128.0	false	alphaStringBeforeNumber(Keywords) == ""	alphaStringBeforeNumber(Keywords) == ""
145	elementCount(Sequence) for Y >= 19.5	Sequence	1	0.017056652909356096	0.0030507167813644434	0.5801634691715125	468.0	2015.0	16.07%	29.37%	2483	25.41     	9773	2.0	80	2%	0.6323485800249109	1.1561178697357777	0.0	7.0	12.0	20.0	999.0	16.0	18.0	NA	false	elementCount(Sequence) for Y	elementCount(Sequence) for Y >= 19.5
146	slidingSubsets(Gene ontology (GO)) contains ("go", "regulation", "of")	Gene ontology (GO)	1	0.03023512246600256	0.003032884928391509	0.49534173327804626	665.0	2922.0	22.83%	42.59%	3587	36.70     	9773	2.0	755	4%	0.6219818084739961	1.1605199696669461	NA	NA	NA	NA	NA	NA	NA	832504.0	false	slidingSubsets(Gene ontology (GO)) contains ("go", "regulation", "of")	slidingSubsets(Gene ontology (GO)) contains ("go", "regulation", "of")
147	elementCount(Sequence) for F < 6.5	Sequence	0	0.019186814390727096	0.0029849327383430326	0.5802144733064305	747.0	879.0	25.64%	12.81%	1626	16.64     	9773	2.0	80	1%	1.541301051527508	0.7701443202478673	0.0	9.0	17.0	27.0	908.0	21.0	22.0	NA	false	elementCount(Sequence) for F	elementCount(Sequence) for F < 6.5
148	slidingSubsets(Keywords) contains ("acetylation", "alternative")	Keywords	1	0.030764111034236517	0.002890718368199248	0.496521729032848	97.0	1083.0	3.33%	15.79%	1180	12.07     	9773	2.0	151	0.0%	0.27578912763939556	1.3075256955082277	NA	NA	NA	NA	NA	NA	NA	91288.0	false	slidingSubsets(Keywords) contains ("acetylation", "alternative")	slidingSubsets(Keywords) contains ("acetylation", "alternative")
149	sentimentDistribution(Features) contains (-1.0, 3.0)	Features	1	0.015756519279684956	0.0028210722849602854	0.49999206257835166	175.0	1062.0	6.01%	15.48%	1237	12.66     	9773	2.0	28	0.0%	0.47463063162069175	1.2230905204211262	NA	NA	NA	NA	NA	NA	NA	59.0	false	sentimentDistribution(Features) contains (-1.0, 3.0)	sentimentDistribution(Features) contains (-1.0, 3.0)
150	Involvement in disease contains "syndrome"	Involvement in disease	1	0.010257259833070822	0.0028169436604560034	0.4800320362859596	84.0	592.0	2.88%	8.63%	676	6.92      	2400	1.1	13	75%	0.4168885855489674	1.2476098469819037	NA	NA	NA	NA	NA	NA	NA	32791.0	false	Involvement in disease contains "syndrome"	Involvement in disease contains "syndrome"
151	slidingSubsets(Gene ontology (GO)) contains ("muscle", "cell")	Gene ontology (GO)	1	0.006865872474468669	0.002808394256036365	0.5025663854226246	31.0	296.0	1.06%	4.31%	327	3.35      	9773	2.0	755	4%	0.31805436139377313	1.2895783739445976	NA	NA	NA	NA	NA	NA	NA	832504.0	false	slidingSubsets(Gene ontology (GO)) contains ("muscle", "cell")	slidingSubsets(Gene ontology (GO)) contains ("muscle", "cell")
152	slidingSubsets(Gene ontology (GO)) contains ("phosphorylation", "go")	Gene ontology (GO)	1	0.008969136291402354	0.0027877451372302136	0.5019184644373432	77.0	533.0	2.64%	7.77%	610	6.24      	9773	2.0	755	4%	0.42349501668608225	1.2448045213401522	NA	NA	NA	NA	NA	NA	NA	832504.0	false	slidingSubsets(Gene ontology (GO)) contains ("phosphorylation", "go")	slidingSubsets(Gene ontology (GO)) contains ("phosphorylation", "go")
153	Tissue specificity contains "muscle"	Tissue specificity	1	0.01183274399236401	0.0027502779830230763	0.4780621937034144	212.0	1080.0	7.28%	15.74%	1292	13.22     	4845	1.04	10	47%	0.5505043580660623	1.1908718374567873	NA	NA	NA	NA	NA	NA	NA	8728.0	false	Tissue specificity contains "muscle"	Tissue specificity contains "muscle"
154	slidingSubsets(Features) contains ("helix", "residue")	Features	1	0.026795510715432035	0.002730736869868353	0.49719471393521075	157.0	1250.0	5.39%	18.22%	1407	14.40     	9773	2.0	1166	0.0%	0.3743630432995144	1.2656677047913287	NA	NA	NA	NA	NA	NA	NA	37833.0	false	slidingSubsets(Features) contains ("helix", "residue")	slidingSubsets(Features) contains ("helix", "residue")
155	The percent of R in (Sequence) notInRange (3.56 to 8.45)	Sequence	0	0.009391547533612718	0.0027270491948482704	0.6732550369596348	877.0	1378.0	30.11%	20.09%	2255	23.07     	9773	2.0	79	0.0%	1.3047895244423842	0.8705755270115649	0.0	4.0	5.0	7.0	47.0	6.0	2.0	NA	false	|normalizedHistogram(Sequence).valueOf(R) orIfMissing 0.0 - 6.01|	The percent of R in (Sequence) notInRange (3.56 to 8.45)
156	Post-translational modification contains "pubmed"	Post-translational modification	1	0.01935833897874028	0.0026999874966134557	0.4760030774821083	314.0	1616.0	10.78%	23.56%	1930	19.75     	2521	1.04	26	72%	0.5458329553600174	1.1928554812006225	NA	NA	NA	NA	NA	NA	NA	11808.0	false	Post-translational modification contains "pubmed"	Post-translational modification contains "pubmed"
157	slidingSubsets(Gene ontology (GO)) contains ("of", "neuron")	Gene ontology (GO)	1	0.007082081516982252	0.002677005068206367	0.5024911299315891	37.0	327.0	1.27%	4.77%	364	3.72      	9773	2.0	755	4%	0.3410262068861451	1.2798237112741486	NA	NA	NA	NA	NA	NA	NA	832504.0	false	slidingSubsets(Gene ontology (GO)) contains ("of", "neuron")	slidingSubsets(Gene ontology (GO)) contains ("of", "neuron")
158	numericPairs(Gene ontology (GO)) for (pathway) >= 7830.0	Gene ontology (GO)	1	0.010736735835678734	0.0026536997687398984	0.582647734473792	196.0	998.0	6.76%	14.56%	1195	12.24     	9773	2.0	537	81%	0.5526147347779008	1.189975696441979	0.0	7189.0	30511.0	51388.0	2001306.0	163330.0	486683.0	NA	false	numericPairs(Gene ontology (GO)) for (pathway)	numericPairs(Gene ontology (GO)) for (pathway) >= 7830.0
159	sentimentDistribution(Features) contains (-1.0, 2.0)	Features	1	0.007339654706075319	0.0026364362831112712	0.502107714202889	607.0	2050.0	20.84%	29.88%	2657	27.19     	9773	2.0	28	0.0%	0.7664512746450476	1.0991730957666148	NA	NA	NA	NA	NA	NA	NA	59.0	false	sentimentDistribution(Features) contains (-1.0, 2.0)	sentimentDistribution(Features) contains (-1.0, 2.0)
160	Protein names contains "binding"	Protein names	1	0.006160543816007538	0.002625522055439666	0.47957738153662244	134.0	652.0	4.6%	9.5%	786	8.04      	9773	1.04	5	0.0%	0.5719652797977653	1.18175876675643	NA	NA	NA	NA	NA	NA	NA	16408.0	false	Protein names contains "binding"	Protein names contains "binding"
161	Tissue specificity contains "widely"	Tissue specificity	1	0.00767080006232811	0.0026198209865773733	0.47923310981121214	97.0	572.0	3.33%	8.34%	669	6.85      	4845	1.04	10	47%	0.486444201217469	1.2180740585792293	NA	NA	NA	NA	NA	NA	NA	8728.0	false	Tissue specificity contains "widely"	Tissue specificity contains "widely"
162	slidingSubsets(Keywords) contains ("membrane", "coupled")	Keywords	0	0.01847608649459566	0.002613458062114386	0.49788254335324184	208.0	84.0	7.14%	1.22%	292	2.99      	9773	2.0	151	0.0%	2.3898348922402644	0.4098266703941851	NA	NA	NA	NA	NA	NA	NA	91288.0	false	slidingSubsets(Keywords) contains ("membrane", "coupled")	slidingSubsets(Keywords) contains ("membrane", "coupled")
163	slidingSubsets(Features) contains ("bias", "region")	Features	0	0.006856588688339127	0.0026099878826835983	0.50191758533617	83.0	36.0	2.85%	0.52%	119	1.22      	9773	2.0	1166	0.0%	2.3400144815907824	0.4309821887938849	NA	NA	NA	NA	NA	NA	NA	37833.0	false	slidingSubsets(Features) contains ("bias", "region")	slidingSubsets(Features) contains ("bias", "region")
164	The percent of F in (Sequence) notInRange (1.08 to 6.23)	Sequence	0	0.011983102382127587	0.002603854165575153	0.6708214053505432	528.0	637.0	18.13%	9.29%	1165	11.92     	9773	2.0	79	1%	1.520531463956896	0.7789638258736973	0.0	3.0	4.0	5.0	17.0	4.0	2.0	NA	false	|normalizedHistogram(Sequence).valueOf(F) orIfMissing 0.0 - 3.66|	The percent of F in (Sequence) notInRange (1.08 to 6.23)
165	numericPairs(Post-translational modification) for (by) >= 0.5	Post-translational modification	1	0.014915234439452448	0.00258974904378014	0.5836733527466822	172.0	1030.0	5.9%	15.01%	1202	12.30     	2521	2.0	317	88%	0.4800775455485861	1.2207775670287127	0.0	2.0	8.0	203.0	3.3098764E7	931343.0	4668400.0	NA	false	numericPairs(Post-translational modification) for (by)	numericPairs(Post-translational modification) for (by) >= 0.5
166	numericPairs(Gene ontology (GO)) for (serine-type) inRange (5,122.5 to 5,712.5)	Gene ontology (GO)	0	0.0038247832076934644	0.0025863364533397814	0.6757887415720425	24.0	2.0	0.82%	0.0292%	26	0.27      	9773	2.0	537	99%	3.096886635506615	0.10958735142408613	0.0	4222.0	5634.0	16787.0	1990841.0	28271.0	172146.0	NA	false	|numericPairs(Gene ontology (GO)).valueOf("(serine-type)") orIfMissing 0.0 - 5,417.5|	numericPairs(Gene ontology (GO)) for (serine-type) inRange (5,122.5 to 5,712.5)
167	stemmedWords(Gene ontology (GO)) contains "translat"	Gene ontology (GO)	1	0.005595820495140381	0.0025776852334942965	0.502862812643657	32.0	271.0	1.1%	3.95%	303	3.10      	9773	2.0	21	4%	0.35431926302825956	1.2741790068219652	NA	NA	NA	NA	NA	NA	NA	19437.0	false	stemmedWords(Gene ontology (GO)) contains "translat"	stemmedWords(Gene ontology (GO)) contains "translat"
168	slidingSubsets(Gene ontology (GO)) contains ("go", "regulatory")	Gene ontology (GO)	1	0.0067616213172785695	0.0025701426057102767	0.5027412909889721	10.0	190.0	0.34%	2.77%	200	2.05      	9773	2.0	755	4%	0.16774802608994166	1.3534037900874636	NA	NA	NA	NA	NA	NA	NA	832504.0	false	slidingSubsets(Gene ontology (GO)) contains ("go", "regulatory")	slidingSubsets(Gene ontology (GO)) contains ("go", "regulatory")
169	Keywords contains "flagellum"	Keywords	0	0.0036438091165666613	0.0025683194731132178	0.48001404700462946	39.0	14.0	1.34%	0.2%	53	0.54      	9773	1.04	9	0.0%	2.468744534908575	0.3763188294185599	NA	NA	NA	NA	NA	NA	NA	782.0	false	Keywords contains "flagellum"	Keywords contains "flagellum"
170	elementCount(Sequence) for T >= 23.5	Sequence	1	0.021973157279955774	0.0025486398080097395	0.5814935586548269	988.0	3541.0	33.92%	51.62%	4529	46.34     	9773	2.0	80	0.0%	0.7318836377869832	1.113851743895994	0.0	13.0	22.0	37.0	2546.0	31.0	49.0	NA	false	elementCount(Sequence) for T	elementCount(Sequence) for T >= 23.5
171	Keywords contains "activator. alternative"	Keywords	1	0.008715116306087576	0.002529161003460655	0.4807342343105698	11.0	233.0	0.38%	3.4%	244	2.50      	9773	1.1	6	0.0%	0.15124822024502935	1.360410194522774	NA	NA	NA	NA	NA	NA	NA	7881.0	false	Keywords contains "activator. alternative"	Keywords contains "activator. alternative"
172	numericPairs(Gene ontology (GO)) for (positive, process) >= 9311.5	Gene ontology (GO)	1	0.009367385059677855	0.0024970235933148323	0.5831987091473644	51.0	439.0	1.75%	6.4%	490	5.01      	9773	2.0	537	94%	0.3491897685953915	1.276357172606651	0.0	32435.0	43065.0	46466.0	2001247.0	306569.0	670743.0	NA	false	numericPairs(Gene ontology (GO)) for (positive, process)	numericPairs(Gene ontology (GO)) for (positive, process) >= 9311.5
173	latLongs(Protein names) contains LatLong(44.48, 6.98)	Protein names	0	0.003458033249894317	0.002489557775186176	0.5031807676800508	20.0	1.0	0.69%	0.0146%	21	0.21      	9773	2.0	1771	28%	3.1952004969512693	0.06783978897681521	NA	NA	NA	NA	NA	NA	NA	1865.0	false	latLongs(Protein names) contains LatLong(44.48, 6.98)	latLongs(Protein names) contains LatLong(44.48, 6.98)
174	Gene ontology (GO) contains "coupled proton transport"	Gene ontology (GO)	0	0.00306716283641093	0.002480815627622299	0.48168000456132753	18.0	1.0	0.62%	0.0146%	19	0.19      	9773	1.1	24	4%	3.178383652230473	0.07498081939542735	NA	NA	NA	NA	NA	NA	NA	128500.0	false	Gene ontology (GO) contains "coupled proton transport"	Gene ontology (GO) contains "coupled proton transport"
175	slidingSubsets(Keywords) contains ("phosphoprotein", "repeat")	Keywords	1	0.017248957018195548	0.0024355873246831613	0.4998349192062083	90.0	778.0	3.09%	11.34%	868	8.88      	9773	2.0	151	0.0%	0.34786457023259787	1.2769198989668284	NA	NA	NA	NA	NA	NA	NA	91288.0	false	slidingSubsets(Keywords) contains ("phosphoprotein", "repeat")	slidingSubsets(Keywords) contains ("phosphoprotein", "repeat")
176	Keywords contains "pathway"	Keywords	1	0.0041790398435150936	0.0024320256220201706	0.48156695276396727	42.0	275.0	1.44%	4.01%	317	3.24      	9773	1.1	2	0.0%	0.4445058104591514	1.235882590981413	NA	NA	NA	NA	NA	NA	NA	880.0	false	Keywords contains "pathway"	Keywords contains "pathway"
177	slidingSubsets(Keywords) contains ("cytoplasm", "direct")	Keywords	1	0.009430156072973966	0.0024161379895052187	0.5018859718912269	49.0	432.0	1.68%	6.3%	481	4.92      	9773	2.0	151	0.0%	0.341773525089694	1.2795063733839245	NA	NA	NA	NA	NA	NA	NA	91288.0	false	slidingSubsets(Keywords) contains ("cytoplasm", "direct")	slidingSubsets(Keywords) contains ("cytoplasm", "direct")
178	sentimentDistribution(Keywords) for 0.0 < 8.5	Keywords	0	0.03329101275266001	0.0024140788732218738	0.5672151467892662	803.0	746.0	27.57%	10.87%	1549	15.85     	9773	2.0	22	0.0%	1.7392080690797047	0.6861059613368542	2.0	11.0	16.0	22.0	67.0	17.0	8.0	NA	false	sentimentDistribution(Keywords) for 0.0	sentimentDistribution(Keywords) for 0.0 < 8.5
179	slidingSubsets(Gene ontology (GO)) contains ("response", "dna")	Gene ontology (GO)	1	0.006203067277865644	0.00239585282324099	0.502819823431927	14.0	201.0	0.48%	2.93%	215	2.20      	9773	2.0	755	4%	0.2184625456055054	1.3318686012611025	NA	NA	NA	NA	NA	NA	NA	832504.0	false	slidingSubsets(Gene ontology (GO)) contains ("response", "dna")	slidingSubsets(Gene ontology (GO)) contains ("response", "dna")
180	The percent of K in (Sequence) < 3.775	Sequence	0	0.01971521368671449	0.002393416290684655	0.5804235529544758	991.0	1324.0	34.02%	19.3%	2315	23.69     	9773	2.0	79	0.0%	1.4361839641912066	0.8147807743893609	0.0	4.0	5.0	7.0	29.0	6.0	3.0	NA	false	The percent of K in (Sequence)	The percent of K in (Sequence) < 3.775
181	The percent of A in (Sequence) < 1.92	Sequence	0	0.006296147235644864	0.002392702697579047	0.5837162829580665	67.0	24.0	2.3%	0.35%	91	0.93      	9773	2.0	79	0.0%	2.470135768796943	0.3757280620254382	0.0	5.0	7.0	9.0	31.0	7.0	3.0	NA	false	The percent of A in (Sequence)	The percent of A in (Sequence) < 1.92
182	Post-translational modification contains "its"	Post-translational modification	1	0.008449440112945562	0.0023875312732878533	0.4791515914306286	47.0	401.0	1.61%	5.85%	448	4.58      	2521	1.04	26	72%	0.35197130474228827	1.2751760334235736	NA	NA	NA	NA	NA	NA	NA	11808.0	false	Post-translational modification contains "its"	Post-translational modification contains "its"
183	elementCount(Sequence) for R < 17.5	Sequence	0	0.024868898776855095	0.002376793696953444	0.5789584201526617	1367.0	1967.0	46.93%	28.67%	3334	34.11     	9773	2.0	80	0.0%	1.375594191151471	0.8405093471101698	0.0	14.0	24.0	41.0	1640.0	33.0	35.0	NA	false	elementCount(Sequence) for R	elementCount(Sequence) for R < 17.5
184	slidingSubsets(Gene ontology (GO)) contains ("of", "cell")	Gene ontology (GO)	1	0.015007254440850375	0.002375433165327349	0.5000228051782906	321.0	1517.0	11.02%	22.11%	1838	18.81     	9773	2.0	755	4%	0.5859316254066514	1.17582815964875	NA	NA	NA	NA	NA	NA	NA	832504.0	false	slidingSubsets(Gene ontology (GO)) contains ("of", "cell")	slidingSubsets(Gene ontology (GO)) contains ("of", "cell")
185	latLongs(Gene ontology (GO)) contains LatLong(60.42, 5.47)	Gene ontology (GO)	1	0.01636296176451737	0.002371739750395446	0.49970021104762824	269.0	1392.0	9.23%	20.29%	1661	17.00     	9773	2.0	4436	37%	0.543337977341292	1.1939149376100318	NA	NA	NA	NA	NA	NA	NA	369.0	false	latLongs(Gene ontology (GO)) contains LatLong(60.42, 5.47)	latLongs(Gene ontology (GO)) contains LatLong(60.42, 5.47)
186	stemmedWords(Gene ontology (GO)) contains "process"	Gene ontology (GO)	1	0.022757733567649912	0.002371508549877295	0.4976202021656594	573.0	2476.0	19.67%	36.09%	3049	31.20     	9773	2.0	21	4%	0.630499304359046	1.1569031379594896	NA	NA	NA	NA	NA	NA	NA	19437.0	false	stemmedWords(Gene ontology (GO)) contains "process"	stemmedWords(Gene ontology (GO)) contains "process"
187	slidingSubsets(Keywords) contains ("methylation", "phosphoprotein")	Keywords	1	0.009661542642175839	0.0023548539425087183	0.5019953704005213	21.0	307.0	0.72%	4.48%	328	3.36      	9773	2.0	151	0.0%	0.21479930170053504	1.3334241449192918	NA	NA	NA	NA	NA	NA	NA	91288.0	false	slidingSubsets(Keywords) contains ("methylation", "phosphoprotein")	slidingSubsets(Keywords) contains ("methylation", "phosphoprotein")
188	Involvement in disease contains "developmental"	Involvement in disease	1	0.007411197120647467	0.002341702070253287	0.47940258663751045	43.0	360.0	1.48%	5.25%	403	4.12      	2400	1.04	55	75%	0.35797345517952806	1.272627306860355	NA	NA	NA	NA	NA	NA	NA	26025.0	false	Involvement in disease contains "developmental"	Involvement in disease contains "developmental"
189	slidingSubsets(Features) contains ("region", "sequence")	Features	1	0.017877938182292726	0.0023359678628710433	0.4989477251215224	756.0	2830.0	25.95%	41.25%	3586	36.69     	9773	2.0	1166	0.0%	0.7072922907082871	1.1242941045432595	NA	NA	NA	NA	NA	NA	NA	37833.0	false	slidingSubsets(Features) contains ("region", "sequence")	slidingSubsets(Features) contains ("region", "sequence")
190	slidingSubsets(Features) contains ("alternative", "sequence", "beta")	Features	1	0.026073731392655765	0.0023188695889970554	0.4970261646553341	293.0	1715.0	10.06%	25%	2008	20.55     	9773	2.0	1166	0.0%	0.4895435422744313	1.2167579681274903	NA	NA	NA	NA	NA	NA	NA	37833.0	false	slidingSubsets(Features) contains ("alternative", "sequence", "beta")	slidingSubsets(Features) contains ("alternative", "sequence", "beta")
191	Post-translational modification contains "by"	Post-translational modification	1	0.016818229682683362	0.0023092068986576546	0.4781348429955937	251.0	1346.0	8.62%	19.62%	1597	16.34     	2521	1.1	5	72%	0.5272981158243626	1.2007260333241447	NA	NA	NA	NA	NA	NA	NA	17992.0	false	Post-translational modification contains "by"	Post-translational modification contains "by"
192	stemmedWordsWithoutCommonTerms(Keywords) contains "keratin"	Keywords	0	0.009930178763432052	0.0023078846609394217	0.5009184388761451	75.0	13.0	2.57%	0.19%	88	0.90      	9773	2.0	19	0.0%	2.8593413538058234	0.21045752716671087	NA	NA	NA	NA	NA	NA	NA	746.0	false	stemmedWordsWithoutCommonTerms(Keywords) contains "keratin"	stemmedWordsWithoutCommonTerms(Keywords) contains "keratin"
193	slidingSubsets(Features) contains ("residue", "natural", "variant")	Features	1	0.011230652357710437	0.002298310630947152	0.501051586287891	364.0	1528.0	12.5%	22.27%	1892	19.36     	9773	2.0	1166	0.0%	0.645457521107175	1.1505513470867055	NA	NA	NA	NA	NA	NA	NA	37833.0	false	slidingSubsets(Features) contains ("residue", "natural", "variant")	slidingSubsets(Features) contains ("residue", "natural", "variant")
194	Gene ontology (GO) contains "localization"	Gene ontology (GO)	1	0.009293601490480297	0.002288394219815264	0.4788537982543274	87.0	579.0	2.99%	8.44%	666	6.81      	9773	1.04	31	4%	0.4382606087034511	1.2385345257794238	NA	NA	NA	NA	NA	NA	NA	19757.0	false	Gene ontology (GO) contains "localization"	Gene ontology (GO) contains "localization"
195	slidingSubsets(Keywords) contains ("structure", "binding")	Keywords	1	0.01099706991634078	0.0022672328043538874	0.5014684550764871	60.0	514.0	2.06%	7.49%	574	5.87      	9773	2.0	151	0.0%	0.3506927374702613	1.275718958564013	NA	NA	NA	NA	NA	NA	NA	91288.0	false	slidingSubsets(Keywords) contains ("structure", "binding")	slidingSubsets(Keywords) contains ("structure", "binding")
196	slidingSubsets(Keywords) contains ("chromosome", "meiosis")	Keywords	0	0.002678431620125124	0.0022528327768479364	0.5034237750186367	16.0	1.0	0.55%	0.0146%	17	0.17      	9773	2.0	151	0.0%	3.1576099028694897	0.08380209226547762	NA	NA	NA	NA	NA	NA	NA	91288.0	false	slidingSubsets(Keywords) contains ("chromosome", "meiosis")	slidingSubsets(Keywords) contains ("chromosome", "meiosis")
197	numericPairs(Gene ontology (GO)) for (g) inRange (5,712.5 to 8,094)	Gene ontology (GO)	0	0.018287063487001334	0.002239182890448496	0.6757510491851503	184.0	62.0	6.32%	0.9%	246	2.52      	9773	2.0	537	95%	2.509401365898314	0.3590544928772903	0.0	5886.0	5886.0	31683.0	1990909.0	45138.0	231219.0	NA	false	|numericPairs(Gene ontology (GO)).valueOf("(g)") orIfMissing 0.0 - 6,903.25|	numericPairs(Gene ontology (GO)) for (g) inRange (5,712.5 to 8,094)
198	stemmedWords(Gene ontology (GO)) contains "migrat"	Gene ontology (GO)	1	0.008161240483422368	0.002237591441714902	0.5020761673614039	105.0	614.0	3.6%	8.95%	719	7.36      	9773	2.0	21	4%	0.4899455560346001	1.2165872587858908	NA	NA	NA	NA	NA	NA	NA	19437.0	false	stemmedWords(Gene ontology (GO)) contains "migrat"	stemmedWords(Gene ontology (GO)) contains "migrat"
199	numericPairs(Gene ontology (GO)) for (glucose) >= 10108.0	Gene ontology (GO)	1	0.004746487462704844	0.0022294662519905233	0.5835867389333694	9.0	145.0	0.31%	2.11%	154	1.58      	9773	2.0	537	97%	0.1960691214038279	1.3413776456779374	0.0	9267.0	35773.0	46872.0	2000971.0	40214.0	125193.0	NA	false	numericPairs(Gene ontology (GO)) for (glucose)	numericPairs(Gene ontology (GO)) for (glucose) >= 10108.0
200	Tissue specificity contains "brain"	Tissue specificity	1	0.008456066027548193	0.0022283283788695385	0.478880645988459	342.0	1366.0	11.74%	19.91%	1708	17.48     	4845	1.04	10	47%	0.6717778094000005	1.1393748165040523	NA	NA	NA	NA	NA	NA	NA	8728.0	false	Tissue specificity contains "brain"	Tissue specificity contains "brain"
201	slidingSubsets(Features) contains ("modified", "residue", "mutagenesis")	Features	1	0.02448435671655793	0.0022216207406172825	0.4977934639979838	154.0	1189.0	5.29%	17.33%	1343	13.74     	9773	2.0	1166	0.0%	0.3847088014572005	1.2612745278943405	NA	NA	NA	NA	NA	NA	NA	37833.0	false	slidingSubsets(Features) contains ("modified", "residue", "mutagenesis")	slidingSubsets(Features) contains ("modified", "residue", "mutagenesis")
202	Gene ontology (GO) contains "positive"	Gene ontology (GO)	1	0.024529850401252155	0.002219123312899163	0.4757521953059074	569.0	2512.0	19.53%	36.62%	3081	31.53     	9773	1.1	8	4%	0.6195951109716118	1.16153344631774	NA	NA	NA	NA	NA	NA	NA	23158.0	false	Gene ontology (GO) contains "positive"	Gene ontology (GO) contains "positive"
203	slidingSubsets(Keywords) contains ("receptor", "proteome", "sensory")	Keywords	0	0.024254108675478798	0.0022105113630306165	0.4963118828800196	147.0	11.0	5.05%	0.16%	158	1.62      	9773	2.0	151	0.0%	3.121387320914104	0.09918348894711591	NA	NA	NA	NA	NA	NA	NA	91288.0	false	slidingSubsets(Keywords) contains ("receptor", "proteome", "sensory")	slidingSubsets(Keywords) contains ("receptor", "proteome", "sensory")
204	slidingSubsets(Keywords) contains ("nucleus", "reference")	Keywords	1	0.017219203509919734	0.0022098725646594775	0.49930027942985933	457.0	1988.0	15.69%	28.98%	2445	25.02     	9773	2.0	151	0.0%	0.6270826005979823	1.15835399190351	NA	NA	NA	NA	NA	NA	NA	91288.0	false	slidingSubsets(Keywords) contains ("nucleus", "reference")	slidingSubsets(Keywords) contains ("nucleus", "reference")
205	alphaStringBeforeNumber(Gene ontology (GO)) == "extracellular"	Gene ontology (GO)	0	0.008885776630705229	0.002205640744037754	0.5013119707702155	275.0	273.0	9.44%	3.98%	548	5.61      	9773	2.0	0	8%	1.6836024516326258	0.7097180843140176	NA	NA	NA	NA	NA	NA	NA	355.0	false	alphaStringBeforeNumber(Gene ontology (GO)) == "extracellular"	alphaStringBeforeNumber(Gene ontology (GO)) == "extracellular"
206	Keywords contains "oncogene"	Keywords	1	0.003757894321650522	0.0021950842000895638	0.48036421412605046	9.0	125.0	0.31%	1.82%	134	1.37      	9773	1.04	9	0.0%	0.22533316937454848	1.3289510900308952	NA	NA	NA	NA	NA	NA	NA	782.0	false	Keywords contains "oncogene"	Keywords contains "oncogene"
207	numericPairs(Features) for (natural) >= 2.5	Features	1	0.013537038476857818	0.0021933746373211504	0.5824112219347455	603.0	2280.0	20.7%	33.24%	2883	29.50     	9773	2.0	250	34%	0.7017139072648965	1.126662884568128	0.0	1.0	2.0	5.0	547.0	5.0	10.0	NA	false	numericPairs(Features) for (natural)	numericPairs(Features) for (natural) >= 2.5
208	slidingSubsets(Keywords) contains ("proteome", "protein")	Keywords	1	0.007012773870866985	0.0021914669714558233	0.5023601833052829	119.0	629.0	4.09%	9.17%	748	7.65      	9773	2.0	151	0.0%	0.5337437193770871	1.1979890007951233	NA	NA	NA	NA	NA	NA	NA	91288.0	false	slidingSubsets(Keywords) contains ("proteome", "protein")	slidingSubsets(Keywords) contains ("proteome", "protein")
209	slidingSubsets(Keywords) contains ("membrane", "g")	Keywords	0	0.019029089494472826	0.0021782781446383274	0.49769479862035565	194.0	67.0	6.66%	0.98%	261	2.67      	9773	2.0	151	0.0%	2.493725445321738	0.36571104632329127	NA	NA	NA	NA	NA	NA	NA	91288.0	false	slidingSubsets(Keywords) contains ("membrane", "g")	slidingSubsets(Keywords) contains ("membrane", "g")
210	numberOfChars(Protein names) >= 100	Protein names	1	0.011633641289172608	0.0021752160151173173	0.5006801632959293	1014.0	3268.0	34.81%	47.64%	4282	43.81     	9773	2.0	1	NA	0.7944722020326989	1.0872744133350947	5.0	51.0	90.0	140.0	1258.0	105.0	74.0	NA	false	numberOfChars(Protein names)	numberOfChars(Protein names) >= 100
211	isEmpty(adjectivesHistogram(Gene ontology (GO)))	Gene ontology (GO)	0	0.021328704763706186	0.002172927553194306	0.49774286785612076	1802.0	3039.0	61.86%	44.3%	4841	49.53     	9773	2.1	44	50%	1.2488409130926454	0.8943332973995808	NA	NA	NA	NA	NA	NA	NA	1207.0	false	isEmpty(adjectivesHistogram(Gene ontology (GO)))	isEmpty(adjectivesHistogram(Gene ontology (GO)))
212	textSentimentScore(Protein names) inRange (-0.15 to -0.0066)	Protein names	1	0.003944751264400811	0.002168782342132432	0.5823984261374495	129.0	559.0	4.43%	8.15%	688	7.04      	9773	2.0	49	0.0%	0.6290550978372812	1.1575163994169098	-9.223372036854777E-6	0.0	0.0	0.0	9.223372036854777E-6	9.223372036854777E-6	9.223372036854777E-6	NA	false	|textSentimentScore(Protein names) - -0.0796|	textSentimentScore(Protein names) inRange (-0.15 to -0.0066)
213	slidingSubsets(Gene ontology (GO)) contains ("of", "process")	Gene ontology (GO)	1	0.012415913812061441	0.0021641389098532252	0.5009539370078518	122.0	788.0	4.19%	11.49%	910	9.31      	9773	2.0	755	4%	0.4497859161092941	1.2336404703168553	NA	NA	NA	NA	NA	NA	NA	832504.0	false	slidingSubsets(Gene ontology (GO)) contains ("of", "process")	slidingSubsets(Gene ontology (GO)) contains ("of", "process")
214	The percent of G in (Sequence) notInRange (5.17 to 8.47)	Sequence	0	0.005310345256578447	0.0021502680374843853	0.6736520334655941	1571.0	3097.0	53.93%	45.15%	4668	47.76     	9773	2.0	79	0.0%	1.1291008954040203	0.9451791678845611	0.0	5.0	6.0	8.0	55.0	7.0	3.0	NA	false	|normalizedHistogram(Sequence).valueOf(G) orIfMissing 0.0 - 6.82|	The percent of G in (Sequence) notInRange (5.17 to 8.47)
215	slidingSubsets(Keywords) contains ("regulation", "ubl")	Keywords	1	0.015570842301309732	0.002143836606368401	0.5005894927738104	31.0	475.0	1.06%	6.92%	506	5.18      	9773	2.0	151	0.0%	0.2055410596358969	1.3373555238018415	NA	NA	NA	NA	NA	NA	NA	91288.0	false	slidingSubsets(Keywords) contains ("regulation", "ubl")	slidingSubsets(Keywords) contains ("regulation", "ubl")
216	stemmedWords(Gene ontology (GO)) contains "mediat"	Gene ontology (GO)	1	0.009547298412058338	0.002132740022954565	0.5016005468609297	219.0	1033.0	7.52%	15.06%	1252	12.81     	9773	2.0	21	4%	0.5868501232220003	1.1754381328067514	NA	NA	NA	NA	NA	NA	NA	19437.0	false	stemmedWords(Gene ontology (GO)) contains "mediat"	stemmedWords(Gene ontology (GO)) contains "mediat"
217	numericPairs(Gene ontology (GO)) for (molecule) inRange (5,546 to 6,951.5)	Gene ontology (GO)	0	0.003444400531162956	0.002127519975256865	0.6757688408252261	22.0	2.0	0.76%	0.0292%	24	0.25      	9773	2.0	537	99%	3.0753804783155965	0.11871963070942664	0.0	5543.0	30133.0	50839.0	1990837.0	40833.0	160410.0	NA	false	|numericPairs(Gene ontology (GO)).valueOf("(molecule)") orIfMissing 0.0 - 6,248.75|	numericPairs(Gene ontology (GO)) for (molecule) inRange (5,546 to 6,951.5)
218	numericPairs(Gene ontology (GO)) for (binding, mrna) >= 8090.5	Gene ontology (GO)	1	0.004252642319215001	0.002121424277916351	0.5836298453737478	2.0	98.0	0.1%	1.44%	101	1.04      	9773	2.0	537	98%	0.09867530946465791	1.3827345223803866	0.0	3723.0	5634.0	35925.0	1990904.0	86026.0	358077.0	NA	false	numericPairs(Gene ontology (GO)) for (binding, mrna)	numericPairs(Gene ontology (GO)) for (binding, mrna) >= 8090.5
219	numericPairs(Gene ontology (GO)) for (region) inRange (4,629 to 5,592.5)	Gene ontology (GO)	0	0.008968826942422946	0.002119556347642193	0.675696211498071	160.0	107.0	5.49%	1.56%	267	2.73      	9773	2.0	537	84%	2.0104632340367536	0.5709213701531978	0.0	5576.0	5783.0	31965.0	1990578.0	30878.0	130697.0	NA	false	|numericPairs(Gene ontology (GO)).valueOf("(region)") orIfMissing 0.0 - 5,110.75|	numericPairs(Gene ontology (GO)) for (region) inRange (4,629 to 5,592.5)
220	slidingSubsets(Gene ontology (GO)) contains ("cytoplasm", "cytosol")	Gene ontology (GO)	1	0.016958749510499332	0.0021095094413014948	0.499817238139242	116.0	875.0	3.98%	12.76%	991	10.14     	9773	2.0	755	4%	0.39270980880793604	1.2578770155892833	NA	NA	NA	NA	NA	NA	NA	832504.0	false	slidingSubsets(Gene ontology (GO)) contains ("cytoplasm", "cytosol")	slidingSubsets(Gene ontology (GO)) contains ("cytoplasm", "cytosol")
221	stemmedWords(Gene ontology (GO)) contains "acetyl"	Gene ontology (GO)	1	0.003992009530664987	0.00209670180092305	0.5033395284831133	10.0	135.0	0.34%	1.97%	145	1.48      	9773	2.0	21	4%	0.23137658771026434	1.3263848396501459	NA	NA	NA	NA	NA	NA	NA	19437.0	false	stemmedWords(Gene ontology (GO)) contains "acetyl"	stemmedWords(Gene ontology (GO)) contains "acetyl"
222	Tissue specificity contains "levels"	Tissue specificity	1	0.005144456154120349	0.0020914194679404114	0.4798182034900994	181.0	764.0	6.21%	11.14%	945	9.67      	4845	1.04	10	47%	0.6425903221646442	1.1517688617397073	NA	NA	NA	NA	NA	NA	NA	8728.0	false	Tissue specificity contains "levels"	Tissue specificity contains "levels"
223	numericPairs(Compositional bias) for (/note="polar, compbias) >= 121.5	Compositional bias	1	0.013061166135917455	0.0020868351833427876	0.5812169179105402	348.0	1540.0	11.95%	22.45%	1888	19.32     	3970	2.0	351	71%	0.6183931470264799	1.1620438429609132	0.0	80.0	225.0	439.0	5862.0	334.0	409.0	NA	false	numericPairs(Compositional bias) for (/note="polar, compbias)	numericPairs(Compositional bias) for (/note="polar, compbias) >= 121.5
224	Features contains "frameshift"	Features	1	0.005356273861582	0.002084675713162125	0.4797675879283766	168.0	732.0	5.77%	10.67%	900	9.21      	9773	1.04	9	0.0%	0.6262592974024488	1.158703595724004	NA	NA	NA	NA	NA	NA	NA	208.0	false	Features contains "frameshift"	Features contains "frameshift"
225	wordCounts(Gene ontology (GO)) for binding >= 1.5	Gene ontology (GO)	1	0.04527691489202351	0.014446444881569924	0.5707832393420075	703.0	3354.0	24.13%	48.89%	4057	41.51     	9773	2.05	58	34%	0.5813500731635641	1.177773649690166	0.0	1.0	2.0	4.0	32.0	3.0	3.0	NA	false	wordCounts(Gene ontology (GO)) for binding	wordCounts(Gene ontology (GO)) for binding >= 1.5
226	skipgramsAndBiGrams(Keywords) contains ("alternative", "splicing")	Keywords	1	0.04211763829345674	0.014394511179925984	0.4945585680323759	484.0	2669.0	16.62%	38.91%	3153	32.26     	9773	2.1	32	0.0%	0.515001868871118	1.2059474571397133	NA	NA	NA	NA	NA	NA	NA	16431.0	false	skipgramsAndBiGrams(Keywords) contains ("alternative", "splicing")	skipgramsAndBiGrams(Keywords) contains ("alternative", "splicing")
227	sum(numbers(Gene ontology (GO))) < 57918.0	Gene ontology (GO)	0	0.0495975611840537	0.011077075540242507	0.4992861952564361	958.0	789.0	32.89%	11.5%	1747	17.88     	9773	2.05	19	0.0%	1.8397551115531092	0.6434101107938474	0.0	83732.0	254524.0	2129182.0	7.5641071E7	1537781.0	3340366.0	NA	false	sum(numbers(Gene ontology (GO)))	sum(numbers(Gene ontology (GO))) < 57918.0
228	wordFrequencies(Keywords) for alternative inRange (0.0408 to 0.27)	Keywords	1	0.0408255720619463	0.010267327118744278	0.6633010785895272	693.0	3236.0	23.79%	47.17%	3929	40.20     	9773	2.1	27	44%	0.5917504814473381	1.173357266405817	0.0	0.1856953381771	0.218217890236	0.2773500981126	0.6666666666667	0.238135030056	0.075998353837	NA	false	|wordFrequencies(Keywords).valueOf(alternative) orIfMissing 0.0 - 0.15|	wordFrequencies(Keywords) for alternative inRange (0.0408 to 0.27)
229	wordFrequencies(Gene ontology (GO)) for 0005737 inRange (0.0018 to 0.0592)	Gene ontology (GO)	1	0.027589897257445605	0.009323927268540923	0.6768987442708753	155.0	1259.0	5.32%	18.35%	1414	14.47     	9773	2.1	99	74%	0.3677644136342426	1.268469717650649	0.0	0.0327736762672	0.0531494003453	0.0870388279778	0.5773502691896	0.07338503834	0.0731529412346	NA	false	|wordFrequencies(Gene ontology (GO)).valueOf(0005737) orIfMissing 0.0 - 0.0305|	wordFrequencies(Gene ontology (GO)) for 0005737 inRange (0.0018 to 0.0592)
230	wordFrequencies(Keywords) for cytoplasm inRange (0.0408 to 0.25)	Keywords	1	0.028050720581647984	0.008994589731795002	0.6692746975018754	252.0	1622.0	8.65%	23.64%	1874	19.18     	9773	2.1	27	71%	0.45114730602631054	1.233062375735475	0.0	0.1825741858351	0.218217890236	0.2672612419124	0.5773502691896	0.231448041157	0.0718125545169	NA	false	|wordFrequencies(Keywords).valueOf(cytoplasm) orIfMissing 0.0 - 0.14|	wordFrequencies(Keywords) for cytoplasm inRange (0.0408 to 0.25)
231	skipgramsAndBiGrams(Features) does not contain ("chain", "1")	Features	0	0.0359411781772893	0.008321422785006487	0.4951678549195421	1357.0	1715.0	46.58%	25%	3072	31.43     	9773	2.1	60	0.0%	1.4819926523701223	0.7953287760416666	NA	NA	NA	NA	NA	NA	NA	4987.0	false	skipgramsAndBiGrams(Features) does not contain ("chain", "1")	skipgramsAndBiGrams(Features) does not contain ("chain", "1")
232	deviation(latLongs(Gene ontology (GO))) >= 312.91	Gene ontology (GO)	1	0.033024345194176706	0.008235248055920238	0.5001035852594057	806.0	3363.0	27.67%	49.02%	4169	42.66     	9773	2.05	4624	0.0%	0.648620335948635	1.1492083034084004	0.0	0.0	0.0	1458.0	7360.0	864.0	1316.0	NA	false	deviation(latLongs(Gene ontology (GO)))	deviation(latLongs(Gene ontology (GO))) >= 312.91
233	wordFrequencies(Gene ontology (GO)) for cytosol inRange (0.0018 to 0.13)	Gene ontology (GO)	1	0.03962549031151143	0.00804837869789899	0.6702969135655247	358.0	2225.0	12.29%	32.43%	2583	26.43     	9773	2.1	99	71%	0.4649925926457539	1.2271831745806006	0.0	0.03394221166510653	0.05471756551645827	0.0854357657716761	0.5773502691896258	0.06937581441046867	0.05829338516278663	NA	false	|wordFrequencies(Gene ontology (GO)).valueOf(cytosol) orIfMissing 0.0 - 0.0652|	wordFrequencies(Gene ontology (GO)) for cytosol inRange (0.0018 to 0.13)
234	wordFrequencies(Keywords) for nucleus inRange (0.0462 to 0.26)	Keywords	1	0.03522167445493948	0.008042402731075678	0.6654304007165189	299.0	1938.0	10.26%	28.25%	2237	22.89     	9773	2.1	27	71%	0.44842789272143535	1.2342171353502127	0.0	0.185695338177052	0.21320071635561	0.258198889747161	0.577350269189626	0.227644866031321	0.06622008842929	NA	false	|wordFrequencies(Keywords).valueOf(nucleus) orIfMissing 0.0 - 0.15|	wordFrequencies(Keywords) for nucleus inRange (0.0462 to 0.26)
235	wordFrequencies(Gene ontology (GO)) for go < 0.671	Gene ontology (GO)	0	0.03839884345212669	0.007866612145625352	0.5704775762540777	1143.0	1259.0	39.24%	18.35%	2402	24.58     	9773	2.1	99	4%	1.59646955720902	0.7467178104737792	0.0	0.688247202	0.76822128	0.820303112	0.927498145	0.742919279	0.107919279	NA	false	wordFrequencies(Gene ontology (GO)) for go	wordFrequencies(Gene ontology (GO)) for go < 0.671
236	wordFrequencies(Gene ontology (GO)) for nucleus inRange (0.0022 to 0.0812)	Gene ontology (GO)	1	0.03164507965023972	0.007849754437538147	0.6763972306498152	259.0	1725.0	8.89%	25.15%	1984	20.30     	9773	2.1	99	70%	0.43797115682756943	1.2386574373412962	0.0	0.034985571427066	0.05661385170723	0.092450032704205	0.577350269189626	0.07268774056746	0.064259722111147	NA	false	|wordFrequencies(Gene ontology (GO)).valueOf(nucleus) orIfMissing 0.0 - 0.0417|	wordFrequencies(Gene ontology (GO)) for nucleus inRange (0.0022 to 0.0812)
237	wordFrequencies(Features) for alternative inRange (0.0805 to 0.19)	Features	1	0.04130421933094071	0.00731990339558772	0.6624262838369592	830.0	3606.0	28.49%	52.57%	4436	45.39     	9773	2.1	25	44%	0.6277315674240378	1.1580784175063819	0.0	9.223372036854776E-4	9.223372036854776E-4	9.223372036854776E-4	9.223372036854776E-4	9.223372036854776E-4	9.223372036854776E-4	NA	false	|wordFrequencies(Features).valueOf(alternative) orIfMissing 0.0 - 0.13|	wordFrequencies(Features) for alternative inRange (0.0805 to 0.19)
238	wordFrequencies(Gene ontology (GO)) for extracellular >= 0.095	Gene ontology (GO)	0	0.014579895606526788	0.006638276765265553	0.5819455675170971	435.0	434.0	14.97%	6.33%	870	8.90      	9773	2.1	99	79%	1.6813365373612514	0.7106802721088448	0.0	0.04323377	0.075592895	0.149071198	0.588348405	0.113580748	0.105058826	NA	false	wordFrequencies(Gene ontology (GO)) for extracellular	wordFrequencies(Gene ontology (GO)) for extracellular >= 0.095
239	wordCounts(Gene ontology (GO)) for of >= 4.5	Gene ontology (GO)	1	0.02670084561127856	0.006565440898788251	0.5778426678902856	253.0	1595.0	8.69%	23.25%	1848	18.91     	9773	2.05	58	29%	0.459310071436745	1.229596175204776	0.0	1.0	2.0	5.0	119.0	4.0	6.0	NA	false	wordCounts(Gene ontology (GO)) for of	wordCounts(Gene ontology (GO)) for of >= 4.5
240	wordFrequencies(Features) for peptide >= 0.163	Features	0	0.015161741916104107	0.006560761104378749	0.5816731133256298	323.0	257.0	11.12%	3.75%	581	5.94      	9773	2.1	25	80%	1.8709246283353203	0.6301744253147539	0.0	0.1203858530857692	0.1414213562373095	0.17149858514250882	0.48507125007266594	0.15331442886718794	0.05463490109250925	NA	false	wordFrequencies(Features) for peptide	wordFrequencies(Features) for peptide >= 0.163
241	wordFrequencies(Gene ontology (GO)) for plasma >= 0.111	Gene ontology (GO)	0	0.015159146723168293	0.006511452055026162	0.5833239362602399	450.0	446.0	15.45%	6.52%	897	9.18      	9773	2.1	99	73%	1.683090562775336	0.7099354505299486	0.0	0.044901325506694	0.079978675196209	0.131306432859723	0.5	0.094518596185672	0.064311460655394	NA	false	wordFrequencies(Gene ontology (GO)) for plasma	wordFrequencies(Gene ontology (GO)) for plasma >= 0.111
242	wordFrequencies(Gene ontology (GO)) for immune >= 0.113	Gene ontology (GO)	0	0.01757507454417542	0.006501501513001463	0.5806424138832775	126.0	18.0	4.33%	0.28%	145	1.48      	9773	2.1	99	93%	2.91534500514935	0.1866763848396418	0.0	0.03246327415124	0.05439282932204	0.10206207261597	0.40089186286864	0.07783097097667	0.06826586163683	NA	false	wordFrequencies(Gene ontology (GO)) for immune	wordFrequencies(Gene ontology (GO)) for immune >= 0.113
243	skipgramsAndBiGrams(Gene ontology (GO)) contains ("go", "go")	Gene ontology (GO)	1	0.01534331975950313	0.006473020299933937	0.5020792506038565	966.0	3283.0	33.16%	47.86%	4249	43.48     	9773	2.1	1040	4%	0.7627422603101136	1.1007480751773526	NA	NA	NA	NA	NA	NA	NA	168284.0	false	skipgramsAndBiGrams(Gene ontology (GO)) contains ("go", "go")	skipgramsAndBiGrams(Gene ontology (GO)) contains ("go", "go")
244	wordFrequencies(Features) for disulfide >= 0.163	Features	0	0.02275754118359945	0.006469709490654334	0.5789345539287132	308.0	161.0	10.57%	2.35%	469	4.80      	9773	2.1	25	83%	2.203257656106692	0.4890540011313712	0.0	9.223372036854775E-5	9.223372036854775E-5	9.223372036854775E-5	9.223372036854775E-5	9.223372036854775E-5	9.223372036854775E-5	NA	false	wordFrequencies(Features) for disulfide	wordFrequencies(Features) for disulfide >= 0.163
245	min(numbers(Gene ontology (GO))) >= 3782.0	Gene ontology (GO)	0	0.022815372369672467	0.006316380140362681	0.5022111770119116	1490.0	2283.0	51.15%	33.28%	3773	38.61     	9773	2.05	18	4%	1.3249115233183835	0.8620310105792346	0.0	139.0	1932.0	5254.0	80008.0	3209.0	4759.0	NA	false	min(numbers(Gene ontology (GO)))	min(numbers(Gene ontology (GO))) >= 3782.0
246	wordFrequencies(Keywords) for disulfide >= 0.187	Keywords	0	0.021802158044537365	0.0060613097615248345	0.580049383677874	577.0	547.0	19.81%	7.97%	1124	11.50     	9773	2.1	27	83%	1.7222528657276914	0.6933057437514921	0.0	0.09223372036854775	0.09223372036854775	0.09223372036854775	0.09223372036854775	0.09223372036854775	0.04815083566448977	NA	false	wordFrequencies(Keywords) for disulfide	wordFrequencies(Keywords) for disulfide >= 0.187
247	sentimentDistribution(Features) does not contain -1.0	Features	0	0.02503961053450738	0.005995768302430579	0.5209341907184427	966.0	1165.0	33.16%	16.98%	2131	21.80     	9773	3.0	64	0.0%	1.52083147069811	0.778836432340584	NA	NA	NA	NA	NA	NA	NA	3.0	false	sentimentDistribution(Features) does not contain -1.0	sentimentDistribution(Features) does not contain -1.0
248	max(numbers(Features)) >= 8.5	Features	1	0.030197215161687614	0.005521794973582999	0.5028217374217269	922.0	3591.0	31.65%	52.35%	4513	46.18     	9773	2.05	12	0.0%	0.6854140485483101	1.133584384340929	1.0	4.0	8.0	15.0	547.0	13.0	19.0	NA	false	max(numbers(Features))	max(numbers(Features)) >= 8.5
249	wordCounts(Gene ontology (GO)) for protein >= 1.5	Gene ontology (GO)	1	0.023384538323738838	0.005514664703895053	0.577102606555607	472.0	2203.0	16.2%	32.11%	2675	27.37     	9773	2.05	58	53%	0.5919780808557193	1.1732606196016457	0.0	1.0	2.0	4.0	34.0	3.0	3.0	NA	false	wordCounts(Gene ontology (GO)) for protein	wordCounts(Gene ontology (GO)) for protein >= 1.5