total_nan	0.0
DNA binding	0.9
Mass	0.3
Tissue specificity	10.1
Keywords	11.4
Gene ontology (GO)	34.8
Features	9.9
Temperature dependence	0.0
Compositional bias	9.5
Post-translational modification	4.8
RNA editing	0.7
Nucleotide binding	1.5
Disruption phenotype	9.0
Pathway	2.2
Entry name	3.9
Sequence	4.1
Non-standard residue	0.0
pH dependence	0.5
Entry	4.6
Protein families	4.2
Protein names	6.9
Gene encoded by	0.0
Developmental stage	7.3
Gene names  (primary )	4.2
Zinc finger	2.8
Length	0.3
Repeat	4.6