DNA binding	0.2
Mass	0.1
Involvement in disease	2.3
Protein families	1.9
Keywords	2.0
Non-terminal residue	0.3
Gene ontology (GO)	2.5
Features	1.5
Compositional bias	1.3
Developmental stage	0.2
Repeat	0.7
Sequence	1.7
Nucleotide binding	1.0
Entry name	0.1
Gene encoded by	0.0
Zinc finger	1.0
Non-standard residue	0.1
Entry	0.1
Post-translational modification	2.2
pH dependence	0.1
Protein names	1.8
Length,Mass	0.2
Tissue specificity	2.3
Gene names  (primary )	0.1
Temperature dependence	0.0
Length	0.2
Pathway	0.5