idx	feature	Input names	Dominant bool_mir_target	RIG	Score	lin. score	Support 0	Support 1	% support 0	% support 1	support	% support	input cardinality	cost	invocation time	% Missing	Lift 0	Lift 1	Min	25th Percentile	Median	75th Percentile	Max	Mean	SD	Estimated Total Values	Summary is Sampled	numericFeatureName	booleanFeatureName
0	Features contains "modified"	Features	1	0.05753261961366731	0.04604017265757427	0.43862764588469527	1027.0	6432.0	27.85%	56.86%	7459	49.73     	14998	1.04	30	0.0%	0.5600799786686704	1.1433989142117065	NA	NA	NA	NA	NA	NA	NA	217.0	false	Features contains "modified"	Features contains "modified"
1	numberOfChars(Gene ontology (GO)) < 316	Gene ontology (GO)	0	0.04308899426490611	0.020112340989607548	0.4671525858027153	2111.0	3646.0	57.26%	32.23%	5757	38.39     	14998	2.0	2	NA	1.4915994532946506	0.8397553545842651	0.0	216.0	416.0	758.0	11623.0	619.0	721.0	NA	false	numberOfChars(Gene ontology (GO))	numberOfChars(Gene ontology (GO)) < 316
2	elementCount(Sequence) for E < 10.5	Sequence	0	0.0339618648670032	0.01635798235113634	0.5450857350325176	1032.0	1234.0	27.99%	10.91%	2266	15.11     	14998	2.0	128	0.0%	1.852592934647174	0.7220837989528661	0.0	15.0	28.0	51.0	972.0	41.0	46.0	NA	false	elementCount(Sequence) for E	elementCount(Sequence) for E < 10.5
3	skipgramsAndBiGrams(Features) contains ("chain", "*", "1")	Features	0	0.02905225652172935	0.0134352222290609	0.4688379486921603	1580.0	2663.0	42.85%	23.54%	4243	28.29     	14998	2.1	58	0.0%	1.5147615297193973	0.8322053081004847	NA	NA	NA	NA	NA	NA	NA	5525.0	false	skipgramsAndBiGrams(Features) contains ("chain", "*", "1")	skipgramsAndBiGrams(Features) contains ("chain", "*", "1")
4	numberOfWords(Features) < 21	Features	0	0.04134332249818727	0.012364458701617813	0.4616299971037894	2349.0	4402.0	63.71%	38.92%	6751	45.01     	14998	2.0	14	NA	1.4153867329301424	0.8645981005823149	2.0	15.0	22.0	29.0	63.0	22.0	9.0	NA	false	numberOfWords(Features)	numberOfWords(Features) < 21
5	Gene ontology (GO) contains "0005654"	Gene ontology (GO)	1	0.030107983178954485	0.011769414144941228	0.4463865574975931	297.0	2698.0	8.06%	23.85%	2995	19.97     	14998	1.04	70	4%	0.40338508308531573	1.1944761027905968	NA	NA	NA	NA	NA	NA	NA	22256.0	false	Gene ontology (GO) contains "0005654"	Gene ontology (GO) contains "0005654"
6	Gene ontology (GO) contains "0004984"	Gene ontology (GO)	0	0.019983326833886917	0.008237342408731637	0.4468748358985906	165.0	25.0	4.48%	0.22%	190	1.27      	14998	1.04	70	4%	3.5325681983640957	0.17446919393789928	NA	NA	NA	NA	NA	NA	NA	22256.0	false	Gene ontology (GO) contains "0004984"	Gene ontology (GO) contains "0004984"
7	Keywords contains "ubl"	Keywords	1	0.021835232055221882	0.008207193536002584	0.44824301162606145	237.0	2104.0	6.43%	18.6%	2341	15.61     	14998	1.04	17	0.0%	0.41181972472871015	1.1917266974560379	NA	NA	NA	NA	NA	NA	NA	803.0	false	Keywords contains "ubl"	Keywords contains "ubl"
8	skipgramsAndBiGrams(Keywords) contains ("alternative", "splicing")	Keywords	1	0.02873716485498756	0.008143042065740558	0.46991328597575727	633.0	4036.0	17.17%	35.68%	4669	31.13     	14998	2.1	70	0.0%	0.5514930550533172	1.1461979582723385	NA	NA	NA	NA	NA	NA	NA	19103.0	false	skipgramsAndBiGrams(Keywords) contains ("alternative", "splicing")	skipgramsAndBiGrams(Keywords) contains ("alternative", "splicing")
9	wordFrequencies(Gene ontology (GO)) for cytosol inRange (0.0018 to 0.1)	Gene ontology (GO)	1	0.02838248422023878	0.007594438822258163	0.6353157773770749	415.0	3151.0	11.26%	27.86%	3566	23.78     	14998	2.1	359	71%	0.4733986003178316	1.1716540854591242	0.0	0.0352234976838173	0.0560772154092044	0.0857492925712544	0.5773502691896258	0.0709852800450316	0.060341668818624	NA	false	|wordFrequencies(Gene ontology (GO)).valueOf(cytosol) orIfMissing 0.0 - 0.0526|	wordFrequencies(Gene ontology (GO)) for cytosol inRange (0.0018 to 0.1)
10	Keywords contains "structure"	Keywords	1	0.028275169455888625	0.007181436020987959	0.4461194766797511	900.0	4987.0	24.41%	44.09%	5887	39.25     	14998	1.04	17	0.0%	0.6218830004686859	1.123253238199271	NA	NA	NA	NA	NA	NA	NA	803.0	false	Keywords contains "structure"	Keywords contains "structure"
11	wordCounts(Gene ontology (GO)) for binding >= 1.5	Gene ontology (GO)	1	0.029449702661376066	0.007174461722192819	0.5420898975913627	937.0	5164.0	25.41%	45.65%	6101	40.68     	14998	2.05	83	35%	0.6247392293908698	1.1223222050425128	0.0	1.0	2.0	3.0	34.0	3.0	2.0	NA	false	wordCounts(Gene ontology (GO)) for binding	wordCounts(Gene ontology (GO)) for binding >= 1.5
12	wordFrequencies(Gene ontology (GO)) for rna inRange (0.0022 to 0.29)	Gene ontology (GO)	1	0.021838374821427944	0.007034714812783145	0.6351012262005614	334.0	2540.0	9.06%	22.46%	2874	19.16     	14998	2.1	359	78%	0.47273734815416274	1.1718696310985415	0.0	0.0603022689	0.1195228609	0.2146996852	0.6	0.1425554374	0.0990419209	NA	false	|wordFrequencies(Gene ontology (GO)).valueOf(rna) orIfMissing 0.0 - 0.15|	wordFrequencies(Gene ontology (GO)) for rna inRange (0.0022 to 0.29)
13	elementCount(Sequence) for K < 12.5	Sequence	0	0.03203024774999935	0.007003120523901205	0.5448146125120817	1497.0	2356.0	40.6%	20.83%	3853	25.69     	14998	2.0	128	0.0%	1.5804581595776606	0.8107904487346093	0.0	12.0	23.0	41.0	829.0	33.0	37.0	NA	false	elementCount(Sequence) for K	elementCount(Sequence) for K < 12.5
14	slidingSubsets(Features) contains ("1", "residue")	Features	1	0.01879214053198842	0.0067851536265316455	0.4699374988141495	872.0	4454.0	23.65%	39.38%	5326	35.51     	14998	2.0	888	0.0%	0.666002001735299	1.1088719493945676	NA	NA	NA	NA	NA	NA	NA	44022.0	false	slidingSubsets(Features) contains ("1", "residue")	slidingSubsets(Features) contains ("1", "residue")
15	elementCount(Sequence) for D < 12.5	Sequence	0	0.03253839205177899	0.0066494862172893085	0.5444035098761558	1718.0	2908.0	46.6%	25.71%	4626	30.84     	14998	2.0	128	1%	1.5106983077336376	0.8335297798060365	0.0	11.0	20.0	34.0	608.0	28.0	30.0	NA	false	elementCount(Sequence) for D	elementCount(Sequence) for D < 12.5
16	wordFrequencies(Keywords) for nucleus inRange (0.0458 to 0.27)	Keywords	1	0.026900078967965917	0.0065955883625980595	0.6298023643206634	404.0	3046.0	10.96%	26.93%	3450	23.00     	14998	2.1	83	71%	0.47634595503983834	1.1706933484013893	0.0	0.188982236504614	0.218217890235992	0.258198889747161	0.577350269189626	0.229373718707943	0.065369808580915	NA	false	|wordFrequencies(Keywords).valueOf(nucleus) orIfMissing 0.0 - 0.16|	wordFrequencies(Keywords) for nucleus inRange (0.0458 to 0.27)
17	nonEmpty(Non-terminal residue)	Non-terminal residue	0	0.014442003150020189	0.006432342031430479	0.447784040371164	106.0	9.0	2.87%	0.0796%	115	0.77      	20	1.0	0	99%	3.74945578471952	0.10377124230741142	NA	NA	NA	NA	NA	NA	NA	20.0	false	nonEmpty(Non-terminal residue)	nonEmpty(Non-terminal residue)
18	wordFrequencies(Keywords) for alternative inRange (0.12 to 0.27)	Keywords	1	0.0279009430472768	0.005818688790799575	0.6287221736331612	910.0	5006.0	24.68%	44.26%	5916	39.45     	14998	2.1	83	44%	0.6257104938811565	1.1220056059641212	0.0	0.1889822365046	0.22360679775	0.2773500981126	0.6666666666667	0.2393238300067	0.0757756416912	NA	false	|wordFrequencies(Keywords).valueOf(alternative) orIfMissing 0.0 - 0.19|	wordFrequencies(Keywords) for alternative inRange (0.12 to 0.27)
19	stemmedWords(Tissue specificity) contains "ubiquit"	Tissue specificity	1	0.010830605744113117	0.00565863843856189	0.4723520924423914	91.0	942.0	2.47%	8.33%	1033	6.89      	7308	2.0	20	48%	0.358344944995249	1.2091576507649648	NA	NA	NA	NA	NA	NA	NA	11506.0	false	stemmedWords(Tissue specificity) contains "ubiquit"	stemmedWords(Tissue specificity) contains "ubiquit"
20	stemmedWordsWithoutCommonTerms(Features) contains "initi"	Features	1	0.01951860228194027	0.005530399542753581	0.4698080223795807	758.0	4087.0	20.56%	36.13%	4845	32.30     	14998	2.0	21	0.0%	0.6364080081663659	1.1185185813712855	NA	NA	NA	NA	NA	NA	NA	213.0	false	stemmedWordsWithoutCommonTerms(Features) contains "initi"	stemmedWordsWithoutCommonTerms(Features) contains "initi"
21	Gene ontology (GO) contains "0016020"	Gene ontology (GO)	1	0.011977364326400852	0.005261482725266273	0.45035983118277095	193.0	1483.0	5.23%	13.11%	1676	11.17     	14998	1.04	70	4%	0.46842871134017283	1.1732740996630522	NA	NA	NA	NA	NA	NA	NA	22256.0	false	Gene ontology (GO) contains "0016020"	Gene ontology (GO) contains "0016020"
22	numberOfChars(Keywords) < 80	Keywords	0	0.024805329706716405	0.005163356701096877	0.4663751385276443	917.0	1210.0	24.87%	10.7%	2127	14.18     	14998	2.0	1	NA	1.7537272789986649	0.7543106287978006	18.0	106.0	155.0	205.0	636.0	161.0	77.0	NA	false	numberOfChars(Keywords)	numberOfChars(Keywords) < 80
23	skipgrams(Gene ontology (GO)) contains ("go", "*", "protein")	Gene ontology (GO)	1	0.01978435361168258	0.005144935361683011	0.4711846092636249	640.0	3668.0	17.36%	32.43%	4308	28.72     	14998	2.06	367	4%	0.604316554009558	1.1289793002711308	NA	NA	NA	NA	NA	NA	NA	103578.0	false	skipgrams(Gene ontology (GO)) contains ("go", "*", "protein")	skipgrams(Gene ontology (GO)) contains ("go", "*", "protein")
24	Features does not contain "sequence"	Features	0	0.022731783877243495	0.004910449377167765	0.44685382352880365	1330.0	2244.0	36.07%	19.84%	3574	23.83     	14998	1.04	30	0.0%	1.5137609735744806	0.8325314552586764	NA	NA	NA	NA	NA	NA	NA	217.0	false	Features does not contain "sequence"	Features does not contain "sequence"
25	numericPairs(Gene ontology (GO)) for (nucleus) >= 5634.5	Gene ontology (GO)	1	0.022349674996589117	0.004879029728895642	0.5493344539681613	422.0	2933.0	11.45%	25.93%	3355	22.37     	14998	2.0	2037	71%	0.511658434981409	1.1591826850166693	0.0	5654.0	5654.0	5783.0	1990752.0	24122.0	163415.0	NA	false	numericPairs(Gene ontology (GO)) for (nucleus)	numericPairs(Gene ontology (GO)) for (nucleus) >= 5634.5
26	average(numbers(Gene ontology (GO))) < 8144.75	Gene ontology (GO)	0	0.024187212285699526	0.004825429865431293	0.4753489622167202	807.0	993.0	21.89%	8.78%	1800	12.00     	14998	2.05	25	4%	1.823732935539282	0.7314911737836324	0.0	14641.0	23789.0	100884.0	1905719.0	72597.0	108702.0	NA	false	average(numbers(Gene ontology (GO)))	average(numbers(Gene ontology (GO))) < 8144.75
27	skipgramsAndBiGrams(Gene ontology (GO)) contains ("integral", "*", "component")	Gene ontology (GO)	0	0.014520654800841078	0.004791286415840674	0.4726983087117473	571.0	750.0	15.49%	6.63%	1321	8.81      	14998	2.1	688	4%	1.7583021303444166	0.7528193833807919	NA	NA	NA	NA	NA	NA	NA	208329.0	false	skipgramsAndBiGrams(Gene ontology (GO)) contains ("integral", "*", "component")	skipgramsAndBiGrams(Gene ontology (GO)) contains ("integral", "*", "component")
28	wordFrequencies(Features) for disulfide >= 0.163	Features	0	0.016761550936128355	0.004753254595962738	0.5472571881668297	382.0	341.0	10.36%	3.01%	723	4.82      	14998	2.1	69	83%	2.1492417941847206	0.6253863942039551	0.0	9.223372036854777E-6	9.223372036854777E-6	9.223372036854777E-6	9.223372036854777E-6	9.223372036854777E-6	9.223372036854777E-6	NA	false	wordFrequencies(Features) for disulfide	wordFrequencies(Features) for disulfide >= 0.163
29	wordFrequencies(Gene ontology (GO)) for go < 0.708	Gene ontology (GO)	0	0.029262197083114363	0.004743399979042101	0.5430913900163639	1777.0	3179.0	48.2%	28.11%	4956	33.04     	14998	2.1	359	4%	1.458533275629992	0.8505338000841852	0.0	0.688247202	0.767402772	0.819891592	0.948025712	0.742072291	0.10757028	NA	false	wordFrequencies(Gene ontology (GO)) for go	wordFrequencies(Gene ontology (GO)) for go < 0.708
30	wordFrequencies(Gene ontology (GO)) for extracellular >= 0.106	Gene ontology (GO)	0	0.010078978958939121	0.0046251646869416175	0.549796173840559	504.0	741.0	13.7%	6.55%	1246	8.31      	14998	2.1	359	78%	1.648669286604576	0.7885559491016645	0.0	0.045129368	0.078086881	0.149071198	0.612372436	0.113593427	0.10182738	NA	false	wordFrequencies(Gene ontology (GO)) for extracellular	wordFrequencies(Gene ontology (GO)) for extracellular >= 0.106
31	Features contains "mutagenesis"	Features	1	0.0196193619036592	0.004599988761779448	0.44841662173062746	529.0	3238.0	14.35%	28.63%	3767	25.12     	14998	1.04	30	0.0%	0.5712421742526008	1.139760419373235	NA	NA	NA	NA	NA	NA	NA	217.0	false	Features contains "mutagenesis"	Features contains "mutagenesis"
32	wordFrequencies(Gene ontology (GO)) for plasma >= 0.093	Gene ontology (GO)	0	0.013179054547324896	0.004598430357489147	0.549710450568248	700.0	1071.0	18.99%	9.48%	1771	11.81     	14998	2.1	359	73%	1.6069210287380307	0.802164456462106	0.0	0.046778026972499	0.081044089847311	0.134231211042805	0.5	0.096893361859052	0.065799528733648	NA	false	wordFrequencies(Gene ontology (GO)) for plasma	wordFrequencies(Gene ontology (GO)) for plasma >= 0.093
33	Tissue specificity contains "heart"	Tissue specificity	1	0.009755403915449278	0.004445352217460732	0.45077234043275455	278.0	1739.0	7.54%	15.37%	2017	13.45     	7308	1.04	28	48%	0.5606594018647303	1.1432100420232287	NA	NA	NA	NA	NA	NA	NA	12115.0	false	Tissue specificity contains "heart"	Tissue specificity contains "heart"
34	wordFrequencies(Gene ontology (GO)) for 0005737 inRange (0.0018 to 0.0608)	Gene ontology (GO)	1	0.017942857371854342	0.004194027181013045	0.6377135441648822	220.0	1867.0	5.97%	16.51%	2087	13.92     	14998	2.1	359	75%	0.4288055950737443	1.1861898833845907	0.0	0.0340601351645	0.0547175655165	0.0880450906326	0.5773502691896	0.0739458364047	0.0714971276877	NA	false	|wordFrequencies(Gene ontology (GO)).valueOf(0005737) orIfMissing 0.0 - 0.0313|	wordFrequencies(Gene ontology (GO)) for 0005737 inRange (0.0018 to 0.0608)
35	wordFrequencies(Keywords) for cytoplasm inRange (0.0408 to 0.26)	Keywords	1	0.018710201130559982	0.004153267182627661	0.6329226560487774	394.0	2657.0	10.69%	23.49%	3051	20.34     	14998	2.1	83	72%	0.5253082552755405	1.1547333094155319	0.0	0.18569533817705	0.22360679774998	0.26726124191242	0.57735026918963	0.23408213990025	0.07018782752409	NA	false	|wordFrequencies(Keywords).valueOf(cytoplasm) orIfMissing 0.0 - 0.15|	wordFrequencies(Keywords) for cytoplasm inRange (0.0408 to 0.26)
36	Gene ontology (GO) contains "protein"	Gene ontology (GO)	1	0.022353841901917488	0.004123812780915455	0.44883395881854876	976.0	4986.0	26.47%	44.08%	5962	39.75     	14998	1.1	13	4%	0.6659138652929543	1.1089006788670213	NA	NA	NA	NA	NA	NA	NA	26556.0	false	Gene ontology (GO) contains "protein"	Gene ontology (GO) contains "protein"
37	slidingSubsets(Gene ontology (GO)) contains ("go", "regulation", "of")	Gene ontology (GO)	1	0.020515457715751195	0.004078657434777319	0.469512814020244	849.0	4459.0	23.03%	39.42%	5308	35.39     	14998	2.0	1329	4%	0.6506343496130623	1.1138812795488142	NA	NA	NA	NA	NA	NA	NA	1055078.0	false	slidingSubsets(Gene ontology (GO)) contains ("go", "regulation", "of")	slidingSubsets(Gene ontology (GO)) contains ("go", "regulation", "of")
38	slidingSubsets(Keywords) contains ("acetylation", "alternative")	Keywords	1	0.022215473330666282	0.004039009814315889	0.4699386376672503	125.0	1556.0	3.39%	13.76%	1681	11.21     	14998	2.0	376	0.0%	0.3024840722915554	1.227366388954207	NA	NA	NA	NA	NA	NA	NA	111507.0	false	slidingSubsets(Keywords) contains ("acetylation", "alternative")	slidingSubsets(Keywords) contains ("acetylation", "alternative")
39	Gene ontology (GO) does not contain "binding"	Gene ontology (GO)	0	0.02537922100436708	0.004011072249263719	0.44633974508798685	1805.0	3402.0	48.96%	30.08%	5207	34.72     	14998	1.04	70	4%	1.410099765035374	0.8663214716925628	NA	NA	NA	NA	NA	NA	NA	22256.0	false	Gene ontology (GO) does not contain "binding"	Gene ontology (GO) does not contain "binding"
40	wordFrequencies(Keywords) for receptor >= 0.375	Keywords	0	0.020533293006433636	0.0038012429067193817	0.5471540812956985	283.0	143.0	7.7%	1.27%	427	2.85      	14998	2.1	83	93%	2.699198243893052	0.4461193594524196	0.0	0.188982237	0.312347524	0.39223227	0.577350269	0.292814466	0.109406102	NA	false	wordFrequencies(Keywords) for receptor	wordFrequencies(Keywords) for receptor >= 0.375
41	wordFrequencies(Features) for signal >= 0.138	Features	0	0.011647434093216877	0.0035720330855207	0.5483728016982983	566.0	826.0	15.38%	7.3%	1393	9.29      	14998	2.1	69	82%	1.6557400509463502	0.786251121223659	0.0	9.223372036854776E-4	9.223372036854776E-4	9.223372036854776E-4	9.223372036854776E-4	9.223372036854776E-4	9.223372036854776E-4	NA	false	wordFrequencies(Features) for signal	wordFrequencies(Features) for signal >= 0.138
42	wordFrequencies(Features) for alternative inRange (0.0845 to 0.19)	Features	1	0.027361209041897008	0.003552026373136937	0.6295680127824601	1094.0	5606.0	29.67%	49.56%	6700	44.67     	14998	2.1	69	45%	0.6642059029506657	1.1094574163045614	0.0	9.223372036854776E-4	9.223372036854776E-4	9.223372036854776E-4	9.223372036854776E-4	9.223372036854776E-4	9.223372036854776E-4	NA	false	|wordFrequencies(Features).valueOf(alternative) orIfMissing 0.0 - 0.14|	wordFrequencies(Features) for alternative inRange (0.0845 to 0.19)
43	max(numbers(Gene ontology (GO))) < 45800.0	Gene ontology (GO)	0	0.028945946441318874	0.003479770645322027	0.4720751116479205	1579.0	2664.0	42.83%	23.55%	4243	28.29     	14998	2.05	25	4%	1.5138028198904612	0.8325178147877174	0.0	43231.0	70062.0	1902271.0	2001311.0	592120.0	859607.0	NA	false	max(numbers(Gene ontology (GO)))	max(numbers(Gene ontology (GO))) < 45800.0
44	wordFrequencies(Keywords) for disulfide >= 0.184	Keywords	0	0.014978781334438813	0.003348487889462739	0.5484398332730592	764.0	1157.0	20.72%	10.23%	1921	12.81     	14998	2.1	83	82%	1.61780511941234	0.7986166143335428	0.0	0.09223372036854775	0.09223372036854775	0.09223372036854775	0.09223372036854775	0.09223372036854775	0.04770341609758653	NA	false	wordFrequencies(Keywords) for disulfide	wordFrequencies(Keywords) for disulfide >= 0.184
45	Protein names contains "testis"	Protein names	0	0.006555868863758664	0.003345499520023163	0.4510268209892019	136.0	108.0	3.69%	0.95%	244	1.63      	14998	1.04	15	0.0%	2.267301595770696	0.586902927804212	NA	NA	NA	NA	NA	NA	NA	21803.0	false	Protein names contains "testis"	Protein names contains "testis"
46	skipgramsAndBiGrams(Gene ontology (GO)) contains ("go", "go")	Gene ontology (GO)	1	0.010435222748902578	0.003287896920290341	0.47429660614055097	1260.0	5259.0	34.17%	46.49%	6519	43.47     	14998	2.1	688	4%	0.7862302980921637	1.0696816277017234	NA	NA	NA	NA	NA	NA	NA	208329.0	false	skipgramsAndBiGrams(Gene ontology (GO)) contains ("go", "go")	skipgramsAndBiGrams(Gene ontology (GO)) contains ("go", "go")
47	wordFrequencies(Features) for region >= 0.221	Features	0	0.014371420375742322	0.0032589349025164637	0.5522288595162138	453.0	517.0	12.29%	4.57%	970	6.47      	14998	2.1	69	34%	1.8997072466928941	0.7067261410523649	0.0	0.12803687993289598	0.15075567228888181	0.18257418583505536	0.5	0.16105793820147832	0.050378882709569674	NA	false	wordFrequencies(Features) for region	wordFrequencies(Features) for region >= 0.221
48	slidingSubsets(Keywords) contains ("structure", "acetylation")	Keywords	1	0.021041754774106785	0.0032523655408878043	0.47011881972382563	144.0	1615.0	3.91%	14.28%	1759	11.73     	14998	2.0	376	0.0%	0.3330096849354546	1.2174160809515497	NA	NA	NA	NA	NA	NA	NA	111507.0	false	slidingSubsets(Keywords) contains ("structure", "acetylation")	slidingSubsets(Keywords) contains ("structure", "acetylation")
49	sum(numbers(Features)) >= 24.5	Features	1	0.03153466997927191	0.003250249800081914	0.4705702840634928	1168.0	6019.0	31.68%	53.21%	7187	47.92     	14998	2.05	13	0.0%	0.6610821176121534	1.1104756637223934	1.0	13.0	23.0	44.0	1510.0	35.0	39.0	NA	false	sum(numbers(Features))	sum(numbers(Features)) >= 24.5
50	alphaStringBeforeNumber(Features) == "Chain"	Features	0	0.019740911920035943	0.0032222109893300477	0.4691795477276819	1372.0	2464.0	37.21%	21.78%	3836	25.58     	14998	2.0	2	4%	1.454908645289526	0.8517153058807814	NA	NA	NA	NA	NA	NA	NA	15.0	false	alphaStringBeforeNumber(Features) == "Chain"	alphaStringBeforeNumber(Features) == "Chain"
51	The percent of I in (Sequence) notInRange (1.91 to 7.39)	Sequence	0	0.01003201880776655	0.0032220462047657474	0.6317642248652239	904.0	1690.0	24.52%	14.94%	2594	17.30     	14998	2.0	178	1%	1.4176162093199156	0.8638713673625207	0.0	3.0	4.0	6.0	50.0	4.0	2.0	NA	false	|normalizedHistogram(Sequence).valueOf(I) orIfMissing 0.0 - 4.65|	The percent of I in (Sequence) notInRange (1.91 to 7.39)
52	slidingSubsets(Post-translational modification) contains ("specific", "in")	Post-translational modification	0	0.00504877969251165	0.0032127393170024634	0.47309624040540266	43.0	7.0	1.17%	0.0619%	50	0.33      	3661	2.0	1865	74%	3.4983129915920803	0.18563522234992488	NA	NA	NA	NA	NA	NA	NA	534474.0	false	slidingSubsets(Post-translational modification) contains ("specific", "in")	slidingSubsets(Post-translational modification) contains ("specific", "in")
53	min(numbers(Gene ontology (GO))) >= 4863.0	Gene ontology (GO)	0	0.016636448423847254	0.0031900021210186282	0.47684376151204366	1642.0	3328.0	44.53%	29.42%	4970	33.14     	14998	2.05	24	4%	1.3439310121646613	0.8878902270487926	0.0	139.0	2040.0	5504.0	1905719.0	3576.0	22526.0	NA	false	min(numbers(Gene ontology (GO)))	min(numbers(Gene ontology (GO))) >= 4863.0
54	slidingSubsets(Gene ontology (GO)) contains ("go", "transcription")	Gene ontology (GO)	1	0.01409344198778149	0.003096395761080385	0.47147829687179216	205.0	1633.0	5.56%	14.44%	1838	12.25     	14998	2.0	1329	4%	0.45369977685323815	1.1780752296651147	NA	NA	NA	NA	NA	NA	NA	1055078.0	false	slidingSubsets(Gene ontology (GO)) contains ("go", "transcription")	slidingSubsets(Gene ontology (GO)) contains ("go", "transcription")
55	Gene ontology (GO) does not contain "regulation"	Gene ontology (GO)	0	0.022746843244356038	0.0030494252123463603	0.447239864981676	2286.0	4928.0	62%	43.57%	7214	48.10     	14998	1.04	70	4%	1.2890219113318895	0.9057887200883498	NA	NA	NA	NA	NA	NA	NA	22256.0	false	Gene ontology (GO) does not contain "regulation"	Gene ontology (GO) does not contain "regulation"
56	wordFrequencies(Involvement in disease) for pubmed inRange (0.0575 to 0.43)	Involvement in disease	1	0.01083125340603995	0.003039553379337544	0.6365321806614693	510.0	2708.0	13.83%	23.94%	3218	21.46     	3676	2.1	785	76%	0.6446802237819101	1.1158221213788433	0.0	0.1	0.1543033	0.260133	0.7160016	0.197881	0.1274894	NA	false	|wordFrequencies(Involvement in disease).valueOf(pubmed) orIfMissing 0.0 - 0.25|	wordFrequencies(Involvement in disease) for pubmed inRange (0.0575 to 0.43)
57	Gene ontology (GO) contains "cycle [go"	Gene ontology (GO)	1	0.007602360307765668	0.0030269083833326157	0.45270361816780424	87.0	785.0	2.36%	6.94%	872	5.81      	14998	1.1	31	4%	0.40584759743507437	1.1936734071485176	NA	NA	NA	NA	NA	NA	NA	145556.0	false	Gene ontology (GO) contains "cycle [go"	Gene ontology (GO) contains "cycle [go"
58	stemmedWords(Gene ontology (GO)) contains "process"	Gene ontology (GO)	1	0.015899519100021724	0.00299444401279632	0.4707152376513945	742.0	3844.0	20.12%	33.98%	4586	30.58     	14998	2.0	30	4%	0.6581578514389912	1.1114288747011263	NA	NA	NA	NA	NA	NA	NA	21901.0	false	stemmedWords(Gene ontology (GO)) contains "process"	stemmedWords(Gene ontology (GO)) contains "process"
59	Keywords contains "nucleus. phosphoprotein"	Keywords	1	0.024639459441332324	0.0029808892811279543	0.44896568388773733	240.0	2227.0	6.51%	19.69%	2467	16.45     	14998	1.1	39	0.0%	0.39573303323974096	1.1969704099058505	NA	NA	NA	NA	NA	NA	NA	8872.0	false	Keywords contains "nucleus. phosphoprotein"	Keywords contains "nucleus. phosphoprotein"
60	wordFrequencies(Gene ontology (GO)) for 0005886 >= 0.1	Gene ontology (GO)	0	0.014598757829576441	0.0029740382413138795	0.5494763913865024	384.0	384.0	10.41%	3.39%	768	5.12      	14998	2.1	359	77%	2.033902902088419	0.6629829369640173	0.0	0.03304093002275449	0.05488212999484517	0.09128709291752768	0.5	0.06871531845218197	0.050553169442552344	NA	false	wordFrequencies(Gene ontology (GO)) for 0005886	wordFrequencies(Gene ontology (GO)) for 0005886 >= 0.1
61	Keywords contains "erv"	Keywords	0	0.005347115909403752	0.002952671554241272	0.45141575708642795	37.0	2.0	1%	0.0177%	39	0.26      	14998	1.04	17	0.0%	3.859200378321615	0.06799824994502741	NA	NA	NA	NA	NA	NA	NA	803.0	false	Keywords contains "erv"	Keywords contains "erv"
62	elementCount(Sequence) for F < 5.5	Sequence	0	0.018066938485100218	0.0029228650316655415	0.5465435583717363	804.0	1150.0	21.81%	10.17%	1954	13.03     	14998	2.0	128	1%	1.6737542817595585	0.7803790967334902	0.0	9.0	17.0	27.0	344.0	21.0	20.0	NA	false	elementCount(Sequence) for F	elementCount(Sequence) for F < 5.5
63	wordFrequencies(Gene ontology (GO)) for nucleus inRange (0.0024 to 0.1)	Gene ontology (GO)	1	0.02223342299033593	0.0029050578242378134	0.6366030398383707	422.0	2928.0	11.45%	25.89%	3350	22.34     	14998	2.1	359	71%	0.5124221042873509	1.158933754883966	0.0	0.036735917918532	0.059028133610096	0.09491579957525	0.577350269189626	0.075196117082928	0.066363202348755	NA	false	|wordFrequencies(Gene ontology (GO)).valueOf(nucleus) orIfMissing 0.0 - 0.052|	wordFrequencies(Gene ontology (GO)) for nucleus inRange (0.0024 to 0.1)
64	wordFrequencies(Keywords) for repeat inRange (0.11 to 0.21)	Keywords	1	0.009306136517985376	0.002881619129546656	0.6375073156116537	195.0	1364.0	5.29%	12.06%	1559	10.39     	14998	2.1	83	74%	0.5088018805737545	1.1601138242705833	0.0	0.1889822	0.2236068	0.3244428	0.8017837	0.2766129	0.1347362	NA	false	|wordFrequencies(Keywords).valueOf(repeat) orIfMissing 0.0 - 0.16|	wordFrequencies(Keywords) for repeat inRange (0.11 to 0.21)
65	Gene ontology (GO) contains "mitotic"	Gene ontology (GO)	1	0.00752786878035233	0.0028544649752863128	0.4514357351725258	63.0	659.0	1.71%	5.83%	722	4.81      	14998	1.04	70	4%	0.3549470438547656	1.2102652505797435	NA	NA	NA	NA	NA	NA	NA	22256.0	false	Gene ontology (GO) contains "mitotic"	Gene ontology (GO) contains "mitotic"
66	The percent of W in (Sequence) notInRange (0.0241 to 1.66)	Sequence	0	0.009519157574517045	0.002833895474467494	0.6334492703422387	1602.0	3612.0	43.45%	31.93%	5214	34.76     	14998	2.0	178	6%	1.249832163078499	0.9185632406267857	0.0	0.7	1.2	1.8	23.3	1.4	0.9	NA	false	|normalizedHistogram(Sequence).valueOf(W) orIfMissing 0.0 - 0.84|	The percent of W in (Sequence) notInRange (0.0241 to 1.66)
67	wordFrequencies(Gene ontology (GO)) for component >= 0.121	Gene ontology (GO)	0	0.014459446778706385	0.0027901515426243966	0.5488688270443778	520.0	646.0	14.1%	5.72%	1166	7.78      	14998	2.1	359	72%	1.8125612837805989	0.7351327510123714	0.0	0.04761904762	0.0790569415	0.13130643286	0.41702882811	0.10518666725	0.08912208151	NA	false	wordFrequencies(Gene ontology (GO)) for component	wordFrequencies(Gene ontology (GO)) for component >= 0.121
68	The percent of L in (Sequence) >= 12.305	Sequence	0	0.009632784716540643	0.0027156774322566147	0.5477263572247218	1032.0	2039.0	27.99%	18.03%	3071	20.48     	14998	2.0	178	0.0%	1.3669734906904905	0.8803791653986527	0.0	8.0	10.0	12.0	26.0	10.0	3.0	NA	false	The percent of L in (Sequence)	The percent of L in (Sequence) >= 12.305
69	slidingSubsets(Features) contains ("erroneous", "initiation", "helix")	Features	1	0.01093555498038563	0.002658240638075156	0.4723951586991357	66.0	811.0	1.79%	7.17%	877	5.85      	14998	2.0	888	0.0%	0.306129057098827	1.2261782482960502	NA	NA	NA	NA	NA	NA	NA	44022.0	false	slidingSubsets(Features) contains ("erroneous", "initiation", "helix")	slidingSubsets(Features) contains ("erroneous", "initiation", "helix")
70	wordFrequencies(Gene ontology (GO)) for immune >= 0.102	Gene ontology (GO)	0	0.011696259387443491	0.0026542702223579418	0.5483061229988816	178.0	101.0	4.83%	0.89%	279	1.86      	14998	2.1	359	93%	2.5952309431665674	0.4800091514936668	0.0	0.03485780871879	0.05763904177042	0.107365625419	0.5	0.08192381577632	0.06981947158986	NA	false	wordFrequencies(Gene ontology (GO)) for immune	wordFrequencies(Gene ontology (GO)) for immune >= 0.102
71	Keywords contains "acetylation"	Keywords	1	0.02660787134871274	0.0026476437513478415	0.4471681614659186	277.0	2475.0	7.51%	21.88%	2752	18.35     	14998	1.04	17	0.0%	0.40944120921402033	1.1925020123444352	NA	NA	NA	NA	NA	NA	NA	803.0	false	Keywords contains "acetylation"	Keywords contains "acetylation"
72	wordCounts(Gene ontology (GO)) for protein >= 2.5	Gene ontology (GO)	1	0.015220785606088303	0.002629413777825251	0.5460307826133187	301.0	2107.0	8.16%	18.63%	2408	16.06     	14998	2.05	83	55%	0.5084757255221054	1.1602201396870302	0.0	1.0	2.0	3.0	34.0	3.0	3.0	NA	false	wordCounts(Gene ontology (GO)) for protein	wordCounts(Gene ontology (GO)) for protein >= 2.5
73	Protein names contains "homolog"	Protein names	1	0.005182046033963224	0.002628491256286057	0.45181897631520646	168.0	1027.0	4.56%	9.08%	1195	7.97      	14998	1.04	15	0.0%	0.5718756277001746	1.1395539351666037	NA	NA	NA	NA	NA	NA	NA	21803.0	false	Protein names contains "homolog"	Protein names contains "homolog"
74	slidingSubsets(Tissue specificity) contains ("tissue", "specificity", "specific")	Tissue specificity	0	0.004950401157899237	0.0025712192125970537	0.4731532116758657	98.0	74.0	2.66%	0.65%	172	1.15      	7308	2.0	1199	48%	2.317703307030989	0.5704736899457823	NA	NA	NA	NA	NA	NA	NA	371090.0	false	slidingSubsets(Tissue specificity) contains ("tissue", "specificity", "specific")	slidingSubsets(Tissue specificity) contains ("tissue", "specificity", "specific")
75	Post-translational modification contains "pubmed"	Post-translational modification	1	0.01150216913077187	0.0025289068628125285	0.4503200105358363	415.0	2383.0	11.26%	21.07%	2798	18.66     	3661	1.04	48	74%	0.6033378873242986	1.1292983122124756	NA	NA	NA	NA	NA	NA	NA	14758.0	false	Post-translational modification contains "pubmed"	Post-translational modification contains "pubmed"
76	slidingSubsets(Features) contains ("chain", "1", "disulfide")	Features	0	0.013721463536449484	0.00250389952129147	0.47070671424514576	684.0	1018.0	18.55%	9%	1702	11.35     	14998	2.0	888	0.0%	1.6347703701862262	0.7930865215386247	NA	NA	NA	NA	NA	NA	NA	44022.0	false	slidingSubsets(Features) contains ("chain", "1", "disulfide")	slidingSubsets(Features) contains ("chain", "1", "disulfide")
77	slidingSubsets(Gene ontology (GO)) contains ("factor", "go")	Gene ontology (GO)	1	0.010706087235546306	0.0024765828720281755	0.4721927004966689	245.0	1650.0	6.64%	14.59%	1895	12.64     	14998	2.0	1329	4%	0.5259168453948945	1.1545349298054126	NA	NA	NA	NA	NA	NA	NA	1055078.0	false	slidingSubsets(Gene ontology (GO)) contains ("factor", "go")	slidingSubsets(Gene ontology (GO)) contains ("factor", "go")
78	The percent of F in (Sequence) notInRange (1.74 to 6.28)	Sequence	0	0.009989304601998735	0.0024631330397775686	0.6323765358874467	902.0	1687.0	24.46%	14.91%	2589	17.26     	14998	2.0	178	1%	1.4172116011461984	0.8640032558194648	0.0	3.0	4.0	5.0	17.0	4.0	2.0	NA	false	|normalizedHistogram(Sequence).valueOf(F) orIfMissing 0.0 - 4.01|	The percent of F in (Sequence) notInRange (1.74 to 6.28)
79	Features contains "motif"	Features	1	0.008091053101820726	0.002461395283947812	0.4511448287046018	262.0	1582.0	7.11%	13.99%	1844	12.29     	14998	1.04	30	0.0%	0.5779637313960583	1.1375694211248106	NA	NA	NA	NA	NA	NA	NA	217.0	false	Features contains "motif"	Features contains "motif"
80	elementCount(Sequence) for V < 10.5	Sequence	0	0.017320665019276347	0.002440030942654141	0.5462873831672015	866.0	1313.0	23.49%	11.61%	2179	14.53     	14998	2.0	128	0.0%	1.6166681167586696	0.7989872383972049	0.0	15.0	26.0	42.0	650.0	35.0	35.0	NA	false	elementCount(Sequence) for V	elementCount(Sequence) for V < 10.5
81	elementCount(Sequence) for I < 6.5	Sequence	0	0.017921517859133235	0.002418169291265467	0.546589377090404	911.0	1397.0	24.71%	12.35%	2308	15.39     	14998	2.0	128	1%	1.6056200552881712	0.8025885294096466	0.0	10.0	19.0	31.0	515.0	25.0	27.0	NA	false	elementCount(Sequence) for I	elementCount(Sequence) for I < 6.5
82	average(numbers(Features)) < 1.679	Features	0	0.01696008863631508	0.0024094176576532006	0.47284090493361564	1063.0	1793.0	28.83%	15.85%	2856	19.04     	14998	2.05	14	0.0%	1.514032762549012	0.8324428613280693	1.0	2.0	3.0	4.0	101.0	3.0	3.0	NA	false	average(numbers(Features))	average(numbers(Features)) < 1.679
83	Tissue specificity contains "widely"	Tissue specificity	1	0.004733341861269488	0.0024016403544410395	0.4519282396054518	139.0	879.0	3.77%	7.77%	1018	6.79      	7308	1.04	28	48%	0.5554273151086252	1.1449155237551498	NA	NA	NA	NA	NA	NA	NA	12115.0	false	Tissue specificity contains "widely"	Tissue specificity contains "widely"
84	elementCount(Sequence) for G < 16.5	Sequence	0	0.020242368247744846	0.002400160784468934	0.5464836966033871	1397.0	2509.0	37.89%	22.18%	3906	26.04     	14998	2.0	128	0.0%	1.4548706370801439	0.8517276952599689	0.0	16.0	28.0	46.0	1483.0	38.0	42.0	NA	false	elementCount(Sequence) for G	elementCount(Sequence) for G < 16.5
85	Features contains "7)."	Features	1	0.010658870228450789	0.002387182672924914	0.4518597858773533	347.0	2068.0	9.41%	18.28%	2415	16.10     	14998	1.1	12	0.0%	0.584483898157086	1.1354440692683958	NA	NA	NA	NA	NA	NA	NA	1956.0	false	Features contains "7)."	Features contains "7)."
86	Gene ontology (GO) contains "organization"	Gene ontology (GO)	1	0.007751719555113286	0.0023160077847218775	0.4512478028954305	203.0	1318.0	5.51%	11.65%	1521	10.14     	14998	1.04	70	4%	0.5429089929308994	1.148996069583925	NA	NA	NA	NA	NA	NA	NA	22256.0	false	Gene ontology (GO) contains "organization"	Gene ontology (GO) contains "organization"
87	numericPairs(Protein families) contains ("family", "histone")	Protein families	0	0.0066985171248218145	0.002311907920903673	0.4963294060659051	43.0	1.0	1.17%	0.0088%	44	0.29      	4433	3.0	47	62%	3.9753556722637278	0.03013558804381897	NA	NA	NA	NA	NA	NA	NA	942.0	false	numericPairs(Protein families) contains ("family", "histone")	numericPairs(Protein families) contains ("family", "histone")
88	wordFrequencies(Features) for glycosylation >= 0.181	Features	0	0.013092055978631082	0.002301105997394803	0.5490648830311486	363.0	378.0	9.87%	3.34%	742	4.95      	14998	2.1	69	77%	1.9955273756339142	0.6754920489822084	0.0	9.223372036854776E-4	9.223372036854776E-4	9.223372036854776E-4	9.223372036854776E-4	9.223372036854776E-4	9.223372036854776E-4	NA	false	wordFrequencies(Features) for glycosylation	wordFrequencies(Features) for glycosylation >= 0.181
89	wordCounts(Gene ontology (GO)) for go < 7.5	Gene ontology (GO)	0	0.04364383816654058	0.002271008247462803	0.5409205276962543	2093.0	3578.0	56.77%	31.63%	5671	37.81     	14998	2.05	83	4%	1.5013079788647719	0.836590706562248	0.0	6.0	10.0	18.0	233.0	14.0	14.0	NA	false	wordCounts(Gene ontology (GO)) for go	wordCounts(Gene ontology (GO)) for go < 7.5
90	slidingSubsets(Features) contains ("sequence", "turn")	Features	1	0.014399132068557743	0.0022692425682829718	0.4714608259433651	170.0	1483.0	4.61%	13.11%	1653	11.02     	14998	2.0	888	0.0%	0.4183466344283499	1.1895991476317456	NA	NA	NA	NA	NA	NA	NA	44022.0	false	slidingSubsets(Features) contains ("sequence", "turn")	slidingSubsets(Features) contains ("sequence", "turn")
91	wordFrequencies(Features) for mutagenesis inRange (0.0841 to 0.19)	Features	1	0.022443026630096594	0.0022526149344794587	0.6321883129189274	431.0	2974.0	11.69%	26.29%	3405	22.70     	14998	2.1	69	75%	0.5148970048752473	1.1581270217509472	0.0	9.223372036854777E-10	9.223372036854777E-10	9.223372036854777E-10	9.223372036854777E-10	9.223372036854777E-10	9.223372036854777E-10	NA	false	|wordFrequencies(Features).valueOf(mutagenesis) orIfMissing 0.0 - 0.14|	wordFrequencies(Features) for mutagenesis inRange (0.0841 to 0.19)
92	sum(numbers(Compositional bias)) >= 1376.5	Compositional bias	1	0.011383037360648275	0.002248522335060983	0.47489068677480123	531.0	2819.0	14.4%	24.92%	3350	22.34     	5934	2.05	140	0.0%	0.6447775767217614	1.1157903876427253	0.0	0.0	0.0	1144.0	473602.0	1918.0	8671.0	NA	false	sum(numbers(Compositional bias))	sum(numbers(Compositional bias)) >= 1376.5
93	wordFrequencies(Gene ontology (GO)) for negative inRange (0.004 to 0.18)	Gene ontology (GO)	1	0.015474936409710864	0.0022379513994285507	0.6361729286956573	511.0	2966.0	13.86%	26.22%	3477	23.18     	14998	2.1	359	75%	0.5978282329405706	1.131094271518709	0.0	0.0456911662384954	0.0725934880173801	0.1151023138790327	0.4082482904638631	0.0887370374445205	0.0595439355914844	NA	false	|wordFrequencies(Gene ontology (GO)).valueOf(negative) orIfMissing 0.0 - 0.0932|	wordFrequencies(Gene ontology (GO)) for negative inRange (0.004 to 0.18)
94	elementCount(Sequence) for N < 13.5	Sequence	0	0.02090182088242954	0.002229365964752895	0.5455054180313009	2224.0	4823.0	60.32%	42.64%	7047	46.99     	14998	2.0	128	1%	1.2837803474512965	0.9074972910394369	0.0	8.0	15.0	26.0	339.0	21.0	23.0	NA	false	elementCount(Sequence) for N	elementCount(Sequence) for N < 13.5
95	Gene ontology (GO) contains "from"	Gene ontology (GO)	1	0.005642332706375571	0.0022216285937902056	0.4518364143486305	44.0	479.0	1.19%	4.23%	523	3.49      	14998	1.04	70	4%	0.342224580083711	1.214412339601393	NA	NA	NA	NA	NA	NA	NA	22256.0	false	Gene ontology (GO) contains "from"	Gene ontology (GO) contains "from"
96	wordFrequencies(Gene ontology (GO)) for assembly inRange (0.0027 to 0.0514)	Gene ontology (GO)	1	0.008157861817319671	0.002215616735301943	0.6386035426569999	74.0	743.0	2.01%	6.57%	817	5.45      	14998	2.1	359	88%	0.3684426309780734	1.2058661497289225	0.0	0.033167906340332974	0.05581455721859477	0.08770580193070293	0.09223372036854775	0.06781857998425181	0.049739479270125814	NA	false	|wordFrequencies(Gene ontology (GO)).valueOf(assembly) orIfMissing 0.0 - 0.0271|	wordFrequencies(Gene ontology (GO)) for assembly inRange (0.0027 to 0.0514)
97	Keywords == "Reference proteome"	Keywords	0	0.010178336320864317	0.002207636734898022	0.44900776625384003	159.0	93.0	4.31%	0.82%	252	1.68      	14998	1.0	0	0.0%	2.56659175739729	0.48934454871153665	NA	NA	NA	NA	NA	NA	NA	11948.0	false	Keywords == "Reference proteome"	Keywords == "Reference proteome"
98	wordFrequencies(Features) for compositional inRange (0.0845 to 0.17)	Features	1	0.019662568260655815	0.0021710472244044973	0.6326778380247606	665.0	3755.0	18.04%	33.2%	4420	29.47     	14998	2.1	69	59%	0.6120115067370129	1.126471008280491	0.0	9.223372036854775E-5	9.223372036854775E-5	9.223372036854775E-5	9.223372036854775E-5	9.223372036854775E-5	9.223372036854775E-5	NA	false	|wordFrequencies(Features).valueOf(compositional) orIfMissing 0.0 - 0.13|	wordFrequencies(Features) for compositional inRange (0.0845 to 0.17)
99	stemmedWordsWithoutCommonTerms(Keywords) contains "keratin"	Keywords	0	0.00579861797648004	0.0021573885907911327	0.47285516708299286	88.0	49.0	2.39%	0.43%	137	0.91      	14998	2.0	32	0.0%	2.6128971588873116	0.4742505680472533	NA	NA	NA	NA	NA	NA	NA	766.0	false	stemmedWordsWithoutCommonTerms(Keywords) contains "keratin"	stemmedWordsWithoutCommonTerms(Keywords) contains "keratin"
100	alphaStringBeforeNumber(Features) == ""	Features	0	0.010270369787991148	0.002145098442774408	0.4715669522770616	289.0	300.0	7.84%	2.65%	589	3.93      	14998	2.0	2	4%	1.995918297804934	0.6753646216950941	NA	NA	NA	NA	NA	NA	NA	15.0	false	alphaStringBeforeNumber(Features) == ""	alphaStringBeforeNumber(Features) == ""
101	numericPairs(Features) for (region, sequence) >= 1.5	Features	1	0.011551121990429397	0.0021275151154541167	0.5463089703787747	566.0	2959.0	15.35%	26.16%	3525	23.50     	14998	2.0	936	64%	0.6531569035926496	1.1130590130363276	0.0	1.0	2.0	4.0	33.0	3.0	3.0	NA	false	numericPairs(Features) for (region, sequence)	numericPairs(Features) for (region, sequence) >= 1.5
102	wordFrequencies(Keywords) for metal inRange (0.11 to 0.21)	Keywords	1	0.009914180647068366	0.0020784315744891567	0.636090723257914	220.0	1503.0	5.97%	13.29%	1723	11.49     	14998	2.1	83	80%	0.5193948211949531	1.1566608871235264	0.0	0.17407765595569785	0.2	0.22360679774997896	0.5773502691896258	0.20685177236303015	0.052019563184250585	NA	false	|wordFrequencies(Keywords).valueOf(metal) orIfMissing 0.0 - 0.16|	wordFrequencies(Keywords) for metal inRange (0.11 to 0.21)
103	slidingSubsets(Gene ontology (GO)) contains ("of", "signaling")	Gene ontology (GO)	1	0.007558123612841878	0.0020764420139482154	0.47300316269909154	111.0	899.0	3.01%	7.95%	1010	6.73      	14998	2.0	1329	4%	0.4470558854095336	1.1802409115458448	NA	NA	NA	NA	NA	NA	NA	1055078.0	false	slidingSubsets(Gene ontology (GO)) contains ("of", "signaling")	slidingSubsets(Gene ontology (GO)) contains ("of", "signaling")
104	alphaStringBeforeNumber(Keywords) == "Cell"	Keywords	0	0.01362930376338884	0.0020511714475518325	0.4705353597889071	370.0	378.0	10.04%	3.34%	748	4.99      	14998	2.0	5	45%	2.012149929873569	0.670073663562563	NA	NA	NA	NA	NA	NA	NA	146.0	false	alphaStringBeforeNumber(Keywords) == "Cell"	alphaStringBeforeNumber(Keywords) == "Cell"
105	elementCount(Sequence) for R < 15.5	Sequence	0	0.020429387993221824	0.0020455979791686543	0.5455766576120874	1537.0	2871.0	41.69%	25.38%	4408	29.39     	14998	2.0	128	0.0%	1.4183796554037655	0.8636225099926015	0.0	14.0	24.0	41.0	541.0	33.0	31.0	NA	false	elementCount(Sequence) for R	elementCount(Sequence) for R < 15.5
106	Gene ontology (GO) contains "dependent"	Gene ontology (GO)	1	0.007769310299331537	0.002045155190626233	0.45125658520585843	182.0	1229.0	4.94%	10.87%	1411	9.41      	14998	1.04	70	4%	0.524692173182271	1.154934131153476	NA	NA	NA	NA	NA	NA	NA	22256.0	false	Gene ontology (GO) contains "dependent"	Gene ontology (GO) contains "dependent"
107	Features does not contain "3"	Features	0	0.011548493465323911	0.002038275986148751	0.45006128701517106	2077.0	4884.0	56.33%	43.18%	6961	46.41     	14998	1.04	30	0.0%	1.213738350132925	0.9303285919069848	NA	NA	NA	NA	NA	NA	NA	217.0	false	Features does not contain "3"	Features does not contain "3"
108	wordFrequencies(Features) for conflict inRange (0.0845 to 0.19)	Features	1	0.02335024495929037	0.0020300891800678475	0.6312730366738745	1213.0	5817.0	32.9%	51.43%	7030	46.87     	14998	2.1	69	43%	0.7018845576766009	1.0971754606883894	0.0	9.223372036854775E-5	9.223372036854775E-5	9.223372036854775E-5	9.223372036854775E-5	9.223372036854775E-5	9.223372036854775E-5	NA	false	|wordFrequencies(Features).valueOf(conflict) orIfMissing 0.0 - 0.14|	wordFrequencies(Features) for conflict inRange (0.0845 to 0.19)
109	adjectivesHistogram(Gene ontology (GO)) for complex >= 1.5	Gene ontology (GO)	1	0.008743433255762373	0.0020223739735653963	0.5467448790983186	175.0	1248.0	4.75%	11.03%	1423	9.49      	14998	2.0	181	73%	0.5002572141468353	1.1628990939298576	0.0	1.0	1.0	2.0	11.0	2.0	1.0	NA	false	adjectivesHistogram(Gene ontology (GO)) for complex	adjectivesHistogram(Gene ontology (GO)) for complex >= 1.5
110	Gene ontology (GO) contains "transcription"	Gene ontology (GO)	1	0.015344762458346537	0.001992615772201484	0.4494931239172183	361.0	2364.0	9.79%	20.9%	2725	18.17     	14998	1.04	70	4%	0.53889097075517	1.1503058076938988	NA	NA	NA	NA	NA	NA	NA	22256.0	false	Gene ontology (GO) contains "transcription"	Gene ontology (GO) contains "transcription"
111	wordFrequencies(Gene ontology (GO)) for differentiation inRange (0.0029 to 0.0503)	Gene ontology (GO)	1	0.00819669894881795	0.001992018007954413	0.6390229580344962	92.0	836.0	2.5%	7.39%	928	6.19      	14998	2.1	359	87%	0.403273851276152	1.1945123605644794	0.0	0.033389028164708894	0.052199575097188054	0.08137884587711594	0.5	0.06478407533193714	0.05004117199356021	NA	false	|wordFrequencies(Gene ontology (GO)).valueOf(differentiation) orIfMissing 0.0 - 0.0266|	wordFrequencies(Gene ontology (GO)) for differentiation inRange (0.0029 to 0.0503)
112	Features does not contain "2"	Features	0	0.010984114678224112	0.0019804756912256993	0.450090929422024	1254.0	2555.0	34.01%	22.59%	3809	25.40     	14998	1.04	30	0.0%	1.3392041161558819	0.8894310338372614	NA	NA	NA	NA	NA	NA	NA	217.0	false	Features does not contain "2"	Features does not contain "2"
113	Gene ontology (GO) contains "apoptotic"	Gene ontology (GO)	1	0.009384678596147729	0.001958375640912424	0.4509193297091468	176.0	1284.0	4.77%	11.35%	1460	9.73      	14998	1.04	70	4%	0.4903656311884407	1.1661234124134223	NA	NA	NA	NA	NA	NA	NA	22256.0	false	Gene ontology (GO) contains "apoptotic"	Gene ontology (GO) contains "apoptotic"
114	indices(Sequence) contains 699	Sequence	1	0.01303719442057635	0.001948782324247329	0.47170843782215105	584.0	3111.0	15.84%	27.5%	3695	24.64     	14998	2.01	0	0.0%	0.6429224870471646	1.11639508356972	NA	NA	NA	NA	NA	NA	NA	8797.0	false	indices(Sequence) contains 699	indices(Sequence) contains 699
115	Gene ontology (GO) contains "apparatus"	Gene ontology (GO)	1	0.0051202064801821635	0.0019444418959688303	0.45187132304074085	98.0	720.0	2.66%	6.37%	818	5.45      	14998	1.04	70	4%	0.48734103766421766	1.1671093266848227	NA	NA	NA	NA	NA	NA	NA	22256.0	false	Gene ontology (GO) contains "apparatus"	Gene ontology (GO) contains "apparatus"
116	numericPairs(Gene ontology (GO)) for (adhesion, focal) >= 5654.5	Gene ontology (GO)	1	0.005052763330920269	0.001939209396249498	0.5494122465726257	14.0	277.0	0.38%	2.45%	291	1.94      	14998	2.0	2037	98%	0.19570199745181266	1.2621737012991925	0.0	5829.0	9898.0	70062.0	1904813.0	104263.0	373540.0	NA	false	numericPairs(Gene ontology (GO)) for (adhesion, focal)	numericPairs(Gene ontology (GO)) for (adhesion, focal) >= 5654.5
117	slidingSubsets(Features) contains ("1", "glycosylation", "natural")	Features	0	0.0098662345380162	0.001928841664655837	0.4717255358894657	324.0	374.0	8.79%	3.31%	698	4.65      	14998	2.0	888	0.0%	1.888207851795552	0.7104745513597206	NA	NA	NA	NA	NA	NA	NA	44022.0	false	slidingSubsets(Features) contains ("1", "glycosylation", "natural")	slidingSubsets(Features) contains ("1", "glycosylation", "natural")
118	wordFrequencies(Gene ontology (GO)) for subunit inRange (0.0205 to 0.15)	Gene ontology (GO)	1	0.004139714977337759	0.001920433784248136	0.6385165260013019	15.0	251.0	0.41%	2.22%	266	1.77      	14998	2.1	359	98%	0.2293875453483179	1.2511933622403635	0.0	0.05219957509718805	0.08164965809277261	0.11867816581938533	0.3464101615137754	0.09058759169642187	0.05808476272870643	NA	false	|wordFrequencies(Gene ontology (GO)).valueOf(subunit) orIfMissing 0.0 - 0.0838|	wordFrequencies(Gene ontology (GO)) for subunit inRange (0.0205 to 0.15)
119	wordCounts(Protein names) for protein >= 1.5	Protein names	1	0.004783341533117225	0.00191170872371665	0.5491657522920906	1048.0	4117.0	28.42%	36.4%	5165	34.44     	14998	2.05	65	33%	0.8253747304505955	1.0569218785985903	0.0	1.0	2.0	2.0	11.0	2.0	1.0	NA	false	wordCounts(Protein names) for protein	wordCounts(Protein names) for protein >= 1.5
120	Features contains "5"	Features	1	0.009682314731406919	0.0019071370525384778	0.45064553157673115	783.0	3618.0	21.24%	31.99%	4401	29.34     	14998	1.04	30	0.0%	0.7237200510498668	1.090057835008323	NA	NA	NA	NA	NA	NA	NA	217.0	false	Features contains "5"	Features contains "5"
121	Keywords contains "interaction"	Keywords	1	0.0050545203456336465	0.0018931698832659483	0.45196103677590427	38.0	422.0	1.03%	3.73%	460	3.07      	14998	1.04	17	0.0%	0.3360361316493909	1.2164295626035448	NA	NA	NA	NA	NA	NA	NA	803.0	false	Keywords contains "interaction"	Keywords contains "interaction"
122	wordFrequencies(Gene ontology (GO)) for membrane inRange (0.0026 to 0.1)	Gene ontology (GO)	1	0.013660254150386053	0.0018625040931675913	0.6367582701070469	374.0	2334.0	10.14%	20.63%	2708	18.06     	14998	2.1	359	50%	0.5618018355842457	1.142837647617442	0.0	0.07413766	0.13671719	0.22892448	0.62994079	0.16340291	0.11204126	NA	false	|wordFrequencies(Gene ontology (GO)).valueOf(membrane) orIfMissing 0.0 - 0.0515|	wordFrequencies(Gene ontology (GO)) for membrane inRange (0.0026 to 0.1)
123	The percent of M in (Sequence) notInRange (1.19 to 3.99)	Sequence	0	0.006311905622691311	0.001841417677826801	0.6341385695104209	911.0	1913.0	24.71%	16.91%	2824	18.83     	14998	2.0	178	0.0%	1.312241886545715	0.8982198005751878	0.0	2.0	2.0	3.0	14.0	2.0	1.0	NA	false	|normalizedHistogram(Sequence).valueOf(M) orIfMissing 0.0 - 2.59|	The percent of M in (Sequence) notInRange (1.19 to 3.99)
124	Keywords contains "binding"	Keywords	1	0.016799089128960623	0.001840331444670343	0.4488852513554573	960.0	4653.0	26.04%	41.14%	5613	37.42     	14998	1.04	17	0.0%	0.6957230664546168	1.0991838965592633	NA	NA	NA	NA	NA	NA	NA	803.0	false	Keywords contains "binding"	Keywords contains "binding"
125	elementCount(Sequence) for A < 21.5	Sequence	0	0.018472605438466082	0.001837731844184804	0.5459835108260317	1659.0	3289.0	45%	29.08%	4948	32.99     	14998	2.0	128	0.0%	1.3638823421845945	0.8813867743228184	0.0	18.0	30.0	50.0	825.0	41.0	40.0	NA	false	elementCount(Sequence) for A	elementCount(Sequence) for A < 21.5
126	wordFrequencies(Gene ontology (GO)) for bacterium >= 0.047	Gene ontology (GO)	0	0.005262459425112838	0.0018364253114166926	0.5504086623323332	98.0	71.0	2.69%	0.63%	170	1.13      	14998	2.1	359	98%	2.3688986741970908	0.5537857473464174	0.0	0.02727723627949905	0.05076730825668096	0.0854357657716761	0.2886751345948129	0.06669841148327119	0.05767413559036833	NA	false	wordFrequencies(Gene ontology (GO)) for bacterium	wordFrequencies(Gene ontology (GO)) for bacterium >= 0.047
127	Keywords contains "proteome. secreted"	Keywords	0	0.009434134194086487	0.0018294535954857208	0.45165313750785757	439.0	619.0	11.91%	5.47%	1058	7.05      	14998	1.1	39	0.0%	1.6878702722435082	0.7757777655590298	NA	NA	NA	NA	NA	NA	NA	8872.0	false	Keywords contains "proteome. secreted"	Keywords contains "proteome. secreted"
128	numberOfChars(Post-translational modification) >= 54	Post-translational modification	1	0.012436134659796446	0.0018245839374294083	0.47452116880587447	552.0	2958.0	14.97%	26.15%	3510	23.40     	3661	2.0	1	NA	0.6397233059560155	1.1174379074299505	0.0	0.0	0.0	46.0	8230.0	88.0	306.0	NA	false	numberOfChars(Post-translational modification)	numberOfChars(Post-translational modification) >= 54
129	wordFrequencies(Gene ontology (GO)) for activity inRange (0.0052 to 0.19)	Gene ontology (GO)	1	0.01735181884993879	0.0018164770059879052	0.6335814097645505	1367.0	6012.0	37.08%	53.15%	7379	49.20     	14998	2.1	359	38%	0.7535832137565709	1.080323463078377	0.0	0.07453559925	0.112324629667	0.172773685116	0.534522483825	0.132122781381	0.078325046101	NA	false	|wordFrequencies(Gene ontology (GO)).valueOf(activity) orIfMissing 0.0 - 0.0964|	wordFrequencies(Gene ontology (GO)) for activity inRange (0.0052 to 0.19)
130	wordFrequencies(Gene ontology (GO)) for specific inRange (0.0018 to 0.17)	Gene ontology (GO)	1	0.00857507034698583	0.0018155272370769797	0.6382146568113202	126.0	1017.0	3.42%	8.99%	1143	7.62      	14998	2.1	359	89%	0.4484195374683128	1.179796407510771	0.0	0.0517336735535	0.1178511301978	0.1942571724715	0.4082482904639	0.1220164164349	0.074049118634	NA	false	|wordFrequencies(Gene ontology (GO)).valueOf(specific) orIfMissing 0.0 - 0.0863|	wordFrequencies(Gene ontology (GO)) for specific inRange (0.0018 to 0.17)
131	Features contains "glycosylation (1"	Features	0	0.007491616906356405	0.0017938275367181168	0.45221848065527387	406.0	611.0	11.01%	5.4%	1017	6.78      	14998	1.1	12	0.0%	1.6239224744304779	0.7966225653589274	NA	NA	NA	NA	NA	NA	NA	1956.0	false	Features contains "glycosylation (1"	Features contains "glycosylation (1"
132	indices(Sequence) does not contain 402	Sequence	0	0.021145192596428358	0.0017732984980826296	0.4693051947774094	2177.0	4668.0	59.05%	41.27%	6845	45.64     	14998	2.01	0	0.0%	1.2937345851998503	0.904252549232442	NA	NA	NA	NA	NA	NA	NA	8797.0	false	indices(Sequence) does not contain 402	indices(Sequence) does not contain 402
133	Keywords contains "protein"	Keywords	1	0.007893833270088604	0.0017694773166035862	0.4524439255064743	490.0	2450.0	13.29%	21.66%	2940	19.60     	14998	1.1	7	0.0%	0.6779676340294729	1.1049715616066955	NA	NA	NA	NA	NA	NA	NA	911.0	false	Keywords contains "protein"	Keywords contains "protein"
134	wordFrequencies(Gene ontology (GO)) for perception >= 0.091	Gene ontology (GO)	0	0.005825360349674666	0.001766186577512593	0.55084649448469	95.0	57.0	2.58%	0.51%	152	1.02      	14998	2.1	359	97%	2.5257617738353213	0.5026537299857811	0.0	0.03244428422615251	0.062136976600120006	0.09223372036854775	0.09223372036854775	0.07079933621871969	0.048992502925624855	NA	false	wordFrequencies(Gene ontology (GO)) for perception	wordFrequencies(Gene ontology (GO)) for perception >= 0.091
135	sum(numbers(Gene ontology (GO))) < 152286.5	Gene ontology (GO)	0	0.03524769945138719	0.0017578314011860458	0.4719208694770271	2040.0	3700.0	55.33%	32.71%	5740	38.27     	14998	2.05	24	0.0%	1.4457010175123257	0.8547166783159805	0.0	81453.0	246031.0	2099477.0	7.5641071E7	1464318.0	3149980.0	NA	false	sum(numbers(Gene ontology (GO)))	sum(numbers(Gene ontology (GO))) < 152286.5
136	slidingSubsets(Features) contains ("helix", "residue")	Features	1	0.01955219406099126	0.00175381058377031	0.47028512552555674	209.0	1881.0	5.67%	16.63%	2090	13.94     	14998	2.0	888	0.0%	0.4067805804176838	1.1933692865352312	NA	NA	NA	NA	NA	NA	NA	44022.0	false	slidingSubsets(Features) contains ("helix", "residue")	slidingSubsets(Features) contains ("helix", "residue")
137	wordFrequencies(Gene ontology (GO)) for adhesion inRange (0.0018 to 0.0928)	Gene ontology (GO)	1	0.0070560167164095714	0.001751816293974476	0.6386852890054191	77.0	711.0	2.09%	6.29%	788	5.25      	14998	2.1	359	92%	0.39748863822540165	1.1963981425924273	0.0	0.03409971697	0.0596904127	0.11215443082	0.42874646286	0.09070743845	0.08849336151	NA	false	|wordFrequencies(Gene ontology (GO)).valueOf(adhesion) orIfMissing 0.0 - 0.0473|	wordFrequencies(Gene ontology (GO)) for adhesion inRange (0.0018 to 0.0928)
138	slidingSubsets(Keywords) contains ("binding", "phosphoprotein")	Keywords	1	0.019986895549690728	0.0017470251696458238	0.4701149348898589	254.0	2108.0	6.89%	18.64%	2362	15.75     	14998	2.0	376	0.0%	0.4374355098479749	1.183376825673284	NA	NA	NA	NA	NA	NA	NA	111507.0	false	slidingSubsets(Keywords) contains ("binding", "phosphoprotein")	slidingSubsets(Keywords) contains ("binding", "phosphoprotein")
139	Gene ontology (GO) contains "domain"	Gene ontology (GO)	1	0.005441936360272082	0.0017442091222314448	0.45183977105264245	65.0	579.0	1.76%	5.12%	644	4.29      	14998	1.04	70	4%	0.4105704616016994	1.1921339146030001	NA	NA	NA	NA	NA	NA	NA	22256.0	false	Gene ontology (GO) contains "domain"	Gene ontology (GO) contains "domain"
140	slidingSubsets(Keywords) contains ("protein", "proteome")	Keywords	1	0.0059456269241282885	0.001723755814963195	0.47332552128010286	145.0	972.0	3.93%	8.59%	1117	7.45      	14998	2.0	376	0.0%	0.5280499924849074	1.1538395966499997	NA	NA	NA	NA	NA	NA	NA	111507.0	false	slidingSubsets(Keywords) contains ("protein", "proteome")	slidingSubsets(Keywords) contains ("protein", "proteome")
141	Gene ontology (GO) contains "mitochondrion"	Gene ontology (GO)	1	0.004033006496886185	0.0017236192554162509	0.45206782002351203	173.0	977.0	4.69%	8.64%	1150	7.67      	14998	1.04	70	4%	0.6119394818457329	1.1264944859371215	NA	NA	NA	NA	NA	NA	NA	22256.0	false	Gene ontology (GO) contains "mitochondrion"	Gene ontology (GO) contains "mitochondrion"
142	wordFrequencies(Keywords) for glycoprotein >= 0.194	Keywords	0	0.009814311981870666	0.0017231565775977559	0.5501889104096582	792.0	1421.0	21.48%	12.56%	2213	14.76     	14998	2.1	83	77%	1.4558075901075713	0.8514222805475541	0.0	0.1796053020267749	0.20412414523193156	0.23570226039551587	0.5773502691896258	0.21159420375266758	0.05316361193565645	NA	false	wordFrequencies(Keywords) for glycoprotein	wordFrequencies(Keywords) for glycoprotein >= 0.194
143	numericPairs(Protein names) contains ("subunit")	Protein names	1	0.004495608725265055	0.0017204969269526127	0.49732254116250163	170.0	994.0	4.61%	8.79%	1164	7.76      	14998	3.0	195	6%	0.5940953494072702	1.1323110641619127	NA	NA	NA	NA	NA	NA	NA	32675.0	false	numericPairs(Protein names) contains ("subunit")	numericPairs(Protein names) contains ("subunit")
144	Length < 344	Length	0	0.024071914676703915	0.0017190167672755292	0.44874831679512583	1877.0	3657.0	50.91%	32.33%	5534	36.90     	1985	1.0	0	NA	1.379702113198396	0.8762300688389633	2.0	270.0	435.0	694.0	8797.0	578.0	550.0	NA	false	Length	Length < 344
145	The percent of D in (Sequence) < 3.71	Sequence	0	0.01697585527159507	0.0017162855816449032	0.5433425314084132	1475.0	2854.0	40.01%	25.23%	4329	28.86     	14998	2.0	178	1%	1.3860045186326715	0.8741756997437308	0.0	4.0	5.0	6.0	19.0	5.0	2.0	NA	false	The percent of D in (Sequence)	The percent of D in (Sequence) < 3.71
146	slidingSubsets(Gene ontology (GO)) contains ("go", "cytoplasmic")	Gene ontology (GO)	1	0.005264711177222845	0.0017120795400100309	0.4735334667546071	73.0	610.0	1.98%	5.39%	683	4.55      	14998	2.0	1329	4%	0.4347728019105551	1.1842447775931202	NA	NA	NA	NA	NA	NA	NA	1055078.0	false	slidingSubsets(Gene ontology (GO)) contains ("go", "cytoplasmic")	slidingSubsets(Gene ontology (GO)) contains ("go", "cytoplasmic")
147	Gene ontology (GO) contains "by"	Gene ontology (GO)	1	0.011963788288172163	0.0016998916590031262	0.4502438978101098	357.0	2178.0	9.68%	19.26%	2535	16.90     	14998	1.04	70	4%	0.57286259254088	1.1392322183097672	NA	NA	NA	NA	NA	NA	NA	22256.0	false	Gene ontology (GO) contains "by"	Gene ontology (GO) contains "by"
148	Gene ontology (GO) contains "maintenance"	Gene ontology (GO)	1	0.0050932540324103905	0.0016949905645466537	0.4519412780157498	44.0	456.0	1.19%	4.03%	500	3.33      	14998	1.04	70	4%	0.35796691076756165	1.2092808770223678	NA	NA	NA	NA	NA	NA	NA	22256.0	false	Gene ontology (GO) contains "maintenance"	Gene ontology (GO) contains "maintenance"
149	wordFrequencies(Keywords) for transferase inRange (0.11 to 0.22)	Keywords	1	0.006141802966920351	0.001685276436783426	0.6373881692804096	115.0	849.0	3.12%	7.51%	964	6.43      	14998	2.1	83	90%	0.48526728991736134	1.167785297681433	0.0	0.1690308509457033	0.2	0.23570226039551587	0.5	0.2053319294190964	0.05666890500037428	NA	false	|wordFrequencies(Keywords).valueOf(transferase) orIfMissing 0.0 - 0.17|	wordFrequencies(Keywords) for transferase inRange (0.11 to 0.22)
150	Protein names contains "sperm"	Protein names	0	0.0026184843948026757	0.001681167887239687	0.4521963448129038	45.0	29.0	1.22%	0.26%	74	0.49      	14998	1.04	15	0.0%	2.473665691729158	0.5196352749177433	NA	NA	NA	NA	NA	NA	NA	21803.0	false	Protein names contains "sperm"	Protein names contains "sperm"
151	slidingSubsets(Protein names) contains ("atp", "synthase", "subunit")	Protein names	0	0.0028551924502974078	0.00167633504151061	0.4738872835134222	17.0	0.0	0.46%	0.0%	17	0.11      	14998	2.0	490	1%	4.067805804176838	0.0	NA	NA	NA	NA	NA	NA	NA	587808.0	false	slidingSubsets(Protein names) contains ("atp", "synthase", "subunit")	slidingSubsets(Protein names) contains ("atp", "synthase", "subunit")
152	Tissue specificity contains "brain"	Tissue specificity	1	0.007425027500721821	0.001673918376018243	0.45124731968508525	408.0	2113.0	11.07%	18.68%	2521	16.81     	7308	1.04	28	48%	0.658335885800932	1.111370841574747	NA	NA	NA	NA	NA	NA	NA	12115.0	false	Tissue specificity contains "brain"	Tissue specificity contains "brain"
153	slidingSubsets(Features) contains ("bias", "region")	Features	0	0.005653674440075413	0.0016688131991839312	0.47292057847847657	102.0	70.0	2.77%	0.62%	172	1.15      	14998	2.0	888	0.0%	2.412303442011846	0.5396372742730373	NA	NA	NA	NA	NA	NA	NA	44022.0	false	slidingSubsets(Features) contains ("bias", "region")	slidingSubsets(Features) contains ("bias", "region")
154	Features contains "4"	Features	1	0.009215127830984715	0.001667501692902003	0.45070215205956105	1196.0	4967.0	32.44%	43.91%	6163	41.09     	14998	1.04	30	0.0%	0.7894038198597271	1.0686471679053298	NA	NA	NA	NA	NA	NA	NA	217.0	false	Features contains "4"	Features contains "4"
155	wordFrequencies(Gene ontology (GO)) for 3 inRange (0.0018 to 0.12)	Gene ontology (GO)	1	0.005575750589399251	0.001637184730245861	0.6386500169650774	67.0	595.0	1.82%	5.26%	662	4.41      	14998	2.1	359	94%	0.411696357824544	1.1917669108567683	0.0	0.0347105067250312	0.0650944554904119	0.105999788000636	0.4588314677411235	0.080635528460183	0.0622740163935705	NA	false	|wordFrequencies(Gene ontology (GO)).valueOf(3) orIfMissing 0.0 - 0.0588|	wordFrequencies(Gene ontology (GO)) for 3 inRange (0.0018 to 0.12)
156	numericPairs(Gene ontology (GO)) contains (("complex"), 1.0)	Gene ontology (GO)	1	0.0037116056662123043	0.0016173731682696834	0.4739892922175903	10.0	202.0	0.27%	1.79%	212	1.41      	14998	2.0	2037	4%	0.19187763227249235	1.2634203138370896	NA	NA	NA	NA	NA	NA	NA	311241.0	false	numericPairs(Gene ontology (GO)) contains (("complex"), 1.0)	numericPairs(Gene ontology (GO)) contains (("complex"), 1.0)
157	slidingSubsets(Gene ontology (GO)) contains ("dna", "damage", "go")	Gene ontology (GO)	1	0.0050031581583502675	0.0016123606075085016	0.47371006997237974	18.0	302.0	0.49%	2.67%	320	2.13      	14998	2.0	1329	4%	0.22881407648494712	1.2513802935195826	NA	NA	NA	NA	NA	NA	NA	1055078.0	false	slidingSubsets(Gene ontology (GO)) contains ("dna", "damage", "go")	slidingSubsets(Gene ontology (GO)) contains ("dna", "damage", "go")
158	wordFrequencies(Gene ontology (GO)) for population inRange (0.0018 to 0.0368)	Gene ontology (GO)	1	0.005494137584338732	0.0016036363017842155	0.6389356578908942	42.0	462.0	1.14%	4.08%	504	3.36      	14998	2.1	359	94%	0.33898381701473645	1.215468717767365	0.0	9.223372036854775E-12	9.223372036854775E-12	9.223372036854775E-12	9.223372036854775E-12	9.223372036854775E-12	9.223372036854775E-12	NA	false	|wordFrequencies(Gene ontology (GO)).valueOf(population) orIfMissing 0.0 - 0.0193|	wordFrequencies(Gene ontology (GO)) for population inRange (0.0018 to 0.0368)
159	Protein names contains "binding"	Protein names	1	0.004635671751448921	0.0015977576456996424	0.4519354697157691	174.0	1019.0	4.72%	9.01%	1193	7.95      	14998	1.04	15	0.0%	0.5932927157810307	1.132572695333334	NA	NA	NA	NA	NA	NA	NA	21803.0	false	Protein names contains "binding"	Protein names contains "binding"
160	Tissue specificity contains "expressed."	Tissue specificity	1	0.004218894187488189	0.0015900330504605394	0.453382365785326	101.0	686.0	2.74%	6.06%	787	5.25      	7308	1.1	76	48%	0.5220436927850833	1.1557974453807265	NA	NA	NA	NA	NA	NA	NA	124398.0	false	Tissue specificity contains "expressed."	Tissue specificity contains "expressed."
161	Protein names contains "kda"	Protein names	1	0.0041954393279841525	0.0015765040758552384	0.4534125172784163	67.0	530.0	1.82%	4.69%	597	3.98      	14998	1.1	5	0.0%	0.4565209193967305	1.1771556334704496	NA	NA	NA	NA	NA	NA	NA	41187.0	false	Protein names contains "kda"	Protein names contains "kda"
162	Involvement in disease contains "intellectual"	Involvement in disease	1	0.0054335220450069275	0.0015728048418921024	0.45189975535821375	34.0	415.0	0.92%	3.67%	449	2.99      	3676	1.04	74	75%	0.3080298381782015	1.2255586585303662	NA	NA	NA	NA	NA	NA	NA	35326.0	false	Involvement in disease contains "intellectual"	Involvement in disease contains "intellectual"
163	wordFrequencies(Gene ontology (GO)) for 0007283 >= 0.065	Gene ontology (GO)	0	0.0030107797096700466	0.0015678447674985442	0.5513785139869052	78.0	76.0	2.14%	0.67%	155	1.03      	14998	2.1	359	98%	2.0732687647094545	0.6501510091518203	0.0	0.03277367626722311	0.05923488777590923	0.09284766908852594	0.2581988897471611	0.07328234051070721	0.05634235441461417	NA	false	wordFrequencies(Gene ontology (GO)) for 0007283	wordFrequencies(Gene ontology (GO)) for 0007283 >= 0.065
164	wordFrequencies(Gene ontology (GO)) for containing inRange (0.0018 to 0.0833)	Gene ontology (GO)	1	0.007991618872325553	0.001557056751715237	0.6377059956478159	125.0	985.0	3.39%	8.71%	1110	7.40      	14998	2.1	359	91%	0.45808623920910335	1.1766453926298326	0.0	9.223372036854775E-7	9.223372036854775E-7	9.223372036854775E-7	9.223372036854775E-7	9.223372036854775E-7	9.223372036854775E-7	NA	false	|wordFrequencies(Gene ontology (GO)).valueOf(containing) orIfMissing 0.0 - 0.0425|	wordFrequencies(Gene ontology (GO)) for containing inRange (0.0018 to 0.0833)
165	wordFrequencies(Gene ontology (GO)) for cytoplasm inRange (0.0022 to 0.0669)	Gene ontology (GO)	1	0.01845131982453412	0.0015565842432032104	0.637558775660843	275.0	2138.0	7.46%	18.9%	2413	16.09     	14998	2.1	359	73%	0.4635916270819023	1.1748508240605628	0.0	0.03487900532076	0.05652334189442	0.08908708063747	0.57735026918963	0.07507858275546	0.07025122520378	NA	false	|wordFrequencies(Gene ontology (GO)).valueOf(cytoplasm) orIfMissing 0.0 - 0.0345|	wordFrequencies(Gene ontology (GO)) for cytoplasm inRange (0.0022 to 0.0669)
166	wordFrequencies(Keywords) for coiled inRange (0.0408 to 0.22)	Keywords	1	0.005289656512555488	0.0015504309255460213	0.6376509808446704	74.0	616.0	2.01%	5.45%	690	4.60      	14998	2.1	83	89%	0.4362574340711391	1.183760838173434	0.0	0.19245008973	0.2357022604	0.28867513459	0.5	0.25132353982	0.08369659979	NA	false	|wordFrequencies(Keywords).valueOf(coiled) orIfMissing 0.0 - 0.13|	wordFrequencies(Keywords) for coiled inRange (0.0408 to 0.22)
167	wordFrequencies(Gene ontology (GO)) for beta inRange (0.0022 to 0.078)	Gene ontology (GO)	1	0.006203004951516905	0.001548916775234378	0.6388758868314656	66.0	618.0	1.79%	5.46%	684	4.56      	14998	2.1	359	94%	0.3925075775960106	1.1980217983735753	0.0	0.021315227815974374	0.03834824944236852	0.06730535881360646	0.09223372036854775	0.05447094075071389	0.049329160445192866	NA	false	|wordFrequencies(Gene ontology (GO)).valueOf(beta) orIfMissing 0.0 - 0.0401|	wordFrequencies(Gene ontology (GO)) for beta inRange (0.0022 to 0.078)
168	wordFrequencies(Tissue specificity) for with >= 0.092	Tissue specificity	1	0.0030419226169575	0.0015411043307963078	0.5514435473293762	115.0	677.0	3.12%	5.99%	792	5.28      	7308	2.1	94	94%	0.5906536205559788	1.1334329503147471	0.0	0.10783277320344	0.15617376188861	0.21320071635561	0.43133109281375	0.16195393043904	0.06941611674615	NA	false	wordFrequencies(Tissue specificity) for with	wordFrequencies(Tissue specificity) for with >= 0.092
169	wordFrequencies(Gene ontology (GO)) for embryonic inRange (0.002 to 0.0771)	Gene ontology (GO)	1	0.004975388878125341	0.0015345569384115421	0.6385988642404246	33.0	391.0	0.9%	3.46%	424	2.83      	14998	2.1	359	97%	0.31659809324961236	1.2227656997779754	0.0	9.223372036854776E-9	9.223372036854776E-9	9.223372036854776E-9	9.223372036854776E-9	9.223372036854776E-9	9.223372036854776E-9	NA	false	|wordFrequencies(Gene ontology (GO)).valueOf(embryonic) orIfMissing 0.0 - 0.0395|	wordFrequencies(Gene ontology (GO)) for embryonic inRange (0.002 to 0.0771)
170	slidingSubsets(Features) contains ("residue", "6")	Features	1	0.0044395502465240265	0.0015219255407563914	0.47370444548024015	77.0	589.0	2.09%	5.21%	666	4.44      	14998	2.0	888	0.0%	0.4703018722546794	1.1726635131285472	NA	NA	NA	NA	NA	NA	NA	44022.0	false	slidingSubsets(Features) contains ("residue", "6")	slidingSubsets(Features) contains ("residue", "6")
171	skipgramsAndBiGrams(Keywords) contains ("membrane", "membrane")	Keywords	0	0.013391325593223242	0.0015192292626902807	0.47290048396983103	354.0	354.0	9.6%	3.13%	708	4.72      	14998	2.1	70	0.0%	2.033902902088419	0.6629829369640173	NA	NA	NA	NA	NA	NA	NA	19103.0	false	skipgramsAndBiGrams(Keywords) contains ("membrane", "membrane")	skipgramsAndBiGrams(Keywords) contains ("membrane", "membrane")
172	numericPairs(Gene ontology (GO)) for (positive, process) >= 9311.5	Gene ontology (GO)	1	0.006556284835510523	0.001517101601325403	0.5492430359271846	62.0	617.0	1.71%	5.46%	680	4.54      	14998	2.0	2037	95%	0.37631683650974757	1.2032994274413014	0.0	32270.0	43065.0	46209.0	2001294.0	321202.0	684777.0	NA	false	numericPairs(Gene ontology (GO)) for (positive, process)	numericPairs(Gene ontology (GO)) for (positive, process) >= 9311.5
173	wordFrequencies(Gene ontology (GO)) for epithelial inRange (0.002 to 0.0805)	Gene ontology (GO)	1	0.005164182426721002	0.0015141606666505463	0.6384681886595658	39.0	432.0	1.06%	3.82%	471	3.14      	14998	2.1	359	96%	0.3368246844222859	1.2161725213097898	0.0	9.223372036854775E-12	9.223372036854775E-12	9.223372036854775E-12	9.223372036854775E-12	9.223372036854775E-12	9.223372036854775E-12	NA	false	|wordFrequencies(Gene ontology (GO)).valueOf(epithelial) orIfMissing 0.0 - 0.0412|	wordFrequencies(Gene ontology (GO)) for epithelial inRange (0.002 to 0.0805)
174	Gene ontology (GO) contains "growth"	Gene ontology (GO)	1	0.007198576164602762	0.0014967897327608256	0.4513948346454436	156.0	1086.0	4.23%	9.6%	1242	8.28      	14998	1.04	70	4%	0.510932129993226	1.1594194356568805	NA	NA	NA	NA	NA	NA	NA	22256.0	false	Gene ontology (GO) contains "growth"	Gene ontology (GO) contains "growth"
175	wordFrequencies(Features) for transmembrane >= 0.181	Features	0	0.011044364193391384	0.0014907433416860745	0.550173033919307	532.0	771.0	14.46%	6.82%	1304	8.69      	14998	2.1	69	74%	1.6626844276274948	0.7839874914099042	0.0	0.125	0.154303349962092	0.2	0.5	0.169727040857761	0.063440601909807	NA	false	wordFrequencies(Features) for transmembrane	wordFrequencies(Features) for transmembrane >= 0.181
176	slidingSubsets(Involvement in disease) contains ("syndrome", "mim")	Involvement in disease	1	0.00587639607423611	0.0014685149765789136	0.47338814557531095	87.0	706.0	2.36%	6.24%	793	5.29      	3676	2.0	4127	75%	0.4462788208869923	1.1804942080620333	NA	NA	NA	NA	NA	NA	NA	1074967.0	false	slidingSubsets(Involvement in disease) contains ("syndrome", "mim")	slidingSubsets(Involvement in disease) contains ("syndrome", "mim")
177	wordFrequencies(Keywords) for membrane inRange (0.39 to 0.41)	Keywords	0	0.012797296592168494	0.0014674783774028303	0.6380525108473486	304.0	278.0	8.25%	2.46%	582	3.88      	14998	2.1	83	62%	2.124764543762472	0.6333651425291987	0.0	0.2309401077	0.316227766	0.3922322703	0.6666666667	0.3172517618	0.0994951729	NA	false	|wordFrequencies(Keywords).valueOf(membrane) orIfMissing 0.0 - 0.4|	wordFrequencies(Keywords) for membrane inRange (0.39 to 0.41)
178	wordFrequencies(Gene ontology (GO)) for filament inRange (0.021 to 0.0363)	Gene ontology (GO)	1	0.0028086296913385693	0.0014664419789563537	0.6380570454292057	0.0	83.0	0.0%	0.73%	83	0.55      	14998	2.1	359	96%	0.0	1.3259658739280347	0.0	0.03699899	0.07602859	0.1767767	0.5	0.12070398	0.11299159	NA	false	|wordFrequencies(Gene ontology (GO)).valueOf(filament) orIfMissing 0.0 - 0.0286|	wordFrequencies(Gene ontology (GO)) for filament inRange (0.021 to 0.0363)
179	slidingSubsets(Keywords) contains ("cytoplasm", "direct")	Keywords	1	0.0075212656601157295	0.0014605085274931606	0.47309574861201276	58.0	632.0	1.57%	5.59%	690	4.60      	14998	2.0	376	0.0%	0.34193150238008196	1.2145078729311853	NA	NA	NA	NA	NA	NA	NA	111507.0	false	slidingSubsets(Keywords) contains ("cytoplasm", "direct")	slidingSubsets(Keywords) contains ("cytoplasm", "direct")
180	skipgramsAndBiGrams(Features) contains ("beta", "strand")	Features	1	0.02028338864704186	0.0014572364827232685	0.4721426305192935	427.0	2863.0	11.58%	25.31%	3290	21.94     	14998	2.1	58	0.0%	0.5279492639463554	1.1538724307160981	NA	NA	NA	NA	NA	NA	NA	5525.0	false	skipgramsAndBiGrams(Features) contains ("beta", "strand")	skipgramsAndBiGrams(Features) contains ("beta", "strand")
181	Protein names contains "pseudogene"	Protein names	0	0.002469163882965538	0.0014501530779825263	0.4522477038110275	19.0	2.0	0.52%	0.0177%	21	0.14      	14998	1.04	15	0.0%	3.6803957275885675	0.12628246418362235	NA	NA	NA	NA	NA	NA	NA	21803.0	false	Protein names contains "pseudogene"	Protein names contains "pseudogene"
182	slidingSubsets(Keywords) contains ("chromosome", "meiosis")	Keywords	0	0.002201316907851012	0.001448694044277271	0.47400552865180595	20.0	4.0	0.54%	0.0354%	24	0.16      	14998	2.0	376	0.0%	3.3898381701473648	0.2209943123213391	NA	NA	NA	NA	NA	NA	NA	111507.0	false	slidingSubsets(Keywords) contains ("chromosome", "meiosis")	slidingSubsets(Keywords) contains ("chromosome", "meiosis")
183	Gene ontology (GO) contains "morphogenesis"	Gene ontology (GO)	1	0.006474180109114036	0.001441925096149399	0.4515663396705761	129.0	929.0	3.5%	8.21%	1058	7.05      	14998	1.04	70	4%	0.49598010277770516	1.1642932862751836	NA	NA	NA	NA	NA	NA	NA	22256.0	false	Gene ontology (GO) contains "morphogenesis"	Gene ontology (GO) contains "morphogenesis"
184	Features contains "(1)"	Features	0	0.006453779383696913	0.0014374179657358017	0.45266927599344925	1825.0	4494.0	49.5%	39.73%	6319	42.13     	14998	1.1	28	0.0%	1.174829180665094	0.9430116533363805	NA	NA	NA	NA	NA	NA	NA	258.0	false	Features contains "(1)"	Features contains "(1)"
185	wordFrequencies(Keywords) for signal >= 0.175	Keywords	0	0.009782723263755328	0.0014334773309368266	0.5489847436420033	882.0	1649.0	23.95%	14.58%	2532	16.88     	14998	2.1	83	80%	1.418591044663565	0.863553604307792	0.0	0.185695338177052	0.218217890235992	0.25	0.577350269189626	0.22620619771259	0.063957887582542	NA	false	wordFrequencies(Keywords) for signal	wordFrequencies(Keywords) for signal >= 0.175
186	slidingSubsets(Features) contains ("domain", "variant")	Features	0	0.008067605721210886	0.0014285860858856709	0.4723058694179414	331.0	434.0	8.98%	3.84%	765	5.10      	14998	2.0	888	0.0%	1.7600571518725925	0.7522473062545975	NA	NA	NA	NA	NA	NA	NA	44022.0	false	slidingSubsets(Features) contains ("domain", "variant")	slidingSubsets(Features) contains ("domain", "variant")
187	wordFrequencies(Features) for chain >= 0.191	Features	0	0.029433880874854847	0.00142561717124256	0.5428224941876723	1675.0	2899.0	45.43%	25.63%	4574	30.50     	14998	2.1	69	0.0%	1.4896315526882822	0.8403968230252236	0.0	0.13363062095621	0.16222142113076	0.20412414523193	0.70710678118655	0.17792011784973	0.07106783775165	NA	false	wordFrequencies(Features) for chain	wordFrequencies(Features) for chain >= 0.191
188	wordFrequencies(Gene ontology (GO)) for gtpase inRange (0.0022 to 0.2)	Gene ontology (GO)	1	0.004433326213027471	0.0014187962766048375	0.6386781935980184	84.0	621.0	2.28%	5.49%	705	4.70      	14998	2.1	359	95%	0.48467473411468703	1.167978450651503	0.0	0.03446227584	0.06651901052	0.12666009928	0.47140452079	0.0947879629	0.08488196626	NA	false	|wordFrequencies(Gene ontology (GO)).valueOf(gtpase) orIfMissing 0.0 - 0.1|	wordFrequencies(Gene ontology (GO)) for gtpase inRange (0.0022 to 0.2)
189	numericPairs(Features) for (natural) >= 4.5	Features	1	0.009866432462381381	0.001412994068203059	0.5479666394290608	416.0	2294.0	11.28%	20.28%	2710	18.07     	14998	2.0	936	32%	0.624430706471426	1.1224227729855762	0.0	1.0	2.0	5.0	282.0	4.0	7.0	NA	false	numericPairs(Features) for (natural)	numericPairs(Features) for (natural) >= 4.5
190	The percent of R in (Sequence) notInRange (4.43 to 8.45)	Sequence	0	0.006689256020405045	0.0014116029616163665	0.6341422134431532	1652.0	3962.0	44.81%	35.03%	5614	37.43     	14998	2.0	178	0.0%	1.1970101867652538	0.9357814022983387	0.0	4.0	5.0	7.0	47.0	6.0	2.0	NA	false	|normalizedHistogram(Sequence).valueOf(R) orIfMissing 0.0 - 6.44|	The percent of R in (Sequence) notInRange (4.43 to 8.45)
191	Gene ontology (GO) contains "factor"	Gene ontology (GO)	1	0.01172553919193104	0.0014114453129840522	0.4502812854434975	389.0	2293.0	10.55%	20.27%	2682	17.88     	14998	1.04	70	4%	0.5899986792784451	1.13364643882065	NA	NA	NA	NA	NA	NA	NA	22256.0	false	Gene ontology (GO) contains "factor"	Gene ontology (GO) contains "factor"
192	Gene ontology (GO) contains "cellular response to"	Gene ontology (GO)	1	0.008958649726935468	0.0013932196550737101	0.4522954954802176	228.0	1488.0	6.18%	13.16%	1716	11.44     	14998	1.1	31	4%	0.5404776942612581	1.1497885899795544	NA	NA	NA	NA	NA	NA	NA	145556.0	false	Gene ontology (GO) contains "cellular response to"	Gene ontology (GO) contains "cellular response to"
193	skipgrams(Keywords) contains ("structure", "*", "alternative")	Keywords	1	0.012826950152000877	0.0013777670942281433	0.4734258156554528	61.0	853.0	1.65%	7.54%	914	6.09      	14998	2.06	45	2%	0.2714837571715395	1.2374714337643475	NA	NA	NA	NA	NA	NA	NA	11697.0	false	skipgrams(Keywords) contains ("structure", "*", "alternative")	skipgrams(Keywords) contains ("structure", "*", "alternative")
194	Keywords contains "membrane. disulfide"	Keywords	0	0.01338218997019973	0.001376429226036949	0.4503619324163487	330.0	312.0	8.95%	2.76%	642	4.28      	14998	1.1	39	0.0%	2.0909282171002435	0.6443946303201664	NA	NA	NA	NA	NA	NA	NA	8872.0	false	Keywords contains "membrane. disulfide"	Keywords contains "membrane. disulfide"
195	slidingSubsets(Gene ontology (GO)) contains ("of", "cell", "go")	Gene ontology (GO)	1	0.006200712416418295	0.0013725244380526015	0.4732608560906893	158.0	1042.0	4.29%	9.21%	1200	8.00      	14998	2.0	1329	4%	0.5355944308832835	1.1513803671941767	NA	NA	NA	NA	NA	NA	NA	1055078.0	false	slidingSubsets(Gene ontology (GO)) contains ("of", "cell", "go")	slidingSubsets(Gene ontology (GO)) contains ("of", "cell", "go")
196	Gene ontology (GO) contains "nuclear"	Gene ontology (GO)	1	0.008395809328885076	0.0013703151122232402	0.4511384958778408	162.0	1173.0	4.39%	10.37%	1335	8.90      	14998	1.04	70	4%	0.49362137848438026	1.1650621499008125	NA	NA	NA	NA	NA	NA	NA	22256.0	false	Gene ontology (GO) contains "nuclear"	Gene ontology (GO) contains "nuclear"
197	wordFrequencies(Gene ontology (GO)) for bounded inRange (0.0025 to 0.0732)	Gene ontology (GO)	1	0.00509686846858791	0.0013671193375059537	0.6386961794227813	47.0	472.0	1.27%	4.17%	519	3.46      	14998	2.1	359	95%	0.36837547744954025	1.2058880394875382	0.0	9.223372036854775E-8	9.223372036854775E-8	9.223372036854775E-8	9.223372036854775E-8	9.223372036854775E-8	9.223372036854775E-8	NA	false	|wordFrequencies(Gene ontology (GO)).valueOf(bounded) orIfMissing 0.0 - 0.0379|	wordFrequencies(Gene ontology (GO)) for bounded inRange (0.0025 to 0.0732)
198	numericPairs(Protein names) contains (("(ec", "cytoplasmic"), 6.1)	Protein names	0	0.0018466679285608	0.0013662403278975493	0.4741795524342162	11.0	0.0	0.3%	0.0%	11	0.07      	14998	2.0	352	6%	4.067805804176838	0.0	NA	NA	NA	NA	NA	NA	NA	81193.0	false	numericPairs(Protein names) contains (("(ec", "cytoplasmic"), 6.1)	numericPairs(Protein names) contains (("(ec", "cytoplasmic"), 6.1)
199	slidingSubsets(Gene ontology (GO)) contains ("go", "regulatory")	Gene ontology (GO)	1	0.004404757081320204	0.0013536196156922874	0.47384050811816575	14.0	254.0	0.38%	2.25%	268	1.79      	14998	2.0	1329	4%	0.21249731812864076	1.2566989999168685	NA	NA	NA	NA	NA	NA	NA	1055078.0	false	slidingSubsets(Gene ontology (GO)) contains ("go", "regulatory")	slidingSubsets(Gene ontology (GO)) contains ("go", "regulatory")
200	skipgrams(Gene ontology (GO)) contains ("go", "*", "nucleolus")	Gene ontology (GO)	1	0.005721819057496915	0.0013490616473474351	0.4748587641533279	52.0	525.0	1.41%	4.64%	577	3.85      	14998	2.06	367	4%	0.36659601701420375	1.206468082863463	NA	NA	NA	NA	NA	NA	NA	103578.0	false	skipgrams(Gene ontology (GO)) contains ("go", "*", "nucleolus")	skipgrams(Gene ontology (GO)) contains ("go", "*", "nucleolus")
201	The percent of E in (Sequence) < 3.306	Sequence	0	0.019143565907276037	0.001345569928047103	0.5462764486896202	579.0	653.0	15.7%	5.77%	1232	8.21      	14998	2.0	178	0.0%	1.911736656346095	0.702804964021921	0.0	5.0	7.0	8.0	50.0	7.0	3.0	NA	false	The percent of E in (Sequence)	The percent of E in (Sequence) < 3.306
202	wordFrequencies(Gene ontology (GO)) for 0031625 inRange (0.0024 to 0.0581)	Gene ontology (GO)	1	0.0038864382260350378	0.0013455679460345417	0.6385937918910558	7.0	186.0	0.19%	1.64%	193	1.29      	14998	2.1	359	99%	0.14753699807895265	1.27787384741251	0.0	9.223372036854775E-22	9.223372036854775E-22	9.223372036854775E-22	9.223372036854775E-22	9.223372036854775E-22	9.223372036854775E-22	NA	false	|wordFrequencies(Gene ontology (GO)).valueOf(0031625) orIfMissing 0.0 - 0.0303|	wordFrequencies(Gene ontology (GO)) for 0031625 inRange (0.0024 to 0.0581)
203	numericPairs(Gene ontology (GO)) for (molecule) inRange (5,546 to 6,952)	Gene ontology (GO)	0	0.002705969951464513	0.0013409915198668767	0.6361304405134202	27.0	7.0	0.73%	0.0619%	34	0.23      	14998	2.0	2037	99%	3.2303163739051355	0.27299297404400713	0.0	5212.0	30133.0	50839.0	1990837.0	36211.0	131715.0	NA	false	|numericPairs(Gene ontology (GO)).valueOf("(molecule)") orIfMissing 0.0 - 6,249|	numericPairs(Gene ontology (GO)) for (molecule) inRange (5,546 to 6,952)
204	Features contains "bond (1"	Features	0	0.011554008540920063	0.0013395082461595753	0.4509838467734923	392.0	465.0	10.63%	4.11%	857	5.71      	14998	1.1	12	0.0%	1.8606532966596503	0.719456396005293	NA	NA	NA	NA	NA	NA	NA	1956.0	false	Features contains "bond (1"	Features contains "bond (1"
205	wordFrequencies(Gene ontology (GO)) for via inRange (0.0024 to 0.11)	Gene ontology (GO)	1	0.005295831962073057	0.001338573581654694	0.6380480119754101	90.0	692.0	2.44%	6.12%	782	5.21      	14998	2.1	359	94%	0.46816179331958485	1.1733611058289002	0.0	0.009223372036854775	0.009223372036854775	0.009223372036854775	0.009223372036854775	0.009223372036854775	0.009223372036854775	NA	false	|wordFrequencies(Gene ontology (GO)).valueOf(via) orIfMissing 0.0 - 0.0568|	wordFrequencies(Gene ontology (GO)) for via inRange (0.0024 to 0.11)
206	skipgrams(Gene ontology (GO)) contains ("protein", "*", "process")	Gene ontology (GO)	1	0.00656137760269307	0.0013304763092885671	0.47464288818758127	78.0	694.0	2.12%	6.14%	772	5.15      	14998	2.06	367	4%	0.41099592321993955	1.1919952286347877	NA	NA	NA	NA	NA	NA	NA	103578.0	false	skipgrams(Gene ontology (GO)) contains ("protein", "*", "process")	skipgrams(Gene ontology (GO)) contains ("protein", "*", "process")
207	wordFrequencies(Keywords) for secreted >= 0.184	Keywords	0	0.00997984774769139	0.0013302963263316526	0.548934294407634	514.0	763.0	13.94%	6.75%	1277	8.52      	14998	2.1	83	90%	1.6360345722589182	0.792674434805178	0.0	0.1961161351382	0.2294157338706	0.2773500981126	0.5	0.2438769603067	0.0747158881104	NA	false	wordFrequencies(Keywords) for secreted	wordFrequencies(Keywords) for secreted >= 0.184
208	slidingSubsets(Keywords) contains ("methylation", "phosphoprotein")	Keywords	1	0.006879077206478743	0.0013271307065571927	0.47329795848301137	32.0	459.0	0.87%	4.06%	491	3.27      	14998	2.0	376	0.0%	0.26511157990561873	1.2395485460956577	NA	NA	NA	NA	NA	NA	NA	111507.0	false	slidingSubsets(Keywords) contains ("methylation", "phosphoprotein")	slidingSubsets(Keywords) contains ("methylation", "phosphoprotein")
209	wordFrequencies(Gene ontology (GO)) for fat inRange (0.0022 to 0.0525)	Gene ontology (GO)	1	0.003015224708372212	0.0013238063068596079	0.6391538906387414	4.0	133.0	0.11%	1.18%	137	0.91      	14998	2.1	359	99%	0.11876805267669598	1.2872515418425445	0.0	0.009223372036854775	0.009223372036854775	0.009223372036854775	0.009223372036854775	0.009223372036854775	0.009223372036854775	NA	false	|wordFrequencies(Gene ontology (GO)).valueOf(fat) orIfMissing 0.0 - 0.0273|	wordFrequencies(Gene ontology (GO)) for fat inRange (0.0022 to 0.0525)
210	Gene ontology (GO) contains "cytoplasmic translation"	Gene ontology (GO)	1	0.0032841552817494154	0.0013231986771663235	0.45383782755965973	0.0	97.0	0.0%	0.86%	97	0.65      	14998	1.1	31	4%	0.0	1.3259658739280347	NA	NA	NA	NA	NA	NA	NA	145556.0	false	Gene ontology (GO) contains "cytoplasmic translation"	Gene ontology (GO) contains "cytoplasmic translation"
211	wordFrequencies(Keywords) for ribonucleoprotein inRange (0.053 to 0.27)	Keywords	1	0.0036334330322270935	0.001314013045099887	0.6384753559272451	3.0	144.0	0.0814%	1.27%	147	0.98      	14998	2.1	83	99%	0.08301644498320077	1.298905345888687	0.0	0.204124145232	0.235702260396	0.288675134595	0.4472135955	0.237624706725	0.077709498184	NA	false	|wordFrequencies(Keywords).valueOf(ribonucleoprotein) orIfMissing 0.0 - 0.16|	wordFrequencies(Keywords) for ribonucleoprotein inRange (0.053 to 0.27)
212	wordFrequencies(Features) for erroneous inRange (0.0845 to 0.15)	Features	1	0.011890414478638834	0.0013047365088277405	0.6354158433434302	287.0	1887.0	7.78%	16.68%	2174	14.50     	14998	2.1	69	73%	0.5370102418577518	1.1509188611325674	0.0	0.1259881576697424	0.14907119849998599	0.1796053020267749	0.4472135954999579	0.15987506904223095	0.05168125054144091	NA	false	|wordFrequencies(Features).valueOf(erroneous) orIfMissing 0.0 - 0.12|	wordFrequencies(Features) for erroneous inRange (0.0845 to 0.15)
213	wordFrequencies(Gene ontology (GO)) for 0004930 >= 0.058	Gene ontology (GO)	0	0.018794474378296955	0.0013010281659427156	0.5451547435279454	221.0	84.0	5.99%	0.75%	305	2.04      	14998	2.1	359	97%	2.937859747461067	0.36832385386889277	0.0	0.051231551957855996	0.10050378152592121	0.15811388300841897	0.2	0.10029502294523672	0.05194771864604873	NA	false	wordFrequencies(Gene ontology (GO)) for 0004930	wordFrequencies(Gene ontology (GO)) for 0004930 >= 0.058
214	slidingSubsets(Features) contains ("modified", "motif")	Features	1	0.012073037630341637	0.0012936694284767913	0.47205086261640533	113.0	1106.0	3.06%	9.78%	1219	8.13      	14998	2.0	888	0.0%	0.37708125994420233	1.2030502514884382	NA	NA	NA	NA	NA	NA	NA	44022.0	false	slidingSubsets(Features) contains ("modified", "motif")	slidingSubsets(Features) contains ("modified", "motif")
215	wordFrequencies(Features) for zinc inRange (0.0844 to 0.17)	Features	1	0.006468920787996551	0.0012857618732030637	0.6374601680964423	91.0	753.0	2.47%	6.66%	844	5.63      	14998	2.1	69	91%	0.43859043623233673	1.183000359085083	0.0	0.1259881576697424	0.15249857033260467	0.1889822365046136	0.4472135954999579	0.16351009612620918	0.05386954448039878	NA	false	|wordFrequencies(Features).valueOf(zinc) orIfMissing 0.0 - 0.13|	wordFrequencies(Features) for zinc inRange (0.0844 to 0.17)
216	stemmedWords(Gene ontology (GO)) contains "organ"	Gene ontology (GO)	1	0.008937443248720742	0.0012814756850556643	0.47255535306973206	324.0	1880.0	8.79%	16.62%	2204	14.70     	14998	2.0	30	4%	0.5979896009769943	1.131041671045692	NA	NA	NA	NA	NA	NA	NA	21901.0	false	stemmedWords(Gene ontology (GO)) contains "organ"	stemmedWords(Gene ontology (GO)) contains "organ"
217	Gene ontology (GO) contains "establishment"	Gene ontology (GO)	1	0.003764011802908241	0.0012806319559593752	0.4522204442878089	31.0	330.0	0.84%	2.92%	361	2.41      	14998	1.04	70	4%	0.34931296379357885	1.212101768410669	NA	NA	NA	NA	NA	NA	NA	22256.0	false	Gene ontology (GO) contains "establishment"	Gene ontology (GO) contains "establishment"
218	Keywords contains "pathway"	Keywords	1	0.0034292640894752445	0.0012797274902714194	0.45358870059220413	46.0	392.0	1.25%	3.47%	438	2.92      	14998	1.1	7	0.0%	0.4272124817172021	1.1867091839721222	NA	NA	NA	NA	NA	NA	NA	911.0	false	Keywords contains "pathway"	Keywords contains "pathway"
219	wordCounts(Gene ontology (GO)) for membrane >= 2.5	Gene ontology (GO)	1	0.0071570094776961055	0.0012785430509715616	0.5495123988519017	422.0	2148.0	11.45%	18.99%	2570	17.14     	14998	2.05	83	50%	0.6679432098687258	1.1082391817888788	0.0	1.0	2.0	3.0	19.0	2.0	2.0	NA	false	wordCounts(Gene ontology (GO)) for membrane	wordCounts(Gene ontology (GO)) for membrane >= 2.5
220	numericPairs(Gene ontology (GO)) for (differentiation, negative) >= 43191.0	Gene ontology (GO)	1	0.0034741110509737263	0.0012707424434161463	0.5493555205058595	14.0	220.0	0.38%	1.95%	234	1.56      	14998	2.0	2037	98%	0.24337299683109095	1.2466345823255032	0.0	30219.0	45599.0	45671.0	2001199.0	232667.0	579740.0	NA	false	numericPairs(Gene ontology (GO)) for (differentiation, negative)	numericPairs(Gene ontology (GO)) for (differentiation, negative) >= 43191.0
221	The percent of Y in (Sequence) < 0.52	Sequence	0	0.004953336109858098	0.0012690733731911652	0.5495148071196634	189.0	235.0	5.13%	2.08%	424	2.83      	14998	2.0	178	2%	1.8132436249750528	0.734910331068604	0.0	2.0	3.0	4.0	24.0	3.0	1.0	NA	false	The percent of Y in (Sequence)	The percent of Y in (Sequence) < 0.52
222	slidingSubsets(Keywords) contains ("regulation", "ubl")	Keywords	1	0.011496458493861961	0.0012654404305719163	0.47239544173230386	39.0	670.0	1.06%	5.92%	709	4.73      	14998	2.0	376	0.0%	0.2237580061535919	1.2530283999037846	NA	NA	NA	NA	NA	NA	NA	111507.0	false	slidingSubsets(Keywords) contains ("regulation", "ubl")	slidingSubsets(Keywords) contains ("regulation", "ubl")
223	numberIn(Protein families) >= 1.5	Protein families	1	0.002566028990803695	0.0012633985840612744	0.47586843444627447	774.0	2975.0	20.99%	26.3%	3749	25.00     	4433	2.0	1	62%	0.8398190697340283	1.052213516920753	-200.0	0.0	0.0	1.0	643853.0	52.0	5258.0	NA	false	numberIn(Protein families)	numberIn(Protein families) >= 1.5
224	slidingSubsets(Features) contains ("residue", "natural", "variant")	Features	1	0.008509864013503487	0.0012583500360180103	0.4726079350126938	477.0	2442.0	12.94%	21.59%	2919	19.46     	14998	2.0	888	0.0%	0.664728800476996	1.1092869695554164	NA	NA	NA	NA	NA	NA	NA	44022.0	false	slidingSubsets(Features) contains ("residue", "natural", "variant")	slidingSubsets(Features) contains ("residue", "natural", "variant")
225	indices(Sequence) does not contain 139	Sequence	0	0.01736480261589112	0.001258309169574356	0.4696740889084469	516.0	571.0	14%	5.05%	1087	7.25      	14998	2.01	0	0.0%	1.9309915316975605	0.6965285317506051	NA	NA	NA	NA	NA	NA	NA	8797.0	false	indices(Sequence) does not contain 139	indices(Sequence) does not contain 139
226	average(numbers(Tissue specificity)) inRange (2,652,209 to 5,461,543)	Tissue specificity	1	0.004098950603925739	0.0012560218857793387	0.5515146908983519	236.0	1230.0	6.4%	10.87%	1466	9.77      	7308	2.05	18	60%	0.6548445905768988	1.1125088846735898	0.0	0.0	0.0	5889955.0	2.4734547E7	2970848.0	4204620.0	NA	false	|average(numbers(Tissue specificity)) - 4,056,876|	average(numbers(Tissue specificity)) inRange (2,652,209 to 5,461,543)
227	skipgrams(Gene ontology (GO)) contains ("protein", "*", "binding")	Gene ontology (GO)	1	0.005908878868740468	0.0012491594717253614	0.4747949512296364	67.0	610.0	1.82%	5.39%	677	4.51      	14998	2.06	367	4%	0.402574577370529	1.194740299994241	NA	NA	NA	NA	NA	NA	NA	103578.0	false	skipgrams(Gene ontology (GO)) contains ("protein", "*", "binding")	skipgrams(Gene ontology (GO)) contains ("protein", "*", "binding")
228	numericPairs(Post-translational modification) contains ("by")	Post-translational modification	1	0.009773942389398188	0.00124647071005082	0.49604385036891774	217.0	1483.0	5.89%	13.11%	1700	11.33     	3661	3.0	512	75%	0.5192434467684551	1.1567102300207501	NA	NA	NA	NA	NA	NA	NA	15341.0	false	numericPairs(Post-translational modification) contains ("by")	numericPairs(Post-translational modification) contains ("by")
229	Gene ontology (GO) contains "of cell"	Gene ontology (GO)	1	0.007630881983479752	0.0012456265701523159	0.4525735087502733	251.0	1511.0	6.81%	13.36%	1762	11.75     	14998	1.1	31	4%	0.5794660935575404	1.1370797023298866	NA	NA	NA	NA	NA	NA	NA	145556.0	false	Gene ontology (GO) contains "of cell"	Gene ontology (GO) contains "of cell"
230	Gene ontology (GO) contains "kinase"	Gene ontology (GO)	1	0.007764427593236603	0.00124315346512556	0.4512309848604232	230.0	1432.0	6.24%	12.66%	1662	11.08     	14998	1.04	70	4%	0.5629334145371074	1.1424687914951537	NA	NA	NA	NA	NA	NA	NA	22256.0	false	Gene ontology (GO) contains "kinase"	Gene ontology (GO) contains "kinase"
231	skipgrams(Keywords) contains ("nucleus", "*", "reference")	Keywords	1	0.01463220026212209	0.0012423638093222564	0.47272590504854445	218.0	1716.0	5.91%	15.17%	1934	12.90     	14998	2.06	45	2%	0.4585220606569548	1.176503329710707	NA	NA	NA	NA	NA	NA	NA	11697.0	false	skipgrams(Keywords) contains ("nucleus", "*", "reference")	skipgrams(Keywords) contains ("nucleus", "*", "reference")
232	Gene ontology (GO) contains "ubiquitin"	Gene ontology (GO)	1	0.0069569857508224925	0.0012420207471100612	0.4514946100387884	99.0	814.0	2.69%	7.2%	913	6.09      	14998	1.04	70	4%	0.44108737635652456	1.1821864418153563	NA	NA	NA	NA	NA	NA	NA	22256.0	false	Gene ontology (GO) contains "ubiquitin"	Gene ontology (GO) contains "ubiquitin"
233	numericPairs(Gene ontology (GO)) for (gland) >= 44697.5	Gene ontology (GO)	1	0.0026728600425237983	0.001241108255821562	0.5494773324204945	0.0	79.0	1.2333803929657287E-14%	0.7%	79	0.53      	14998	2.0	2037	99%	2.3415492574303118E-14	1.325965873928027	0.0	7595.0	32991.0	60445.0	1901224.0	55766.0	199011.0	NA	false	numericPairs(Gene ontology (GO)) for (gland)	numericPairs(Gene ontology (GO)) for (gland) >= 44697.5
234	max(numbers(Repeat)) >= 268.5	Repeat	1	0.004381497974262887	0.0012396811870119598	0.4769071804553703	171.0	991.0	4.64%	8.76%	1162	7.75      	1459	2.05	31	90%	0.5986185821981405	1.1308366446322566	0.0	0.0	0.0	0.0	3.1735292E7	44586.0	993351.0	NA	false	max(numbers(Repeat))	max(numbers(Repeat)) >= 268.5
235	wordFrequencies(Gene ontology (GO)) for type inRange (0.0026 to 0.0468)	Gene ontology (GO)	1	0.004834560697127219	0.0012364886038626836	0.6386744422217012	49.0	471.0	1.33%	4.16%	520	3.47      	14998	2.1	359	92%	0.38331247000897123	1.2010190896540467	0.0	0.0285494261543711	0.052851642258169	0.0928476690885259	0.4082482904638631	0.0710119798995229	0.0603463702237664	NA	false	|wordFrequencies(Gene ontology (GO)).valueOf(type) orIfMissing 0.0 - 0.0247|	wordFrequencies(Gene ontology (GO)) for type inRange (0.0026 to 0.0468)
236	slidingSubsets(Keywords) contains ("binding", "nucleus", "phosphoprotein")	Keywords	1	0.015187406321763693	0.001229991221097183	0.47148087736458766	88.0	1095.0	2.39%	9.68%	1183	7.89      	14998	2.0	376	0.0%	0.302592485855927	1.227331049831951	NA	NA	NA	NA	NA	NA	NA	111507.0	false	slidingSubsets(Keywords) contains ("binding", "nucleus", "phosphoprotein")	slidingSubsets(Keywords) contains ("binding", "nucleus", "phosphoprotein")
237	slidingSubsets(Tissue specificity) contains ("tongue", "in")	Tissue specificity	0	0.002989349595988965	0.0012273891546568402	0.4737482633965635	29.0	7.0	0.79%	0.0619%	36	0.24      	7308	2.0	1199	48%	3.276843564475786	0.25782669770822897	NA	NA	NA	NA	NA	NA	NA	371090.0	false	slidingSubsets(Tissue specificity) contains ("tongue", "in")	slidingSubsets(Tissue specificity) contains ("tongue", "in")
238	skipgramsAndBiGrams(Protein families) contains ("type", "type")	Protein families	0	0.004539982354298152	0.0012273114825101918	0.47557909060708475	74.0	45.0	2.01%	0.4%	119	0.79      	4433	2.1	28	28%	2.5295599118410586	0.5014156666114417	NA	NA	NA	NA	NA	NA	NA	13172.0	false	skipgramsAndBiGrams(Protein families) contains ("type", "type")	skipgramsAndBiGrams(Protein families) contains ("type", "type")
239	Tissue specificity contains "highest levels"	Tissue specificity	1	0.002822323552527826	0.001225495285735137	0.45370883209958335	48.0	372.0	1.3%	3.29%	420	2.80      	7308	1.1	76	48%	0.4648920919059243	1.1744269169076877	NA	NA	NA	NA	NA	NA	NA	124398.0	false	Tissue specificity contains "highest levels"	Tissue specificity contains "highest levels"
240	wordFrequencies(Gene ontology (GO)) for receptor >= 0.276	Gene ontology (GO)	0	0.015456863177807097	0.0012254884530635462	0.5485780871688318	198.0	89.0	5.4%	0.79%	288	1.92      	14998	2.1	359	80%	2.8107408160805214	0.40976028742915027	0.0	0.04677802697	0.08714893407	0.16012815381	0.4472135955	0.11583257884	0.08949086789	NA	false	wordFrequencies(Gene ontology (GO)) for receptor	wordFrequencies(Gene ontology (GO)) for receptor >= 0.276
241	slidingSubsets(Gene ontology (GO)) contains ("regulation", "of", "protein")	Gene ontology (GO)	1	0.008974289763186398	0.0012206623060424789	0.4726162089414406	197.0	1356.0	5.34%	11.99%	1553	10.35     	14998	2.0	1329	4%	0.5160062739361475	1.1577654378920896	NA	NA	NA	NA	NA	NA	NA	1055078.0	false	slidingSubsets(Gene ontology (GO)) contains ("regulation", "of", "protein")	slidingSubsets(Gene ontology (GO)) contains ("regulation", "of", "protein")
242	Gene ontology (GO) contains "complex [go"	Gene ontology (GO)	1	0.00782773271463136	0.0012169940301662732	0.4524372091041868	610.0	2881.0	16.54%	25.47%	3491	23.28     	14998	1.1	31	4%	0.7107881811938902	1.09427318326745	NA	NA	NA	NA	NA	NA	NA	145556.0	false	Gene ontology (GO) contains "complex [go"	Gene ontology (GO) contains "complex [go"
243	Gene ontology (GO) contains "intracellular"	Gene ontology (GO)	1	0.00549759565301217	0.0012162985960721471	0.45173686511703254	203.0	1190.0	5.51%	10.52%	1393	9.29      	14998	1.04	70	4%	0.5927958207091873	1.132734666169678	NA	NA	NA	NA	NA	NA	NA	22256.0	false	Gene ontology (GO) contains "intracellular"	Gene ontology (GO) contains "intracellular"
244	slidingSubsets(Tissue specificity) contains ("tissues", "and")	Tissue specificity	1	0.00220541101958072	0.001214385394191383	0.4742224769115938	31.0	260.0	0.84%	2.3%	291	1.94      	7308	2.0	1199	48%	0.43334013721471465	1.1847117773927458	NA	NA	NA	NA	NA	NA	NA	371090.0	false	slidingSubsets(Tissue specificity) contains ("tissues", "and")	slidingSubsets(Tissue specificity) contains ("tissues", "and")
245	numericPairs(Gene ontology (GO)) contains (("nucleus"), 5654.0)	Gene ontology (GO)	1	0.02291612497573088	0.0012138678866952229	0.46976435213776213	134.0	1630.0	3.63%	14.41%	1764	11.76     	14998	2.0	2037	4%	0.3090056563263584	1.2252405751149071	NA	NA	NA	NA	NA	NA	NA	311241.0	false	numericPairs(Gene ontology (GO)) contains (("nucleus"), 5654.0)	numericPairs(Gene ontology (GO)) contains (("nucleus"), 5654.0)
246	Involvement in disease contains "anomalies,"	Involvement in disease	1	0.002681508900220484	0.0012113101779759904	0.45384407001132504	4.0	122.0	0.11%	1.08%	126	0.84      	3676	1.1	51	75%	0.12913669219609009	1.2838717192001605	NA	NA	NA	NA	NA	NA	NA	44209.0	false	Involvement in disease contains "anomalies,"	Involvement in disease contains "anomalies,"
247	wordFrequencies(Gene ontology (GO)) for formation inRange (0.0027 to 0.047)	Gene ontology (GO)	1	0.0038666327335024377	0.0012018056018569285	0.6389576304593447	25.0	301.0	0.68%	2.66%	326	2.17      	14998	2.1	359	97%	0.3119482978663219	1.2242813743936762	0.0	9.223372036854775E-7	9.223372036854775E-7	9.223372036854775E-7	9.223372036854775E-7	9.223372036854775E-7	9.223372036854775E-7	NA	false	|wordFrequencies(Gene ontology (GO)).valueOf(formation) orIfMissing 0.0 - 0.0249|	wordFrequencies(Gene ontology (GO)) for formation inRange (0.0027 to 0.047)
248	elementCount(Sequence) for Q < 12.5	Sequence	0	0.018130531044856513	0.0012002239605331158	0.5463972324813574	1619.0	3194.0	43.91%	28.24%	4813	32.09     	14998	2.0	128	0.0%	1.3683311026308538	0.8799366302360571	0.0	10.0	19.0	34.0	763.0	28.0	31.0	NA	false	elementCount(Sequence) for Q	elementCount(Sequence) for Q < 12.5
249	elementCount(Sequence) for Y < 5.5	Sequence	0	0.013838629036691506	0.0011938168553796036	0.5464640215351751	1096.0	2002.0	29.73%	17.7%	3098	20.66     	14998	2.0	128	2%	1.4390946292375126	0.8568701354434879	0.0	7.0	12.0	20.0	411.0	16.0	15.0	NA	false	elementCount(Sequence) for Y	elementCount(Sequence) for Y < 5.5