[{"jsonClass":"com.sparkbeyond.engine.report.FeatureStability","code":"elementCount(Sequence) for E < 10.5","htmlCode":{"content":"<div style='white-space: nowrap' class='feature-name-container'><span><span style='color: white' title='Produce a new histogram from a collection\n\nReturn type: com.sparkbeyond.runtime.feature.types.Histogram[A]\n\nParameters: (it:scala.collection.GenTraversableOnce[A])\n\nCost: 1.0'>elementCount</span>(<span style='color: #0095F0' title=' Input parameter of type String, cost:1.0'>Sequence</span>) for <span style='color:#3EE77B' title='Constant. Type: Char, cost:1.0'>E</span></span> <span style='color: #B9C5E6'>&lt;</span> <span style='color:#C1A6FC' title='10.5'>10.5</span></div>"},"paramsList":["Sequence"],"trainRig":0.0339618648670032,"testRig":0.024068640822772915,"trainSupport":2266.0,"trainTotalWeight":14997.999999999998,"testSupport":588.0,"testTotalWeight":3810.0,"overFitting":-0.29130391051765775,"lifts":[1.852592934647174,1.7095991491058964,0.7220837989528661,0.7737830334626062]},{"jsonClass":"com.sparkbeyond.engine.report.FeatureStability","code":"elementCount(Sequence) for D < 12.5","htmlCode":{"content":"<div style='white-space: nowrap' class='feature-name-container'><span><span style='color: white' title='Produce a new histogram from a collection\n\nReturn type: com.sparkbeyond.runtime.feature.types.Histogram[A]\n\nParameters: (it:scala.collection.GenTraversableOnce[A])\n\nCost: 1.0'>elementCount</span>(<span style='color: #0095F0' title=' Input parameter of type String, cost:1.0'>Sequence</span>) for <span style='color:#3EE77B' title='Constant. Type: Char, cost:1.0'>D</span></span> <span style='color: #B9C5E6'>&lt;</span> <span style='color:#C1A6FC' title='12.5'>12.5</span></div>"},"paramsList":["Sequence"],"trainRig":0.03253839205177899,"testRig":0.01610662892764785,"trainSupport":4626.0,"trainTotalWeight":14998.0,"testSupport":1166.0,"testTotalWeight":3810.0,"overFitting":-0.5049961626248448,"lifts":[1.5106983077336376,1.3623792469591745,0.8335297798060365,0.8844751518001386]},{"jsonClass":"com.sparkbeyond.engine.report.FeatureStability","code":"elementCount(Sequence) for K < 12.5","htmlCode":{"content":"<div style='white-space: nowrap' class='feature-name-container'><span><span style='color: white' title='Produce a new histogram from a collection\n\nReturn type: com.sparkbeyond.runtime.feature.types.Histogram[A]\n\nParameters: (it:scala.collection.GenTraversableOnce[A])\n\nCost: 1.0'>elementCount</span>(<span style='color: #0095F0' title=' Input parameter of type String, cost:1.0'>Sequence</span>) for <span style='color:#3EE77B' title='Constant. Type: Char, cost:1.0'>K</span></span> <span style='color: #B9C5E6'>&lt;</span> <span style='color:#C1A6FC' title='12.5'>12.5</span></div>"},"paramsList":["Sequence"],"trainRig":0.03203024774999935,"testRig":0.02206341018095956,"trainSupport":3853.0,"trainTotalWeight":14998.000000000002,"testSupport":957.0,"testTotalWeight":3810.0000000000005,"overFitting":-0.31116954345256337,"lifts":[1.5804581595776606,1.4913257022658348,0.8107904487346093,0.8433676110118262]},{"jsonClass":"com.sparkbeyond.engine.report.FeatureStability","code":"Length < 344","htmlCode":{"content":"<div style='white-space: nowrap' class='feature-name-container'><span><span style='color: #0095F0' title=' Input parameter of type Int, cost:1.0'>Length</span></span> <span style='color: #B9C5E6'>&lt;</span> <span style='color:#C1A6FC' title='344'>344</span></div>"},"paramsList":["Length"],"trainRig":0.024071914676703915,"testRig":0.023177237890825327,"trainSupport":5534.0,"trainTotalWeight":14998.0,"testSupport":1385.0,"testTotalWeight":3810.0,"overFitting":-0.03716683105164169,"lifts":[1.379702113198396,1.379931560813274,0.8762300688389633,0.8788795543409397]},{"jsonClass":"com.sparkbeyond.engine.report.FeatureStability","code":"elementCount(Sequence) for N < 13.5","htmlCode":{"content":"<div style='white-space: nowrap' class='feature-name-container'><span><span style='color: white' title='Produce a new histogram from a collection\n\nReturn type: com.sparkbeyond.runtime.feature.types.Histogram[A]\n\nParameters: (it:scala.collection.GenTraversableOnce[A])\n\nCost: 1.0'>elementCount</span>(<span style='color: #0095F0' title=' Input parameter of type String, cost:1.0'>Sequence</span>) for <span style='color:#3EE77B' title='Constant. Type: Char, cost:1.0'>N</span></span> <span style='color: #B9C5E6'>&lt;</span> <span style='color:#C1A6FC' title='13.5'>13.5</span></div>"},"paramsList":["Sequence"],"trainRig":0.02090182088242954,"testRig":0.015185420816236568,"trainSupport":7047.0,"trainTotalWeight":14998.0,"testSupport":1781.0,"testTotalWeight":3810.0,"overFitting":-0.27348813762911367,"lifts":[1.2837803474512965,1.2449910107961892,0.9074972910394369,0.9218979851355865]},{"jsonClass":"com.sparkbeyond.engine.report.FeatureStability","code":"elementCount(Sequence) for R < 15.5","htmlCode":{"content":"<div style='white-space: nowrap' class='feature-name-container'><span><span style='color: white' title='Produce a new histogram from a collection\n\nReturn type: com.sparkbeyond.runtime.feature.types.Histogram[A]\n\nParameters: (it:scala.collection.GenTraversableOnce[A])\n\nCost: 1.0'>elementCount</span>(<span style='color: #0095F0' title=' Input parameter of type String, cost:1.0'>Sequence</span>) for <span style='color:#3EE77B' title='Constant. Type: Char, cost:1.0'>R</span></span> <span style='color: #B9C5E6'>&lt;</span> <span style='color:#C1A6FC' title='15.5'>15.5</span></div>"},"paramsList":["Sequence"],"trainRig":0.020429387993221824,"testRig":0.016263676265472905,"trainSupport":4408.0,"trainTotalWeight":14997.999999999998,"testSupport":1081.0,"testTotalWeight":3810.0,"overFitting":-0.20390780816004092,"lifts":[1.4183796554037655,1.3853139962695897,0.8636225099926015,0.8771636585101098]},{"jsonClass":"com.sparkbeyond.engine.report.FeatureStability","code":"elementCount(Sequence) for G < 16.5","htmlCode":{"content":"<div style='white-space: nowrap' class='feature-name-container'><span><span style='color: white' title='Produce a new histogram from a collection\n\nReturn type: com.sparkbeyond.runtime.feature.types.Histogram[A]\n\nParameters: (it:scala.collection.GenTraversableOnce[A])\n\nCost: 1.0'>elementCount</span>(<span style='color: #0095F0' title=' Input parameter of type String, cost:1.0'>Sequence</span>) for <span style='color:#3EE77B' title='Constant. Type: Char, cost:1.0'>G</span></span> <span style='color: #B9C5E6'>&lt;</span> <span style='color:#C1A6FC' title='16.5'>16.5</span></div>"},"paramsList":["Sequence"],"trainRig":0.020242368247744846,"testRig":0.021623553527765446,"trainSupport":3906.0,"trainTotalWeight":14998.0,"testSupport":983.0,"testTotalWeight":3810.0,"overFitting":0.0682323956918665,"lifts":[1.4548706370801439,1.477130767013165,0.8517276952599689,0.8478928915129369]},{"jsonClass":"com.sparkbeyond.engine.report.FeatureStability","code":"The percent of E in (Sequence) < 3.306","htmlCode":{"content":"<div style='white-space: nowrap' class='feature-name-container'><span>The percent of E in (<span style='color: #0095F0' title=' Input parameter of type String, cost:1.0'>Sequence</span>)</span> <span style='color: #B9C5E6'>&lt;</span> <span style='color:#C1A6FC' title='3.306'>3.306</span></div>"},"paramsList":["Sequence"],"trainRig":0.019143565907276037,"testRig":0.012568739815920618,"trainSupport":1232.0,"trainTotalWeight":14998.000000000002,"testSupport":324.0,"testTotalWeight":3810.0,"overFitting":-0.34344834829630544,"lifts":[1.911736656346095,1.723669923995657,0.702804964021921,0.7692973347178954]},{"jsonClass":"com.sparkbeyond.engine.report.FeatureStability","code":"elementCount(Sequence) for A < 21.5","htmlCode":{"content":"<div style='white-space: nowrap' class='feature-name-container'><span><span style='color: white' title='Produce a new histogram from a collection\n\nReturn type: com.sparkbeyond.runtime.feature.types.Histogram[A]\n\nParameters: (it:scala.collection.GenTraversableOnce[A])\n\nCost: 1.0'>elementCount</span>(<span style='color: #0095F0' title=' Input parameter of type String, cost:1.0'>Sequence</span>) for <span style='color:#3EE77B' title='Constant. Type: Char, cost:1.0'>A</span></span> <span style='color: #B9C5E6'>&lt;</span> <span style='color:#C1A6FC' title='21.5'>21.5</span></div>"},"paramsList":["Sequence"],"trainRig":0.018472605438466082,"testRig":0.020130916544308475,"trainSupport":4948.0,"trainTotalWeight":14998.0,"testSupport":1264.0,"testTotalWeight":3810.0,"overFitting":0.08977137044183492,"lifts":[1.3638823421845945,1.3811177998598112,0.8813867743228184,0.878501386752895]},{"jsonClass":"com.sparkbeyond.engine.report.FeatureStability","code":"elementCount(Sequence) for Q < 12.5","htmlCode":{"content":"<div style='white-space: nowrap' class='feature-name-container'><span><span style='color: white' title='Produce a new histogram from a collection\n\nReturn type: com.sparkbeyond.runtime.feature.types.Histogram[A]\n\nParameters: (it:scala.collection.GenTraversableOnce[A])\n\nCost: 1.0'>elementCount</span>(<span style='color: #0095F0' title=' Input parameter of type String, cost:1.0'>Sequence</span>) for <span style='color:#3EE77B' title='Constant. Type: Char, cost:1.0'>Q</span></span> <span style='color: #B9C5E6'>&lt;</span> <span style='color:#C1A6FC' title='12.5'>12.5</span></div>"},"paramsList":["Sequence"],"trainRig":0.018130531044856513,"testRig":0.012902061225424597,"trainSupport":4813.0,"trainTotalWeight":14998.0,"testSupport":1227.0,"testTotalWeight":3810.0,"overFitting":-0.28837929823987096,"lifts":[1.3683311026308538,1.3115063089179668,0.8799366302360571,0.9006932120064218]},{"jsonClass":"com.sparkbeyond.engine.report.FeatureStability","code":"elementCount(Sequence) for F < 5.5","htmlCode":{"content":"<div style='white-space: nowrap' class='feature-name-container'><span><span style='color: white' title='Produce a new histogram from a collection\n\nReturn type: com.sparkbeyond.runtime.feature.types.Histogram[A]\n\nParameters: (it:scala.collection.GenTraversableOnce[A])\n\nCost: 1.0'>elementCount</span>(<span style='color: #0095F0' title=' Input parameter of type String, cost:1.0'>Sequence</span>) for <span style='color:#3EE77B' title='Constant. Type: Char, cost:1.0'>F</span></span> <span style='color: #B9C5E6'>&lt;</span> <span style='color:#C1A6FC' title='5.5'>5.5</span></div>"},"paramsList":["Sequence"],"trainRig":0.018066938485100218,"testRig":0.008391344458672786,"trainSupport":1954.0,"trainTotalWeight":14998.000000000002,"testSupport":497.0,"testTotalWeight":3810.0,"overFitting":-0.5355414274757665,"lifts":[1.6737542817595585,1.456622470982245,0.7803790967334902,0.8544308425840609]},{"jsonClass":"com.sparkbeyond.engine.report.FeatureStability","code":"elementCount(Sequence) for I < 6.5","htmlCode":{"content":"<div style='white-space: nowrap' class='feature-name-container'><span><span style='color: white' title='Produce a new histogram from a collection\n\nReturn type: com.sparkbeyond.runtime.feature.types.Histogram[A]\n\nParameters: (it:scala.collection.GenTraversableOnce[A])\n\nCost: 1.0'>elementCount</span>(<span style='color: #0095F0' title=' Input parameter of type String, cost:1.0'>Sequence</span>) for <span style='color:#3EE77B' title='Constant. Type: Char, cost:1.0'>I</span></span> <span style='color: #B9C5E6'>&lt;</span> <span style='color:#C1A6FC' title='6.5'>6.5</span></div>"},"paramsList":["Sequence"],"trainRig":0.017921517859133235,"testRig":0.015271012253287138,"trainSupport":2308.0,"trainTotalWeight":14998.000000000002,"testSupport":568.0,"testTotalWeight":3810.0,"overFitting":-0.14789515188833938,"lifts":[1.6056200552881712,1.5731522686608248,0.8025885294096466,0.8172816755151886]},{"jsonClass":"com.sparkbeyond.engine.report.FeatureStability","code":"indices(Sequence) does not contain 177","htmlCode":{"content":"<div style='white-space: nowrap' class='feature-name-container'><span><span style='color: white' title='Return type: scala.collection.immutable.Range\n\nParameters: (SeqLike:scala.collection.SeqLike[A,Repr])\n\nCost: 1.01'>indices</span>(<span style='color: #0095F0' title=' Input parameter of type String, cost:1.0'>Sequence</span>)</span> <span style='color: #B9C5E6'>does not contain</span> <span style='color:#C1A6FC' title='177'>177</span></div>"},"paramsList":["Sequence"],"trainRig":0.017389775801148633,"testRig":0.014042453525409058,"trainSupport":1763.0,"trainTotalWeight":14998.0,"testSupport":468.0,"testTotalWeight":3810.0,"overFitting":-0.1924879488968729,"lifts":[1.7028024296554205,1.6175979286728472,0.7709103918186249,0.8031126021780226]},{"jsonClass":"com.sparkbeyond.engine.report.FeatureStability","code":"indices(Sequence) does not contain 139","htmlCode":{"content":"<div style='white-space: nowrap' class='feature-name-container'><span><span style='color: white' title='Return type: scala.collection.immutable.Range\n\nParameters: (SeqLike:scala.collection.SeqLike[A,Repr])\n\nCost: 1.01'>indices</span>(<span style='color: #0095F0' title=' Input parameter of type String, cost:1.0'>Sequence</span>)</span> <span style='color: #B9C5E6'>does not contain</span> <span style='color:#C1A6FC' title='139'>139</span></div>"},"paramsList":["Sequence"],"trainRig":0.01736480261589112,"testRig":0.012004705241059878,"trainSupport":1087.0,"trainTotalWeight":14998.0,"testSupport":281.0,"testTotalWeight":3809.9999999999995,"overFitting":-0.3086759748092982,"lifts":[1.9309915316975605,1.7666083206788228,0.6965285317506051,0.7556087700431998]},{"jsonClass":"com.sparkbeyond.engine.report.FeatureStability","code":"elementCount(Sequence) for V < 10.5","htmlCode":{"content":"<div style='white-space: nowrap' class='feature-name-container'><span><span style='color: white' title='Produce a new histogram from a collection\n\nReturn type: com.sparkbeyond.runtime.feature.types.Histogram[A]\n\nParameters: (it:scala.collection.GenTraversableOnce[A])\n\nCost: 1.0'>elementCount</span>(<span style='color: #0095F0' title=' Input parameter of type String, cost:1.0'>Sequence</span>) for <span style='color:#3EE77B' title='Constant. Type: Char, cost:1.0'>V</span></span> <span style='color: #B9C5E6'>&lt;</span> <span style='color:#C1A6FC' title='10.5'>10.5</span></div>"},"paramsList":["Sequence"],"trainRig":0.017320665019276347,"testRig":0.01208354940807071,"trainSupport":2179.0,"trainTotalWeight":14998.0,"testSupport":554.0,"testTotalWeight":3809.9999999999995,"overFitting":-0.30236227104312663,"lifts":[1.6166681167586696,1.5158339114994297,0.7989872383972049,0.835554505887513]},{"jsonClass":"com.sparkbeyond.engine.report.FeatureStability","code":"The percent of D in (Sequence) < 3.71","htmlCode":{"content":"<div style='white-space: nowrap' class='feature-name-container'><span>The percent of D in (<span style='color: #0095F0' title=' Input parameter of type String, cost:1.0'>Sequence</span>)</span> <span style='color: #B9C5E6'>&lt;</span> <span style='color:#C1A6FC' title='3.71'>3.71</span></div>"},"paramsList":["Sequence"],"trainRig":0.01697585527159507,"testRig":0.007930814291244448,"trainSupport":4329.0,"trainTotalWeight":14998.000000000002,"testSupport":1080.0,"testTotalWeight":3810.0,"overFitting":-0.5328179838741486,"lifts":[1.3860045186326715,1.2678549885390276,0.8741756997437308,0.9146090534979423]},{"jsonClass":"com.sparkbeyond.engine.report.FeatureStability","code":"indices(Sequence) contains 485","htmlCode":{"content":"<div style='white-space: nowrap' class='feature-name-container'><span><span style='color: white' title='Return type: scala.collection.immutable.Range\n\nParameters: (SeqLike:scala.collection.SeqLike[A,Repr])\n\nCost: 1.01'>indices</span>(<span style='color: #0095F0' title=' Input parameter of type String, cost:1.0'>Sequence</span>)</span> <span style='color: #B9C5E6'>contains</span> <span style='color:#C1A6FC' title='485'>485</span></div>"},"paramsList":["Sequence"],"trainRig":0.016721240657544833,"testRig":0.01609226294269671,"trainSupport":6535.0,"trainTotalWeight":14998.0,"testSupport":1662.0,"testTotalWeight":3810.0,"overFitting":-0.03761549323580376,"lifts":[0.730773376297415,0.7342709423519405,1.0877586916799074,1.084713209447512]},{"jsonClass":"com.sparkbeyond.engine.report.FeatureStability","code":"indices(Sequence) does not contain 190","htmlCode":{"content":"<div style='white-space: nowrap' class='feature-name-container'><span><span style='color: white' title='Return type: scala.collection.immutable.Range\n\nParameters: (SeqLike:scala.collection.SeqLike[A,Repr])\n\nCost: 1.01'>indices</span>(<span style='color: #0095F0' title=' Input parameter of type String, cost:1.0'>Sequence</span>)</span> <span style='color: #B9C5E6'>does not contain</span> <span style='color:#C1A6FC' title='190'>190</span></div>"},"paramsList":["Sequence"],"trainRig":0.016506523614135165,"testRig":0.01296476205233805,"trainSupport":2038.0,"trainTotalWeight":14998.0,"testSupport":535.0,"testTotalWeight":3810.0000000000005,"overFitting":-0.21456738224178043,"lifts":[1.6267231258116401,1.5464702121830192,0.795709648583899,0.8257877932085286]},{"jsonClass":"com.sparkbeyond.engine.report.FeatureStability","code":"indices(Sequence) contains 538","htmlCode":{"content":"<div style='white-space: nowrap' class='feature-name-container'><span><span style='color: white' title='Return type: scala.collection.immutable.Range\n\nParameters: (SeqLike:scala.collection.SeqLike[A,Repr])\n\nCost: 1.01'>indices</span>(<span style='color: #0095F0' title=' Input parameter of type String, cost:1.0'>Sequence</span>)</span> <span style='color: #B9C5E6'>contains</span> <span style='color:#C1A6FC' title='538'>538</span></div>"},"paramsList":["Sequence"],"trainRig":0.015326917525892252,"testRig":0.014895661924512913,"trainSupport":5563.0,"trainTotalWeight":14998.0,"testSupport":1452.0,"testTotalWeight":3810.0,"overFitting":-0.02813713851143291,"lifts":[0.7070947712815031,0.7151093403684461,1.0954771088573156,1.090821840609436]},{"jsonClass":"com.sparkbeyond.engine.report.FeatureStability","code":"elementCount(Sequence) for T >= 23.5","htmlCode":{"content":"<div style='white-space: nowrap' class='feature-name-container'><span><span style='color: white' title='Produce a new histogram from a collection\n\nReturn type: com.sparkbeyond.runtime.feature.types.Histogram[A]\n\nParameters: (it:scala.collection.GenTraversableOnce[A])\n\nCost: 1.0'>elementCount</span>(<span style='color: #0095F0' title=' Input parameter of type String, cost:1.0'>Sequence</span>) for <span style='color:#3EE77B' title='Constant. Type: Char, cost:1.0'>T</span></span> <span style='color: #B9C5E6'>&ge;</span> <span style='color:#C1A6FC' title='23.5'>23.5</span></div>"},"paramsList":["Sequence"],"trainRig":0.014668196185953485,"testRig":0.015140425855460308,"trainSupport":6977.0,"trainTotalWeight":14998.0,"testSupport":1760.0,"testTotalWeight":3810.0,"overFitting":0.03219412008949252,"lifts":[0.7614382084355669,0.7544973349126443,1.0777630028731382,1.0782651279146607]},{"jsonClass":"com.sparkbeyond.engine.report.FeatureStability","code":"indices(Sequence) contains 599","htmlCode":{"content":"<div style='white-space: nowrap' class='feature-name-container'><span><span style='color: white' title='Return type: scala.collection.immutable.Range\n\nParameters: (SeqLike:scala.collection.SeqLike[A,Repr])\n\nCost: 1.01'>indices</span>(<span style='color: #0095F0' title=' Input parameter of type String, cost:1.0'>Sequence</span>)</span> <span style='color: #B9C5E6'>contains</span> <span style='color:#C1A6FC' title='599'>599</span></div>"},"paramsList":["Sequence"],"trainRig":0.014417116270805542,"testRig":0.013180850344496266,"trainSupport":4732.0,"trainTotalWeight":14998.0,"testSupport":1224.0,"testTotalWeight":3810.0,"overFitting":-0.08574987557065744,"lifts":[0.6808330931758358,0.696227459496285,1.1040375197118462,1.0968412979591282]},{"jsonClass":"com.sparkbeyond.engine.report.FeatureStability","code":"elementCount(Sequence) for Y < 5.5","htmlCode":{"content":"<div style='white-space: nowrap' class='feature-name-container'><span><span style='color: white' title='Produce a new histogram from a collection\n\nReturn type: com.sparkbeyond.runtime.feature.types.Histogram[A]\n\nParameters: (it:scala.collection.GenTraversableOnce[A])\n\nCost: 1.0'>elementCount</span>(<span style='color: #0095F0' title=' Input parameter of type String, cost:1.0'>Sequence</span>) for <span style='color:#3EE77B' title='Constant. Type: Char, cost:1.0'>Y</span></span> <span style='color: #B9C5E6'>&lt;</span> <span style='color:#C1A6FC' title='5.5'>5.5</span></div>"},"paramsList":["Sequence"],"trainRig":0.013838629036691506,"testRig":0.008759264443643928,"trainSupport":3098.0,"trainTotalWeight":14998.000000000002,"testSupport":806.0,"testTotalWeight":3810.0,"overFitting":-0.3670424707230923,"lifts":[1.4390946292375126,1.3447191665117482,0.8568701354434879,0.8901051047568985]},{"jsonClass":"com.sparkbeyond.engine.report.FeatureStability","code":"The percent of K in (Sequence) < 3.775","htmlCode":{"content":"<div style='white-space: nowrap' class='feature-name-container'><span>The percent of K in (<span style='color: #0095F0' title=' Input parameter of type String, cost:1.0'>Sequence</span>)</span> <span style='color: #B9C5E6'>&lt;</span> <span style='color:#C1A6FC' title='3.775'>3.775</span></div>"},"paramsList":["Sequence"],"trainRig":0.013675473030413401,"testRig":0.01089264784421364,"trainSupport":3687.0,"trainTotalWeight":14998.0,"testSupport":906.0,"testTotalWeight":3810.0,"overFitting":-0.2034902324775846,"lifts":[1.3879304859382862,1.35610587397804,0.8735479001277993,0.8864750744431378]},{"jsonClass":"com.sparkbeyond.engine.report.FeatureStability","code":"elementCount(Sequence) for M < 4.5","htmlCode":{"content":"<div style='white-space: nowrap' class='feature-name-container'><span><span style='color: white' title='Produce a new histogram from a collection\n\nReturn type: com.sparkbeyond.runtime.feature.types.Histogram[A]\n\nParameters: (it:scala.collection.GenTraversableOnce[A])\n\nCost: 1.0'>elementCount</span>(<span style='color: #0095F0' title=' Input parameter of type String, cost:1.0'>Sequence</span>) for <span style='color:#3EE77B' title='Constant. Type: Char, cost:1.0'>M</span></span> <span style='color: #B9C5E6'>&lt;</span> <span style='color:#C1A6FC' title='4.5'>4.5</span></div>"},"paramsList":["Sequence"],"trainRig":0.013376535580999644,"testRig":0.007975764638790598,"trainSupport":3044.0,"trainTotalWeight":14998.0,"testSupport":762.0,"testTotalWeight":3810.0,"overFitting":-0.40374960388700587,"lifts":[1.4365608539717807,1.3409337676438655,0.8576960597123193,0.8913118726202838]},{"jsonClass":"com.sparkbeyond.engine.report.FeatureStability","code":"indices(Sequence) contains 699","htmlCode":{"content":"<div style='white-space: nowrap' class='feature-name-container'><span><span style='color: white' title='Return type: scala.collection.immutable.Range\n\nParameters: (SeqLike:scala.collection.SeqLike[A,Repr])\n\nCost: 1.01'>indices</span>(<span style='color: #0095F0' title=' Input parameter of type String, cost:1.0'>Sequence</span>)</span> <span style='color: #B9C5E6'>contains</span> <span style='color:#C1A6FC' title='699'>699</span></div>"},"paramsList":["Sequence"],"trainRig":0.01303719442057635,"testRig":0.01058988329065236,"trainSupport":3695.0,"trainTotalWeight":14998.0,"testSupport":971.0,"testTotalWeight":3809.9999999999995,"overFitting":-0.1877176216733753,"lifts":[0.6429224870471646,0.6816573128880868,1.11639508356972,1.1014861941260201]},{"jsonClass":"com.sparkbeyond.engine.report.FeatureStability","code":"Mass % Length >= 256.5","htmlCode":{"content":"<div style='white-space: nowrap' class='feature-name-container'><span><span style='color: #0095F0' title=' Input parameter of type Double, cost:1.0'>Mass</span> <span style='color: white' title='Example: 54.0 % 72.0 = 54.0\n\nReturn type: Double\n\nParameters: (Double:Double, x:Double)\n\nCost: 1.0'>%</span> <span style='color: #0095F0' title=' Input parameter of type Int, cost:1.0'>Length</span></span> <span style='color: #B9C5E6'>&ge;</span> <span style='color:#C1A6FC' title='256.5'>256.5</span></div>"},"paramsList":["Mass","Length"],"trainRig":0.011715763831751994,"testRig":0.009207170917159314,"trainSupport":5700.0,"trainTotalWeight":14998.0,"testSupport":1491.0,"testTotalWeight":3810.0,"overFitting":-0.21412115766570047,"lifts":[0.7479053478556712,0.7796398368495446,1.08217425359881,1.0702498131746518]},{"jsonClass":"com.sparkbeyond.engine.report.FeatureStability","code":"The percent of I in (Sequence) notInRange (1.91 to 7.39)","htmlCode":{"content":"<div style='white-space: nowrap' class='feature-name-container'><span>The percent of I in (<span style='color: #0095F0' title=' Input parameter of type String, cost:1.0'>Sequence</span>) <span style='color: white' title='Returns false if: from &le; number &le; to\n\nReturn type: Boolean\n\nParameters: (value:Double, range:com.sparkbeyond.runtime.feature.types.Segment)\n\nCost: 1.0'>notInRange</span> <span style='color:#3EE77B' title='Constant. Type: Segment, cost:1.0'>(1.91 to 7.39)</span></span> <span style='color: #B9C5E6'></span> <span style='color:#C1A6FC' ></span></div>"},"paramsList":["Sequence"],"trainRig":0.01003201880776655,"testRig":0.009399959088461828,"trainSupport":2594.0,"trainTotalWeight":14998.0,"testSupport":637.0,"testTotalWeight":3810.0,"overFitting":-0.06300423986599755,"lifts":[1.4176162093199156,1.4157364273697453,0.8638713673625207,0.8674651264771424]},{"jsonClass":"com.sparkbeyond.engine.report.FeatureStability","code":"The percent of F in (Sequence) notInRange (1.74 to 6.28)","htmlCode":{"content":"<div style='white-space: nowrap' class='feature-name-container'><span>The percent of F in (<span style='color: #0095F0' title=' Input parameter of type String, cost:1.0'>Sequence</span>) <span style='color: white' title='Returns false if: from &le; number &le; to\n\nReturn type: Boolean\n\nParameters: (value:Double, range:com.sparkbeyond.runtime.feature.types.Segment)\n\nCost: 1.0'>notInRange</span> <span style='color:#3EE77B' title='Constant. Type: Segment, cost:1.0'>(1.74 to 6.28)</span></span> <span style='color: #B9C5E6'></span> <span style='color:#C1A6FC' ></span></div>"},"paramsList":["Sequence"],"trainRig":0.009989304601998735,"testRig":0.002817438475882856,"trainSupport":2589.0,"trainTotalWeight":14998.0,"testSupport":650.0,"testTotalWeight":3809.9999999999995,"overFitting":-0.7179544935170841,"lifts":[1.4172116011461984,1.2219493861187674,0.8640032558194648,0.9292435498042975]},{"jsonClass":"com.sparkbeyond.engine.report.FeatureStability","code":"The percent of L in (Sequence) >= 12.305","htmlCode":{"content":"<div style='white-space: nowrap' class='feature-name-container'><span>The percent of L in (<span style='color: #0095F0' title=' Input parameter of type String, cost:1.0'>Sequence</span>)</span> <span style='color: #B9C5E6'>&ge;</span> <span style='color:#C1A6FC' title='12.305'>12.305</span></div>"},"paramsList":["Sequence"],"trainRig":0.009632784716540643,"testRig":0.008361437886098265,"trainSupport":3071.0,"trainTotalWeight":14998.0,"testSupport":797.0,"testTotalWeight":3810.0,"overFitting":-0.13198123573335166,"lifts":[1.3669734906904905,1.3391423048156972,0.8803791653986527,0.8918829827846114]},{"jsonClass":"com.sparkbeyond.engine.report.FeatureStability","code":"The percent of W in (Sequence) notInRange (0.0241 to 1.66)","htmlCode":{"content":"<div style='white-space: nowrap' class='feature-name-container'><span>The percent of W in (<span style='color: #0095F0' title=' Input parameter of type String, cost:1.0'>Sequence</span>) <span style='color: white' title='Returns false if: from &le; number &le; to\n\nReturn type: Boolean\n\nParameters: (value:Double, range:com.sparkbeyond.runtime.feature.types.Segment)\n\nCost: 1.0'>notInRange</span> <span style='color:#3EE77B' title='Constant. Type: Segment, cost:1.0'>(0.0241 to 1.66)</span></span> <span style='color: #B9C5E6'></span> <span style='color:#C1A6FC' ></span></div>"},"paramsList":["Sequence"],"trainRig":0.009519157574517045,"testRig":0.008609676396828667,"trainSupport":5214.0,"trainTotalWeight":14998.0,"testSupport":1290.0,"testTotalWeight":3810.0,"overFitting":-0.09554219168753708,"lifts":[1.249832163078499,1.2442491730424463,0.9185632406267857,0.9221344796219823]},{"jsonClass":"com.sparkbeyond.engine.report.FeatureStability","code":"The percent of C in (Sequence) >= 2.483","htmlCode":{"content":"<div style='white-space: nowrap' class='feature-name-container'><span>The percent of C in (<span style='color: #0095F0' title=' Input parameter of type String, cost:1.0'>Sequence</span>)</span> <span style='color: #B9C5E6'>&ge;</span> <span style='color:#C1A6FC' title='2.483'>2.483</span></div>"},"paramsList":["Sequence"],"trainRig":0.007411287251778228,"testRig":0.006486326982562526,"trainSupport":5358.0,"trainTotalWeight":14998.0,"testSupport":1350.0,"testTotalWeight":3810.0,"overFitting":-0.12480426649146166,"lifts":[1.2154828466754604,1.2042707202316323,0.9297599455669329,0.9348794277143186]},{"jsonClass":"com.sparkbeyond.engine.report.FeatureStability","code":"elementCount(Sequence) contains ('M', 1.0)","htmlCode":{"content":"<div style='white-space: nowrap' class='feature-name-container'><span><span style='color: white' title='Produce a new histogram from a collection\n\nReturn type: com.sparkbeyond.runtime.feature.types.Histogram[A]\n\nParameters: (it:scala.collection.GenTraversableOnce[A])\n\nCost: 1.0'>elementCount</span>(<span style='color: #0095F0' title=' Input parameter of type String, cost:1.0'>Sequence</span>)</span> <span style='color: #B9C5E6'>contains</span> <span style='color:#C1A6FC' >('M', 1.0)</span></div>"},"paramsList":["Sequence"],"trainRig":0.0069474044263346775,"testRig":0.0051835873048263325,"trainSupport":406.0,"trainTotalWeight":14998.0,"testSupport":108.0,"testTotalWeight":3810.0,"overFitting":-0.2538814517292903,"lifts":[1.9938259976137702,1.838581252262034,0.6760466401554265,0.7326641283027576]},{"jsonClass":"com.sparkbeyond.engine.report.FeatureStability","code":"The percent of N in (Sequence) < 1.947","htmlCode":{"content":"<div style='white-space: nowrap' class='feature-name-container'><span>The percent of N in (<span style='color: #0095F0' title=' Input parameter of type String, cost:1.0'>Sequence</span>)</span> <span style='color: #B9C5E6'>&lt;</span> <span style='color:#C1A6FC' title='1.947'>1.947</span></div>"},"paramsList":["Sequence"],"trainRig":0.006858755091601449,"testRig":0.0033061530022649712,"trainSupport":2379.0,"trainTotalWeight":14997.999999999998,"testSupport":586.0,"testTotalWeight":3809.9999999999995,"overFitting":-0.5179660218057125,"lifts":[1.3627747902181335,1.2565730230903494,0.8817477984674866,0.91820569253506]},{"jsonClass":"com.sparkbeyond.engine.report.FeatureStability","code":"The percent of R in (Sequence) notInRange (4.43 to 8.45)","htmlCode":{"content":"<div style='white-space: nowrap' class='feature-name-container'><span>The percent of R in (<span style='color: #0095F0' title=' Input parameter of type String, cost:1.0'>Sequence</span>) <span style='color: white' title='Returns false if: from &le; number &le; to\n\nReturn type: Boolean\n\nParameters: (value:Double, range:com.sparkbeyond.runtime.feature.types.Segment)\n\nCost: 1.0'>notInRange</span> <span style='color:#3EE77B' title='Constant. Type: Segment, cost:1.0'>(4.43 to 8.45)</span></span> <span style='color: #B9C5E6'></span> <span style='color:#C1A6FC' ></span></div>"},"paramsList":["Sequence"],"trainRig":0.006689256020405045,"testRig":0.0023992360844534173,"trainSupport":5614.0,"trainTotalWeight":14998.0,"testSupport":1355.0,"testTotalWeight":3810.0,"overFitting":-0.6413299061757036,"lifts":[1.1970101867652538,1.123502049352741,0.9357814022983387,0.9606281109540067]},{"jsonClass":"com.sparkbeyond.engine.report.FeatureStability","code":"The percent of M in (Sequence) notInRange (1.19 to 3.99)","htmlCode":{"content":"<div style='white-space: nowrap' class='feature-name-container'><span>The percent of M in (<span style='color: #0095F0' title=' Input parameter of type String, cost:1.0'>Sequence</span>) <span style='color: white' title='Returns false if: from &le; number &le; to\n\nReturn type: Boolean\n\nParameters: (value:Double, range:com.sparkbeyond.runtime.feature.types.Segment)\n\nCost: 1.0'>notInRange</span> <span style='color:#3EE77B' title='Constant. Type: Segment, cost:1.0'>(1.19 to 3.99)</span></span> <span style='color: #B9C5E6'></span> <span style='color:#C1A6FC' ></span></div>"},"paramsList":["Sequence"],"trainRig":0.006311905622691311,"testRig":0.004345241648567473,"trainSupport":2824.0,"trainTotalWeight":14998.0,"testSupport":723.0,"testTotalWeight":3810.0,"overFitting":-0.31158006657350484,"lifts":[1.312241886545715,1.2587796955320978,0.8982198005751878,0.9175022154430382]},{"jsonClass":"com.sparkbeyond.engine.report.FeatureStability","code":"The percent of T in (Sequence) notInRange (3.18 to 6.64)","htmlCode":{"content":"<div style='white-space: nowrap' class='feature-name-container'><span>The percent of T in (<span style='color: #0095F0' title=' Input parameter of type String, cost:1.0'>Sequence</span>) <span style='color: white' title='Returns false if: from &le; number &le; to\n\nReturn type: Boolean\n\nParameters: (value:Double, range:com.sparkbeyond.runtime.feature.types.Segment)\n\nCost: 1.0'>notInRange</span> <span style='color:#3EE77B' title='Constant. Type: Segment, cost:1.0'>(3.18 to 6.64)</span></span> <span style='color: #B9C5E6'></span> <span style='color:#C1A6FC' ></span></div>"},"paramsList":["Sequence"],"trainRig":0.005295219492466303,"testRig":0.0034710544587797055,"trainSupport":3474.0,"trainTotalWeight":14998.0,"testSupport":857.0,"testTotalWeight":3810.0,"overFitting":-0.34449280833058993,"lifts":[1.2493807694463688,1.206770075142817,0.9187103795465685,0.934082644788323]},{"jsonClass":"com.sparkbeyond.engine.report.FeatureStability","code":"The percent of Y in (Sequence) < 0.52","htmlCode":{"content":"<div style='white-space: nowrap' class='feature-name-container'><span>The percent of Y in (<span style='color: #0095F0' title=' Input parameter of type String, cost:1.0'>Sequence</span>)</span> <span style='color: #B9C5E6'>&lt;</span> <span style='color:#C1A6FC' title='0.52'>0.52</span></div>"},"paramsList":["Sequence"],"trainRig":0.004953336109858098,"testRig":0.0010355364858996437,"trainSupport":424.0,"trainTotalWeight":14998.0,"testSupport":113.0,"testTotalWeight":3810.0,"overFitting":-0.7909416072455238,"lifts":[1.8132436249750528,1.3545299933700383,0.734910331068604,0.8869774579806835]},{"jsonClass":"com.sparkbeyond.engine.report.FeatureStability","code":"The percent of V in (Sequence) notInRange (1.74 to 10.41)","htmlCode":{"content":"<div style='white-space: nowrap' class='feature-name-container'><span>The percent of V in (<span style='color: #0095F0' title=' Input parameter of type String, cost:1.0'>Sequence</span>) <span style='color: white' title='Returns false if: from &le; number &le; to\n\nReturn type: Boolean\n\nParameters: (value:Double, range:com.sparkbeyond.runtime.feature.types.Segment)\n\nCost: 1.0'>notInRange</span> <span style='color:#3EE77B' title='Constant. Type: Segment, cost:1.0'>(1.74 to 10.41)</span></span> <span style='color: #B9C5E6'></span> <span style='color:#C1A6FC' ></span></div>"},"paramsList":["Sequence"],"trainRig":0.00448026275078501,"testRig":0.0024865298918116613,"trainSupport":425.0,"trainTotalWeight":14998.0,"testSupport":79.0,"testTotalWeight":3810.0,"overFitting":-0.4450035566829237,"lifts":[1.7706919382887412,1.6756689894033727,0.7487807288064195,0.7845998133470036]},{"jsonClass":"com.sparkbeyond.engine.report.FeatureStability","code":"elementCount(Sequence) contains ('N', 1.0)","htmlCode":{"content":"<div style='white-space: nowrap' class='feature-name-container'><span><span style='color: white' title='Produce a new histogram from a collection\n\nReturn type: com.sparkbeyond.runtime.feature.types.Histogram[A]\n\nParameters: (it:scala.collection.GenTraversableOnce[A])\n\nCost: 1.0'>elementCount</span>(<span style='color: #0095F0' title=' Input parameter of type String, cost:1.0'>Sequence</span>)</span> <span style='color: #B9C5E6'>contains</span> <span style='color:#C1A6FC' >('N', 1.0)</span></div>"},"paramsList":["Sequence"],"trainRig":0.004414144262230318,"testRig":0.004152782405900527,"trainSupport":278.0,"trainTotalWeight":14998.0,"testSupport":59.0,"testTotalWeight":3810.0,"overFitting":-0.05921008485520894,"lifts":[1.960740927193152,2.033346215425385,0.6868312440490539,0.6705739479381171]},{"jsonClass":"com.sparkbeyond.engine.report.FeatureStability","code":"The percent of A in (Sequence) < 1.889","htmlCode":{"content":"<div style='white-space: nowrap' class='feature-name-container'><span>The percent of A in (<span style='color: #0095F0' title=' Input parameter of type String, cost:1.0'>Sequence</span>)</span> <span style='color: #B9C5E6'>&lt;</span> <span style='color:#C1A6FC' title='1.889'>1.889</span></div>"},"paramsList":["Sequence"],"trainRig":0.004340176981961183,"testRig":0.0042918467443542035,"trainSupport":136.0,"trainTotalWeight":14998.000000000002,"testSupport":37.0,"testTotalWeight":3810.0,"overFitting":-0.011135545349383533,"lifts":[2.392826943633434,2.3479179505238137,0.5459859480880143,0.5702899160843086]},{"jsonClass":"com.sparkbeyond.engine.report.FeatureStability","code":"elementCount(Sequence) contains ('A', 8.0)","htmlCode":{"content":"<div style='white-space: nowrap' class='feature-name-container'><span><span style='color: white' title='Produce a new histogram from a collection\n\nReturn type: com.sparkbeyond.runtime.feature.types.Histogram[A]\n\nParameters: (it:scala.collection.GenTraversableOnce[A])\n\nCost: 1.0'>elementCount</span>(<span style='color: #0095F0' title=' Input parameter of type String, cost:1.0'>Sequence</span>)</span> <span style='color: #B9C5E6'>contains</span> <span style='color:#C1A6FC' >('A', 8.0)</span></div>"},"paramsList":["Sequence"],"trainRig":0.0032693404942540586,"testRig":0.001787108528129634,"trainSupport":236.0,"trainTotalWeight":14998.000000000002,"testSupport":63.0,"testTotalWeight":3810.0,"overFitting":-0.45337338485528855,"lifts":[1.8960111799129327,1.6415904038053875,0.7079309326903914,0.7954639107287081]},{"jsonClass":"com.sparkbeyond.engine.report.FeatureStability","code":"toSeq(Sequence) does not contain 'L'","htmlCode":{"content":"<div style='white-space: nowrap' class='feature-name-container'><span><span style='color: white' title='Return type: Seq[A]\n\nParameters: (TraversableOnce:scala.collection.TraversableOnce[A])\n\nCost: 1.0'>toSeq</span>(<span style='color: #0095F0' title=' Input parameter of type String, cost:1.0'>Sequence</span>)</span> <span style='color: #B9C5E6'>does not contain</span> <span style='color:#C1A6FC' >'L'</span></div>"},"paramsList":["Sequence"],"trainRig":0.0028237823575931595,"testRig":0.0032689078762106402,"trainSupport":41.0,"trainTotalWeight":14998.0,"testSupport":12.0,"testTotalWeight":3810.0,"overFitting":0.15763449949339647,"lifts":[3.0756580470605357,3.1026058631921822,0.32340631071415477,0.3296988577362409]},{"jsonClass":"com.sparkbeyond.engine.report.FeatureStability","code":"mostCommonValue(Sequence) == C","htmlCode":{"content":"<div style='white-space: nowrap' class='feature-name-container'><span><span style='color: white' title='find the most common value in the provided sequence of values\n\nReturn type: Option[T]\n\nParameters: (i:scala.collection.GenTraversableOnce[T])\n\nCost: 1.0'>mostCommonValue</span>(<span style='color: #0095F0' title=' Input parameter of type String, cost:1.0'>Sequence</span>)</span> <span style='color: #B9C5E6'>=</span> <span style='color:#C1A6FC' >C</span></div>"},"paramsList":["Sequence"],"trainRig":0.0027880349211595983,"testRig":0.0020798636005897103,"trainSupport":135.0,"trainTotalWeight":14998.000000000002,"testSupport":28.0,"testTotalWeight":3810.0,"overFitting":-0.25400374837318956,"lifts":[2.1092326392028045,2.0684039087947883,0.6384280133727573,0.6593977154724818]},{"jsonClass":"com.sparkbeyond.engine.report.FeatureStability","code":"prefixes(Sequence) contains \"MA\"","htmlCode":{"content":"<div style='white-space: nowrap' class='feature-name-container'><span><span style='color: white' title='Returns all prefixes of the provided string s. For example, for the string &quot;abc&quot;, the result will be List(&quot;a&quot;, &quot;ab&quot;, &quot;abc&quot;)\n\nExample: prefixes(Lorem Ipsum 123) = Vector(Lo, Lor, Lore, Lorem, Lorem , Lorem I, Lorem Ip, Lorem Ips, Lorem Ipsu, Lorem Ipsum, Lorem Ipsum , Lorem Ipsum 1, Lorem Ipsum 12, Lorem Ipsum 123)\n\nReturn type: scala.collection.immutable.IndexedSeq[String]\n\nParameters: (s:String)\n\nCost: 1.0'>prefixes</span>(<span style='color: #0095F0' title=' Input parameter of type String, cost:1.0'>Sequence</span>)</span> <span style='color: #B9C5E6'>contains</span> <span style='color:#C1A6FC' >\"MA\"</span></div>"},"paramsList":["Sequence"],"trainRig":0.002504518840304712,"testRig":0.0016141608308990422,"trainSupport":3625.0,"trainTotalWeight":14998.0,"testSupport":893.0,"testTotalWeight":3810.0,"overFitting":-0.3555006235438598,"lifts":[0.838248533991751,0.8662744254078956,1.0527254579765195,1.0426311021804526]},{"jsonClass":"com.sparkbeyond.engine.report.FeatureStability","code":"prefixes(Sequence) contains \"MAA\"","htmlCode":{"content":"<div style='white-space: nowrap' class='feature-name-container'><span><span style='color: white' title='Returns all prefixes of the provided string s. For example, for the string &quot;abc&quot;, the result will be List(&quot;a&quot;, &quot;ab&quot;, &quot;abc&quot;)\n\nExample: prefixes(Lorem Ipsum 123) = Vector(Lo, Lor, Lore, Lorem, Lorem , Lorem I, Lorem Ip, Lorem Ips, Lorem Ipsu, Lorem Ipsum, Lorem Ipsum , Lorem Ipsum 1, Lorem Ipsum 12, Lorem Ipsum 123)\n\nReturn type: scala.collection.immutable.IndexedSeq[String]\n\nParameters: (s:String)\n\nCost: 1.0'>prefixes</span>(<span style='color: #0095F0' title=' Input parameter of type String, cost:1.0'>Sequence</span>)</span> <span style='color: #B9C5E6'>contains</span> <span style='color:#C1A6FC' >\"MAA\"</span></div>"},"paramsList":["Sequence"],"trainRig":0.0024873539316227094,"testRig":0.0013287461082345587,"trainSupport":816.0,"trainTotalWeight":14998.0,"testSupport":191.0,"testTotalWeight":3810.0,"overFitting":-0.46579934148426305,"lifts":[0.6331021288363461,0.7147364292170472,1.119596185216196,1.0909407229806505]},{"jsonClass":"com.sparkbeyond.engine.report.FeatureStability","code":"prefixes(Sequence) contains \"MSGRGK\"","htmlCode":{"content":"<div style='white-space: nowrap' class='feature-name-container'><span><span style='color: white' title='Returns all prefixes of the provided string s. For example, for the string &quot;abc&quot;, the result will be List(&quot;a&quot;, &quot;ab&quot;, &quot;abc&quot;)\n\nExample: prefixes(Lorem Ipsum 123) = Vector(Lo, Lor, Lore, Lorem, Lorem , Lorem I, Lorem Ip, Lorem Ips, Lorem Ipsu, Lorem Ipsum, Lorem Ipsum , Lorem Ipsum 1, Lorem Ipsum 12, Lorem Ipsum 123)\n\nReturn type: scala.collection.immutable.IndexedSeq[String]\n\nParameters: (s:String)\n\nCost: 1.0'>prefixes</span>(<span style='color: #0095F0' title=' Input parameter of type String, cost:1.0'>Sequence</span>)</span> <span style='color: #B9C5E6'>contains</span> <span style='color:#C1A6FC' >\"MSGRGK\"</span></div>"},"paramsList":["Sequence"],"trainRig":0.0023508196231445217,"testRig":0.0,"trainSupport":14.0,"trainTotalWeight":14998.0,"testSupport":0.0,"testTotalWeight":null,"overFitting":-1.0,"lifts":[4.067805804176838,0.0,0.0,0.0]},{"jsonClass":"com.sparkbeyond.engine.report.FeatureStability","code":"(Length, isNaN(Mass)) == (312, false)","htmlCode":{"content":"<div style='white-space: nowrap' class='feature-name-container'><span>(<span style='color: #0095F0' title=' Input parameter of type Int, cost:1.0'>Length</span>, <span style='color: white' title='Example: isNaN(1.0) = false\n\nReturn type: Boolean\n\nParameters: (d:Double)\n\nCost: 0.05'>isNaN</span>(<span style='color: #0095F0' title=' Input parameter of type Double, cost:1.0'>Mass</span>))</span> <span style='color: #B9C5E6'>=</span> <span style='color:#C1A6FC' >(312, false)</span></div>"},"paramsList":["Mass","Length"],"trainRig":0.0019360972629630536,"testRig":0.004452472036967369,"trainSupport":47.0,"trainTotalWeight":14998.0,"testSupport":12.0,"testTotalWeight":3810.0,"overFitting":1.299715061914395,"lifts":[2.596471789900109,3.447339847991314,0.47960467780375726,0.21979923849082725]},{"jsonClass":"com.sparkbeyond.engine.report.FeatureStability","code":"prefixes(Sequence) contains \"MNPSE\"","htmlCode":{"content":"<div style='white-space: nowrap' class='feature-name-container'><span><span style='color: white' title='Returns all prefixes of the provided string s. For example, for the string &quot;abc&quot;, the result will be List(&quot;a&quot;, &quot;ab&quot;, &quot;abc&quot;)\n\nExample: prefixes(Lorem Ipsum 123) = Vector(Lo, Lor, Lore, Lorem, Lorem , Lorem I, Lorem Ip, Lorem Ips, Lorem Ipsu, Lorem Ipsum, Lorem Ipsum , Lorem Ipsum 1, Lorem Ipsum 12, Lorem Ipsum 123)\n\nReturn type: scala.collection.immutable.IndexedSeq[String]\n\nParameters: (s:String)\n\nCost: 1.0'>prefixes</span>(<span style='color: #0095F0' title=' Input parameter of type String, cost:1.0'>Sequence</span>)</span> <span style='color: #B9C5E6'>contains</span> <span style='color:#C1A6FC' >\"MNPSE\"</span></div>"},"paramsList":["Sequence"],"trainRig":0.0018466679285608,"testRig":0.0026985196309289704,"trainSupport":11.0,"trainTotalWeight":14998.0,"testSupport":4.0,"testTotalWeight":3810.0,"overFitting":0.4612912203614543,"lifts":[4.067805804176838,4.136807817589577,0.0,0.0]},{"jsonClass":"com.sparkbeyond.engine.report.FeatureStability","code":"normalizedHistogram(Sequence) contains ('D', 3.419)","htmlCode":{"content":"<div style='white-space: nowrap' class='feature-name-container'><span><span style='color: white' title='a histogram of a list of values (no binning), where the frequencies are percents which sum to 100. i.e. calculates a regular histogram and divides by the sum of all the counts multiplied by 100.\n\nReturn type: scala.collection.immutable.Map[T,Double]\n\nParameters: (values:scala.collection.GenTraversableOnce[T])\n\nCost: 1.0'>normalizedHistogram</span>(<span style='color: #0095F0' title=' Input parameter of type String, cost:1.0'>Sequence</span>)</span> <span style='color: #B9C5E6'>contains</span> <span style='color:#C1A6FC' >('D', 3.419)</span></div>"},"paramsList":["Sequence"],"trainRig":0.0016786664654230654,"testRig":3.031219182949772E-5,"trainSupport":10.0,"trainTotalWeight":14998.0,"testSupport":3.0,"testTotalWeight":3810.0,"overFitting":-0.9819426953156782,"lifts":[4.067805804176838,1.3789359391965255,0.0,0.879196953963309]},{"jsonClass":"com.sparkbeyond.engine.report.FeatureStability","code":"prefixes(Sequence) contains \"MGQTKSK\"","htmlCode":{"content":"<div style='white-space: nowrap' class='feature-name-container'><span><span style='color: white' title='Returns all prefixes of the provided string s. For example, for the string &quot;abc&quot;, the result will be List(&quot;a&quot;, &quot;ab&quot;, &quot;abc&quot;)\n\nExample: prefixes(Lorem Ipsum 123) = Vector(Lo, Lor, Lore, Lorem, Lorem , Lorem I, Lorem Ip, Lorem Ips, Lorem Ipsu, Lorem Ipsum, Lorem Ipsum , Lorem Ipsum 1, Lorem Ipsum 12, Lorem Ipsum 123)\n\nReturn type: scala.collection.immutable.IndexedSeq[String]\n\nParameters: (s:String)\n\nCost: 1.0'>prefixes</span>(<span style='color: #0095F0' title=' Input parameter of type String, cost:1.0'>Sequence</span>)</span> <span style='color: #B9C5E6'>contains</span> <span style='color:#C1A6FC' >\"MGQTKSK\"</span></div>"},"paramsList":["Sequence"],"trainRig":0.001510689539288582,"testRig":6.740425165321889E-4,"trainSupport":9.0,"trainTotalWeight":14998.000000000002,"testSupport":1.0,"testTotalWeight":3810.0,"overFitting":-0.5538179758300235,"lifts":[4.067805804176838,4.136807817589577,0.0,0.0]},{"jsonClass":"com.sparkbeyond.engine.report.FeatureStability","code":"prefixes(Sequence) contains \"MDVV\"","htmlCode":{"content":"<div style='white-space: nowrap' class='feature-name-container'><span><span style='color: white' title='Returns all prefixes of the provided string s. For example, for the string &quot;abc&quot;, the result will be List(&quot;a&quot;, &quot;ab&quot;, &quot;abc&quot;)\n\nExample: prefixes(Lorem Ipsum 123) = Vector(Lo, Lor, Lore, Lorem, Lorem , Lorem I, Lorem Ip, Lorem Ips, Lorem Ipsu, Lorem Ipsum, Lorem Ipsum , Lorem Ipsum 1, Lorem Ipsum 12, Lorem Ipsum 123)\n\nReturn type: scala.collection.immutable.IndexedSeq[String]\n\nParameters: (s:String)\n\nCost: 1.0'>prefixes</span>(<span style='color: #0095F0' title=' Input parameter of type String, cost:1.0'>Sequence</span>)</span> <span style='color: #B9C5E6'>contains</span> <span style='color:#C1A6FC' >\"MDVV\"</span></div>"},"paramsList":["Sequence"],"trainRig":0.0013116993304674277,"testRig":6.740425165321889E-4,"trainSupport":11.0,"trainTotalWeight":14998.0,"testSupport":1.0,"testTotalWeight":3810.0,"overFitting":-0.4861303189870563,"lifts":[3.698005276524398,4.136807817589577,0.12054235217527588,0.0]}]