idx	feature	Input names	Dominant bool_mir_target	RIG	Score	lin. score	Support 0	Support 1	% support 0	% support 1	support	% support	input cardinality	cost	invocation time	% Missing	Lift 0	Lift 1	Min	25th Percentile	Median	75th Percentile	Max	Mean	SD	Estimated Total Values	Summary is Sampled	numericFeatureName	booleanFeatureName
0	Length < 344	Length	0	0.024071914676703915	0.02393995241235949	0.44874831679512583	1877.0	3657.0	50.91%	32.33%	5534	36.90     	1985	1.0	0	NA	1.379702113198396	0.8762300688389633	2.0	270.0	435.0	694.0	8797.0	578.0	550.0	NA	false	Length	Length < 344
1	elementCount(Sequence) for E < 10.5	Sequence	0	0.0339618648670032	0.014705038209471827	0.5450857350325176	1032.0	1234.0	27.99%	10.91%	2266	15.11     	14998	2.0	46	0.0%	1.852592934647174	0.7220837989528661	0.0	15.0	28.0	51.0	972.0	41.0	46.0	NA	false	elementCount(Sequence) for E	elementCount(Sequence) for E < 10.5
2	elementCount(Sequence) for K < 12.5	Sequence	0	0.03203024774999935	0.008703786707317394	0.5448146125120817	1497.0	2356.0	40.6%	20.83%	3853	25.69     	14998	2.0	46	0.0%	1.5804581595776606	0.8107904487346093	0.0	12.0	23.0	41.0	829.0	33.0	37.0	NA	false	elementCount(Sequence) for K	elementCount(Sequence) for K < 12.5
3	elementCount(Sequence) for D < 12.5	Sequence	0	0.03253839205177899	0.00826427441181496	0.5444035098761558	1718.0	2908.0	46.6%	25.71%	4626	30.84     	14998	2.0	46	1%	1.5106983077336376	0.8335297798060365	0.0	11.0	20.0	34.0	608.0	28.0	30.0	NA	false	elementCount(Sequence) for D	elementCount(Sequence) for D < 12.5
4	The percent of I in (Sequence) notInRange (1.91 to 7.39)	Sequence	0	0.01003201880776655	0.00400450096948784	0.6317642248652239	904.0	1690.0	24.52%	14.94%	2594	17.30     	14998	2.0	79	1%	1.4176162093199156	0.8638713673625207	0.0	3.0	4.0	6.0	50.0	4.0	2.0	NA	false	|normalizedHistogram(Sequence).valueOf(I) orIfMissing 0.0 - 4.65|	The percent of I in (Sequence) notInRange (1.91 to 7.39)
5	elementCount(Sequence) for F < 5.5	Sequence	0	0.018066938485100218	0.003632665427228946	0.5465435583717363	804.0	1150.0	21.81%	10.17%	1954	13.03     	14998	2.0	46	1%	1.6737542817595585	0.7803790967334902	0.0	9.0	17.0	27.0	344.0	21.0	20.0	NA	false	elementCount(Sequence) for F	elementCount(Sequence) for F < 5.5
6	The percent of W in (Sequence) notInRange (0.0241 to 1.66)	Sequence	0	0.009519157574517045	0.0035220901420181033	0.6334492703422387	1602.0	3612.0	43.45%	31.93%	5214	34.76     	14998	2.0	79	6%	1.249832163078499	0.9185632406267857	0.0	0.7	1.2	1.8	23.3	1.4	0.9	NA	false	|normalizedHistogram(Sequence).valueOf(W) orIfMissing 0.0 - 0.84|	The percent of W in (Sequence) notInRange (0.0241 to 1.66)
7	The percent of L in (Sequence) >= 12.305	Sequence	0	0.009632784716540643	0.0033751635511007523	0.5477263572247218	1032.0	2039.0	27.99%	18.03%	3071	20.48     	14998	2.0	79	0.0%	1.3669734906904905	0.8803791653986527	0.0	8.0	10.0	12.0	26.0	10.0	3.0	NA	false	The percent of L in (Sequence)	The percent of L in (Sequence) >= 12.305
8	The percent of C in (Sequence) >= 2.483	Sequence	0	0.007411287251778228	0.0032171945059262293	0.5464573806432765	1601.0	3757.0	43.42%	33.22%	5358	35.72     	14998	2.0	79	3%	1.2154828466754604	0.9297599455669329	0.0	1.0	2.0	3.0	41.0	3.0	3.0	NA	false	The percent of C in (Sequence)	The percent of C in (Sequence) >= 2.483
9	The percent of F in (Sequence) notInRange (1.74 to 6.28)	Sequence	0	0.009989304601998735	0.003061290254366144	0.6323765358874467	902.0	1687.0	24.46%	14.91%	2589	17.26     	14998	2.0	79	1%	1.4172116011461984	0.8640032558194648	0.0	3.0	4.0	5.0	17.0	4.0	2.0	NA	false	|normalizedHistogram(Sequence).valueOf(F) orIfMissing 0.0 - 4.01|	The percent of F in (Sequence) notInRange (1.74 to 6.28)
10	elementCount(Sequence) for V < 10.5	Sequence	0	0.017320665019276347	0.0030325779503057207	0.5462873831672015	866.0	1313.0	23.49%	11.61%	2179	14.53     	14998	2.0	46	0.0%	1.6166681167586696	0.7989872383972049	0.0	15.0	26.0	42.0	650.0	35.0	35.0	NA	false	elementCount(Sequence) for V	elementCount(Sequence) for V < 10.5
11	elementCount(Sequence) for I < 6.5	Sequence	0	0.017921517859133235	0.003005407326851885	0.546589377090404	911.0	1397.0	24.71%	12.35%	2308	15.39     	14998	2.0	46	1%	1.6056200552881712	0.8025885294096466	0.0	10.0	19.0	31.0	515.0	25.0	27.0	NA	false	elementCount(Sequence) for I	elementCount(Sequence) for I < 6.5
12	elementCount(Sequence) for G < 16.5	Sequence	0	0.020242368247744846	0.002914665228346455	0.5464836966033871	1397.0	2509.0	37.89%	22.18%	3906	26.04     	14998	2.0	46	0.0%	1.4548706370801439	0.8517276952599689	0.0	16.0	28.0	46.0	1483.0	38.0	42.0	NA	false	elementCount(Sequence) for G	elementCount(Sequence) for G < 16.5
13	elementCount(Sequence) for N < 13.5	Sequence	0	0.02090182088242954	0.002770754234992486	0.5455054180313009	2224.0	4823.0	60.32%	42.64%	7047	46.99     	14998	2.0	46	1%	1.2837803474512965	0.9074972910394369	0.0	8.0	15.0	26.0	339.0	21.0	23.0	NA	false	elementCount(Sequence) for N	elementCount(Sequence) for N < 13.5
14	elementCount(Sequence) for R < 15.5	Sequence	0	0.020429387993221824	0.002542359286669136	0.5455766576120874	1537.0	2871.0	41.69%	25.38%	4408	29.39     	14998	2.0	46	0.0%	1.4183796554037655	0.8636225099926015	0.0	14.0	24.0	41.0	541.0	33.0	31.0	NA	false	elementCount(Sequence) for R	elementCount(Sequence) for R < 15.5
15	The percent of M in (Sequence) notInRange (1.19 to 3.99)	Sequence	0	0.006311905622691311	0.0022885950130642463	0.6341385695104209	911.0	1913.0	24.71%	16.91%	2824	18.83     	14998	2.0	79	0.0%	1.312241886545715	0.8982198005751878	0.0	2.0	2.0	3.0	14.0	2.0	1.0	NA	false	|normalizedHistogram(Sequence).valueOf(M) orIfMissing 0.0 - 2.59|	The percent of M in (Sequence) notInRange (1.19 to 3.99)
16	The percent of D in (Sequence) < 3.71	Sequence	0	0.01697585527159507	0.0021330753312752988	0.5433425314084132	1475.0	2854.0	40.01%	25.23%	4329	28.86     	14998	2.0	79	1%	1.3860045186326715	0.8741756997437308	0.0	4.0	5.0	6.0	19.0	5.0	2.0	NA	false	The percent of D in (Sequence)	The percent of D in (Sequence) < 3.71
17	prefixes(Sequence) contains "MA"	Sequence	1	0.002504518840304712	0.0020788675617598716	0.47406865174105284	747.0	2878.0	20.26%	25.44%	3625	24.17     	14998	2.0	0	0.0%	0.838248533991751	1.0527254579765195	NA	NA	NA	NA	NA	NA	NA	677901.0	false	prefixes(Sequence) contains "MA"	prefixes(Sequence) contains "MA"
18	elementCount(Sequence) for A < 21.5	Sequence	0	0.018472605438466082	0.001945164247476929	0.5459835108260317	1659.0	3289.0	45%	29.08%	4948	32.99     	14998	2.0	46	0.0%	1.3638823421845945	0.8813867743228184	0.0	18.0	30.0	50.0	825.0	41.0	40.0	NA	false	elementCount(Sequence) for A	elementCount(Sequence) for A < 21.5
19	The percent of R in (Sequence) notInRange (4.43 to 8.45)	Sequence	0	0.006689256020405045	0.0017544023484094074	0.6341422134431532	1652.0	3962.0	44.81%	35.03%	5614	37.43     	14998	2.0	79	0.0%	1.1970101867652538	0.9357814022983387	0.0	4.0	5.0	7.0	47.0	6.0	2.0	NA	false	|normalizedHistogram(Sequence).valueOf(R) orIfMissing 0.0 - 6.44|	The percent of R in (Sequence) notInRange (4.43 to 8.45)
20	The percent of E in (Sequence) < 3.306	Sequence	0	0.019143565907276037	0.0016723335852255588	0.5462764486896202	579.0	653.0	15.7%	5.77%	1232	8.21      	14998	2.0	79	0.0%	1.911736656346095	0.702804964021921	0.0	5.0	7.0	8.0	50.0	7.0	3.0	NA	false	The percent of E in (Sequence)	The percent of E in (Sequence) < 3.306
21	The percent of Y in (Sequence) < 0.52	Sequence	0	0.004953336109858098	0.00157726029681958	0.5495148071196634	189.0	235.0	5.13%	2.08%	424	2.83      	14998	2.0	79	2%	1.8132436249750528	0.734910331068604	0.0	2.0	3.0	4.0	24.0	3.0	1.0	NA	false	The percent of Y in (Sequence)	The percent of Y in (Sequence) < 0.52
22	elementCount(Sequence) for Q < 12.5	Sequence	0	0.018130531044856513	0.0014916912136295171	0.5463972324813574	1619.0	3194.0	43.91%	28.24%	4813	32.09     	14998	2.0	46	0.0%	1.3683311026308538	0.8799366302360571	0.0	10.0	19.0	34.0	763.0	28.0	31.0	NA	false	elementCount(Sequence) for Q	elementCount(Sequence) for Q < 12.5
23	prefixes(Sequence) contains "MNPSE"	Sequence	0	0.0018466679285608	0.0014916824226179795	0.4741795524342162	11.0	0.0	0.3%	0.0%	11	0.07      	14998	2.0	0	0.0%	4.067805804176838	0.0	NA	NA	NA	NA	NA	NA	NA	677901.0	false	prefixes(Sequence) contains "MNPSE"	prefixes(Sequence) contains "MNPSE"
24	elementCount(Sequence) for Y < 5.5	Sequence	0	0.013838629036691506	0.0014837281810817838	0.5464640215351751	1096.0	2002.0	29.73%	17.7%	3098	20.66     	14998	2.0	46	2%	1.4390946292375126	0.8568701354434879	0.0	7.0	12.0	20.0	411.0	16.0	15.0	NA	false	elementCount(Sequence) for Y	elementCount(Sequence) for Y < 5.5
25	The percent of A in (Sequence) < 1.889	Sequence	0	0.004340176981961183	0.0013513338962427874	0.5495353008618393	80.0	56.0	2.17%	0.5%	136	0.91      	14998	2.0	79	0.0%	2.392826943633434	0.5459859480880143	0.0	5.0	7.0	9.0	27.0	7.0	3.0	NA	false	The percent of A in (Sequence)	The percent of A in (Sequence) < 1.889
26	prefixes(Sequence) contains "MSGRGK"	Sequence	0	0.0023508196231445217	0.001312806312471957	0.47403346975699623	14.0	0.0	0.38%	0.0%	14	0.09      	14998	2.0	0	0.0%	4.067805804176838	0.0	NA	NA	NA	NA	NA	NA	NA	677901.0	false	prefixes(Sequence) contains "MSGRGK"	prefixes(Sequence) contains "MSGRGK"
27	The percent of T in (Sequence) notInRange (3.18 to 6.64)	Sequence	0	0.005295219492466303	0.0012945836426457755	0.6341244443703546	1067.0	2407.0	28.94%	21.28%	3474	23.16     	14998	2.0	79	0.0%	1.2493807694463688	0.9187103795465685	0.0	4.0	5.0	6.0	35.0	5.0	2.0	NA	false	|normalizedHistogram(Sequence).valueOf(T) orIfMissing 0.0 - 4.91|	The percent of T in (Sequence) notInRange (3.18 to 6.64)
28	elementCount(Sequence) contains ('M', 1.0)	Sequence	0	0.0069474044263346775	0.0012937793161395933	0.4725833108576026	199.0	207.0	5.4%	1.83%	406	2.71      	14998	2.0	46	0.0%	1.9938259976137702	0.6760466401554265	NA	NA	NA	NA	NA	NA	NA	4790.0	false	elementCount(Sequence) contains ('M', 1.0)	elementCount(Sequence) contains ('M', 1.0)
29	elementCount(Sequence) for M < 4.5	Sequence	0	0.013376535580999644	0.0012629443309057624	0.5460237631913785	1075.0	1969.0	29.16%	17.41%	3044	20.30     	14998	2.0	46	0.0%	1.4365608539717807	0.8576960597123193	0.0	5.0	9.0	15.0	256.0	12.0	12.0	NA	false	elementCount(Sequence) for M	elementCount(Sequence) for M < 4.5
30	prefixes(Sequence) contains "MDVV"	Sequence	0	0.0013116993304674277	0.0012167031628583906	0.4743007557125902	10.0	1.0	0.27%	0.0088%	11	0.07      	14998	2.0	0	0.0%	3.698005276524398	0.12054235217527588	NA	NA	NA	NA	NA	NA	NA	677901.0	false	prefixes(Sequence) contains "MDVV"	prefixes(Sequence) contains "MDVV"
31	toSeq(Sequence) does not contain 'L'	Sequence	0	0.0028237823575931595	0.0012095861633828957	0.4737996779697084	31.0	10.0	0.84%	0.0884%	41	0.27      	14998	2.0	0	0.0%	3.0756580470605357	0.32340631071415477	NA	NA	NA	NA	NA	NA	NA	21.0	false	toSeq(Sequence) does not contain 'L'	toSeq(Sequence) does not contain 'L'
32	prefixes(Sequence) contains "MGQTKSK"	Sequence	0	0.001510689539288582	0.001152032896863045	0.4742768834134363	9.0	0.0	0.24%	0.0%	9	0.06      	14998	2.0	0	0.0%	4.067805804176838	0.0	NA	NA	NA	NA	NA	NA	NA	677901.0	false	prefixes(Sequence) contains "MGQTKSK"	prefixes(Sequence) contains "MGQTKSK"
33	mostCommonValue(Sequence) == C	Sequence	0	0.0027880349211595983	0.001151486199523122	0.47384885275022	70.0	65.0	1.9%	0.57%	135	0.90      	14998	2.0	0	0.0%	2.1092326392028045	0.6384280133727573	NA	NA	NA	NA	NA	NA	NA	19.0	false	mostCommonValue(Sequence) == C	mostCommonValue(Sequence) == C
34	The percent of K in (Sequence) < 3.775	Sequence	0	0.013675473030413401	0.001146554412823006	0.5474121859513734	1258.0	2429.0	34.12%	21.47%	3687	24.58     	14998	2.0	79	0.0%	1.3879304859382862	0.8735479001277993	0.0	4.0	5.0	7.0	28.0	6.0	3.0	NA	false	The percent of K in (Sequence)	The percent of K in (Sequence) < 3.775
35	The percent of V in (Sequence) notInRange (1.74 to 10.41)	Sequence	0	0.00448026275078501	0.0011410488328185244	0.6338753563068242	185.0	240.0	5.02%	2.12%	425	2.83      	14998	2.0	79	0.0%	1.7706919382887412	0.7487807288064195	0.0	5.0	6.0	7.0	18.0	6.0	2.0	NA	false	|normalizedHistogram(Sequence).valueOf(V) orIfMissing 0.0 - 6.08|	The percent of V in (Sequence) notInRange (1.74 to 10.41)
36	elementCount(Sequence) contains ('N', 1.0)	Sequence	0	0.004414144262230318	0.0011309051019915324	0.473363656614125	134.0	144.0	3.63%	1.27%	278	1.85      	14998	2.0	46	0.0%	1.960740927193152	0.6868312440490539	NA	NA	NA	NA	NA	NA	NA	4790.0	false	elementCount(Sequence) contains ('N', 1.0)	elementCount(Sequence) contains ('N', 1.0)
37	elementCount(Sequence) for T >= 23.5	Sequence	1	0.014668196185953485	0.0010574829849814144	0.5476350141719185	1306.0	5671.0	35.42%	50.14%	6977	46.52     	14998	2.0	46	0.0%	0.7614382084355669	1.0777630028731382	0.0	13.0	22.0	37.0	1810.0	31.0	42.0	NA	false	elementCount(Sequence) for T	elementCount(Sequence) for T >= 23.5
38	The percent of N in (Sequence) < 1.947	Sequence	0	0.006858755091601449	0.001043169828195249	0.5482545092748893	797.0	1582.0	21.62%	13.99%	2379	15.86     	14998	2.0	79	1%	1.3627747902181335	0.8817477984674866	0.0	2.0	3.0	4.0	12.0	4.0	1.0	NA	false	The percent of N in (Sequence)	The percent of N in (Sequence) < 1.947
39	normalizedHistogram(Sequence) contains ('D', 3.419)	Sequence	0	0.0016786664654230654	0.0010285654810400714	0.4742282236678258	10.0	0.0	0.27%	0.0%	10	0.07      	14998	2.0	79	0.0%	4.067805804176838	0.0	NA	NA	NA	NA	NA	NA	NA	151334.0	false	normalizedHistogram(Sequence) contains ('D', 3.419)	normalizedHistogram(Sequence) contains ('D', 3.419)
40	prefixes(Sequence) contains "MAA"	Sequence	1	0.0024873539316227094	0.0010208917704681397	0.474114663160877	127.0	689.0	3.44%	6.09%	816	5.44      	14998	2.0	0	0.0%	0.6331021288363461	1.119596185216196	NA	NA	NA	NA	NA	NA	NA	677901.0	false	prefixes(Sequence) contains "MAA"	prefixes(Sequence) contains "MAA"
41	elementCount(Sequence) contains ('A', 8.0)	Sequence	0	0.0032693404942540586	0.0010081492321706157	0.4737202209766065	110.0	126.0	2.98%	1.11%	236	1.57      	14998	2.0	46	0.0%	1.8960111799129327	0.7079309326903914	NA	NA	NA	NA	NA	NA	NA	4790.0	false	elementCount(Sequence) contains ('A', 8.0)	elementCount(Sequence) contains ('A', 8.0)
42	indices(Sequence) contains 699	Sequence	1	0.01303719442057635	0.0024220325255505026	0.47170843782215105	584.0	3111.0	15.84%	27.5%	3695	24.64     	14998	2.01	0	0.0%	0.6429224870471646	1.11639508356972	NA	NA	NA	NA	NA	NA	NA	8797.0	false	indices(Sequence) contains 699	indices(Sequence) contains 699
43	indices(Sequence) contains 599	Sequence	1	0.014417116270805542	0.0019733562123885875	0.4712972855417296	792.0	3940.0	21.48%	34.83%	4732	31.55     	14998	2.01	0	0.0%	0.6808330931758358	1.1040375197118462	NA	NA	NA	NA	NA	NA	NA	8797.0	false	indices(Sequence) contains 599	indices(Sequence) contains 599
44	indices(Sequence) does not contain 139	Sequence	0	0.01736480261589112	0.0015638820703510958	0.4696740889084469	516.0	571.0	14%	5.05%	1087	7.25      	14998	2.01	0	0.0%	1.9309915316975605	0.6965285317506051	NA	NA	NA	NA	NA	NA	NA	8797.0	false	indices(Sequence) does not contain 139	indices(Sequence) does not contain 139
45	indices(Sequence) contains 538	Sequence	1	0.015326917525892252	0.0014271055318520465	0.471014014417037	967.0	4596.0	26.23%	40.63%	5563	37.09     	14998	2.01	0	0.0%	0.7070947712815031	1.0954771088573156	NA	NA	NA	NA	NA	NA	NA	8797.0	false	indices(Sequence) contains 538	indices(Sequence) contains 538
46	indices(Sequence) does not contain 190	Sequence	0	0.016506523614135165	0.0014072600314520485	0.47014046358191874	815.0	1223.0	22.1%	10.81%	2038	13.59     	14998	2.01	0	0.0%	1.6267231258116401	0.795709648583899	NA	NA	NA	NA	NA	NA	NA	8797.0	false	indices(Sequence) does not contain 190	indices(Sequence) does not contain 190
47	indices(Sequence) does not contain 177	Sequence	0	0.017389775801148633	0.0011757284795825705	0.46982528209871527	738.0	1025.0	20.02%	9.06%	1763	11.75     	14998	2.01	0	0.0%	1.7028024296554205	0.7709103918186249	NA	NA	NA	NA	NA	NA	NA	8797.0	false	indices(Sequence) does not contain 177	indices(Sequence) does not contain 177
48	indices(Sequence) contains 485	Sequence	1	0.016721240657544833	0.0010726819969332246	0.47059348153983727	1174.0	5361.0	31.84%	47.4%	6535	43.57     	14998	2.01	0	0.0%	0.730773376297415	1.0877586916799074	NA	NA	NA	NA	NA	NA	NA	8797.0	false	indices(Sequence) contains 485	indices(Sequence) contains 485
49	Mass % Length >= 256.5	Length, Mass	1	0.011715763831751994	0.00126312642896771	0.49626755901981773	1048.0	4652.0	28.42%	41.13%	5700	38.01     	14998	3.0	1	0.0%	0.7479053478556712	1.08217425359881	0.0	83.0	186.0	365.0	8228.0	288.0	364.0	NA	false	Mass % Length	Mass % Length >= 256.5
50	(Length, isNaN(Mass)) == (312, false)	Length, Mass	0	0.0019360972629630536	0.001044590092258106	0.4990145617231383	30.0	17.0	0.81%	0.15%	47	0.31      	14998	3.05	0	0.0%	2.596471789900109	0.47960467780375726	NA	NA	NA	NA	NA	NA	NA	1985.0	false	(Length, isNaN(Mass)) == (312, false)	(Length, isNaN(Mass)) == (312, false)