Gene names  (primary )	InputFunction	219673.178797
com.sparkbeyond.runtime.feature.context.MultiLookupContext.getOrEmpty(key: TKey): Seq[TMember]	ReflectedMethodDef	206342.202951
com.sparkbeyond.runtime.feature.functions.SpecialFunctions.smallSubsets[T](i: scala.collection.GenTraversableOnce[T]): scala.collection.immutable.Seq[List[T]]	ReflectedMethodDef	131540.315233
3_utr_parsedFeats.csv.gz_A_freq_by_Gene_name	ConstantFunction	130825.925745
3_utr_parsedFeats.csv.gz_C_by_Gene_name	ConstantFunction	44210.927032
com.sparkbeyond.runtime.feature.functions.HistogramFunctions.elementCount[A](it: scala.collection.GenTraversableOnce[A]): com.sparkbeyond.runtime.feature.types.Histogram[A]	ReflectedMethodDef	28027.185192
com.sparkbeyond.runtime.feature.functions.ImplicitFreeExtensions.zipWithIndex[A](i: scala.collection.GenSeqLike[A,scala.collection.TraversableOnce[A]]): scala.collection.TraversableOnce[(A,Int)]	ReflectedMethodDef	20477.669257
com.sparkbeyond.runtime.feature.functions.SpecialFunctions.normalizedHistogram[T](values: scala.collection.GenTraversableOnce[T]): scala.collection.immutable.Map[T,Double]	ReflectedMethodDef	20393.124862
com.sparkbeyond.runtime.feature.context.MultiLookupContext.getFirstOrDefault(key: TKey): TMember	ReflectedMethodDef	13330.975846
3_utr_parsedFeats.csv.gz_A_by_Gene_name	ConstantFunction	9981.747388
3_utr_parsedFeats.csv.gz_T_by_Gene_name	ConstantFunction	8528.373127
3_utr_parsedFeats.csv.gz_Gene_description_by_Gene_name	ConstantFunction	7318.108555
com.sparkbeyond.runtime.feature.functions.TextFunctions.slidingSubsets(s: com.sparkbeyond.runtime.feature.types.SemanticWrapper): Seq[Set[String]]	ReflectedMethodDef	4775.356591
3_utr_parsedFeats.csv.gz_5_UTR_1_len_by_Gene_name	ConstantFunction	4270.16545
3_utr_parsedFeats.csv.gz_5utr_counts_by_Gene_name	ConstantFunction	1731.089006
com.sparkbeyond.runtime.feature.functions.TextFunctions.numericPairs(text: com.sparkbeyond.runtime.feature.types.SemanticWrapper): Vector[(Seq[String],Double)]	ReflectedMethodDef	1559.157369
com.sparkbeyond.runtime.feature.functions.TextFunctions.prefixes(s: String): scala.collection.immutable.IndexedSeq[String]	ReflectedMethodDef	1266.373339
3_utr_parsedFeats.csv.gz_5_UTR_start_by_Gene_name	ConstantFunction	1188.055973
3_utr_parsedFeats.csv.gz_3_UTR_1_len_by_Gene_name	ConstantFunction	1161.774009
com.sparkbeyond.runtime.feature.functions.Statistics.average(i: scala.collection.GenTraversableOnce[Double]): Double	ReflectedMethodDef	984.432899
3_utr_parsedFeats.csv.gz_3_utr_len_by_Gene_name	ConstantFunction	925.502627
com.sparkbeyond.runtime.feature.functions.TextFunctions.tokenizeByWordBoundary(text: com.sparkbeyond.runtime.feature.types.SemanticWrapper): Vector[String]	ReflectedMethodDef	830.007196
3_utr_parsedFeats.csv.gz_Gene_stable_ID_by_Gene_name	ConstantFunction	822.018195
3_utr_parsedFeats.csv.gz_tot_5utr_len_by_Gene_name	ConstantFunction	799.058751
3_utr_parsedFeats.csv.gz_3_utr_seq_by_Gene_name	ConstantFunction	766.726069
com.sparkbeyond.runtime.feature.functions.ImplicitFreeExtensionsDouble.max(i: Seq[Double]): Double	ReflectedMethodDef	725.213492
com.sparkbeyond.runtime.feature.functions.ImplicitFreeExtensionsDouble.sum(i: scala.collection.GenTraversableOnce[Double]): Double	ReflectedMethodDef	724.513461
3_utr_parsedFeats.csv.gz_3_UTR_start_by_Gene_name	ConstantFunction	711.708529
3_utr_parsedFeats.csv.gz_3_UTR_start_2_by_Gene_name	ConstantFunction	680.31295
3_utr_parsedFeats.csv.gz_T_freq_by_Gene_name	ConstantFunction	659.436169
3_utr_parsedFeats.csv.gz_5_UTR_end_by_Gene_name	ConstantFunction	622.641144
com.sparkbeyond.runtime.feature.functions.Statistics.diff(xs: scala.collection.GenTraversable[Double]): List[Double]	ReflectedMethodDef	560.776573
3_utr_parsedFeats.csv.gz_3_UTR_start_1_by_Gene_name	ConstantFunction	535.789143
com.sparkbeyond.runtime.feature.functions.Statistics.mostCommonValue[T](i: scala.collection.GenTraversableOnce[T]): Option[T]	ReflectedMethodDef	518.323779
com.sparkbeyond.runtime.feature.functions.ImplicitFreeExtensionsDouble.min(i: Seq[Double]): Double	ReflectedMethodDef	464.697446
3_utr_parsedFeats.csv.gz_mode_ratio_freq_by_Gene_name	ConstantFunction	455.091908
3_utr_parsedFeats.csv.gz_3utr_counts_by_Gene_name	ConstantFunction	407.7027
scala.collection.GenTraversableLike.lastOption: Option[A]	ReflectedMethodDef	406.932503
3_utr_parsedFeats.csv.gz_G_freq_by_Gene_name	ConstantFunction	394.854021
com.sparkbeyond.runtime.feature.functions.SpecialFunctions.l2Norm(i: scala.collection.GenTraversable[Double]): Double	ReflectedMethodDef	354.244829
3_utr_parsedFeats.csv.gz_C_freq_by_Gene_name	ConstantFunction	344.067025
com.sparkbeyond.runtime.feature.functions.ImplicitFreeExtensionsInt.product(i: scala.collection.GenTraversableOnce[Int]): Int	ReflectedMethodDef	335.629819
com.sparkbeyond.runtime.feature.functions.Statistics.stddev(xs: scala.collection.GenTraversableOnce[Double]): Double	ReflectedMethodDef	299.569047
3_utr_parsedFeats.csv.gz_3_UTR_end_3_by_Gene_name	ConstantFunction	298.421554
com.sparkbeyond.runtime.feature.functions.Statistics.median(i: scala.collection.GenTraversableOnce[Double]): Double	ReflectedMethodDef	270.270388
3_utr_parsedFeats.csv.gz_GC_freq_by_Gene_name	ConstantFunction	268.86107
3_utr_parsedFeats.csv.gz_5_UTR_start_2_by_Gene_name	ConstantFunction	256.243854
3_utr_parsedFeats.csv.gz_5_UTR_end_1_by_Gene_name	ConstantFunction	221.693536
com.sparkbeyond.runtime.feature.functions.SpecialFunctions.minSlopeDouble(s: scala.collection.GenTraversable[Double]): Double	ReflectedMethodDef	220.651812
com.sparkbeyond.runtime.feature.functions.SpecialFunctions.maxSlopeSecondHalf(s: scala.collection.GenTraversable[Double]): Double	ReflectedMethodDef	198.586691
3_utr_parsedFeats.csv.gz_CDS_Length_by_Gene_name	ConstantFunction	190.651311
3_utr_parsedFeats.csv.gz_3_UTR_end_1_by_Gene_name	ConstantFunction	184.273083
com.sparkbeyond.runtime.feature.functions.SpecialFunctions.logSumExp(seq: scala.collection.GenTraversableOnce[Double]): Double	ReflectedMethodDef	180.15632
com.sparkbeyond.runtime.feature.functions.ZeroComplexityFunctions.isNaN(d: Double): Boolean	ReflectedMethodDef	169.957023
com.sparkbeyond.runtime.feature.functions.Statistics.exponentialMovingAverageDouble(i: scala.collection.GenTraversableOnce[Double]): Double	ReflectedMethodDef	169.576635
com.sparkbeyond.runtime.feature.functions.SpecialFunctions.maxSlopeDouble(s: scala.collection.GenTraversable[Double]): Double	ReflectedMethodDef	168.330944
com.sparkbeyond.runtime.feature.functions.Statistics.averageInt(i: scala.collection.GenTraversableOnce[Int]): Double	ReflectedMethodDef	157.305843
3_utr_parsedFeats.csv.gz_G_by_Gene_name	ConstantFunction	129.337179
3_utr_parsedFeats.csv.gz_5_UTR_3_len_by_Gene_name	ConstantFunction	114.823421
3_utr_parsedFeats.csv.gz_3_UTR_end_2_by_Gene_name	ConstantFunction	111.148939
com.sparkbeyond.runtime.feature.functions.ImplicitFreeExtensionsInt.sum(i: scala.collection.GenTraversableOnce[Int]): Int	ReflectedMethodDef	109.794181
3_utr_parsedFeats.csv.gz_5_UTR_end_3_by_Gene_name	ConstantFunction	108.251155
3_utr_parsedFeats.csv.gz_Gene_start_bp_by_Gene_name	ConstantFunction	107.743612
3_utr_parsedFeats.csv.gz_Transcript_length_including_UTRs_and_CDS_by_Gene_name	ConstantFunction	104.708435
3_utr_parsedFeats.csv.gz_3_UTR_start_3_by_Gene_name	ConstantFunction	100.729656
3_utr_parsedFeats.csv.gz_3_UTR_3_len_by_Gene_name	ConstantFunction	95.672547
com.sparkbeyond.runtime.feature.functions.SpecialFunctions.maxSlopeInt(s: scala.collection.GenTraversable[Int]): Double	ReflectedMethodDef	88.937063
com.sparkbeyond.runtime.feature.functions.SpecialFunctions.arithmeticNot(num: Double): Double	ReflectedMethodDef	86.638995
com.sparkbeyond.runtime.feature.functions.SpecialFunctions.l1Norm(i: scala.collection.GenTraversable[Double]): Double	ReflectedMethodDef	83.439929
scala.math.log10(x: Double): Double	ReflectedMethodDef	79.214414
com.sparkbeyond.runtime.feature.functions.Statistics.fastCenter(vec: scala.collection.GenTraversable[Double]): scala.collection.GenTraversable[Double]	ReflectedMethodDef	72.780932
com.sparkbeyond.runtime.feature.functions.SpecialFunctions.minSlopeInt(s: scala.collection.GenTraversable[Int]): Double	ReflectedMethodDef	67.719169
com.sparkbeyond.runtime.feature.functions.Statistics.modeDouble(i: scala.collection.GenTraversableOnce[Double]): Double	ReflectedMethodDef	67.187071
com.sparkbeyond.runtime.feature.functions.TextFunctions.numbers(s: com.sparkbeyond.runtime.feature.types.SemanticWrapper): Seq[Double]	ReflectedMethodDef	53.975172
scala.math.cbrt(x: Double): Double	ReflectedMethodDef	50.240171
com.sparkbeyond.runtime.feature.functions.Statistics.percentUnique[T](i: scala.collection.GenTraversableOnce[T]): Double	ReflectedMethodDef	47.253654
com.sparkbeyond.runtime.feature.functions.SpecialFunctions.lInfNormalize(i: scala.collection.GenTraversable[Double]): scala.collection.GenTraversable[Double]	ReflectedMethodDef	46.54934
com.sparkbeyond.runtime.feature.functions.Statistics.fastScale(vec: scala.collection.GenTraversable[Double]): scala.collection.GenTraversable[Double]	ReflectedMethodDef	46.48244
com.sparkbeyond.runtime.feature.functions.SpecialFunctions.globalDelta(s: scala.collection.GenTraversable[Double]): Double	ReflectedMethodDef	43.293683
3_utr_parsedFeats.csv.gz_tot_3utr_len_by_Gene_name	ConstantFunction	39.543929
com.sparkbeyond.runtime.feature.functions.Statistics.cardinality[T](i: scala.collection.GenTraversableOnce[T]): Int	ReflectedMethodDef	33.306478
com.sparkbeyond.runtime.feature.functions.SpecialFunctions.hasXAtLeastYAtLeast(a: scala.collection.GenTraversableOnce[(Double, Double)],x: Double,y: Double): Boolean	ReflectedMethodDef	18.560751
constant.Double.1072693248	ConstantFunction	18.560751
constant.Double.1079787520	ConstantFunction	18.560751