Non-terminal residue	0.2
Nucleotide binding	0.8
Protein families	1.1
pH dependence	0.1
Keywords	0.9
Tissue specificity	1.3
Non-standard residue	0.1
Gene ontology (GO)	1.0
Developmental stage	0.2
Sequence	1.0
Pathway	0.3
Involvement in disease	1.2
Gene names  (primary )	131.9
DNA binding	0.1
Zinc finger	0.6
Length,Mass	0.0
Mass	0.0
Entry name	0.0
Post-translational modification	0.8
Temperature dependence	0.0
Gene encoded by	0.0
Entry	0.0
Repeat	0.8
Protein names	0.8
Compositional bias	0.6
Features	1.2
Length	0.0