Gene ontology (GO)	InputFunction	40550.501859
Disruption phenotype	InputFunction	36098.820403
com.sparkbeyond.runtime.feature.functions.TextFunctions.slidingSubsets(s: com.sparkbeyond.runtime.feature.types.SemanticWrapper): Seq[Set[String]]	ReflectedMethodDef	31942.083282
com.sparkbeyond.runtime.feature.functions.TextFunctions.tokenizeByWordBoundary(text: com.sparkbeyond.runtime.feature.types.SemanticWrapper): Vector[String]	ReflectedMethodDef	30791.492593
Tissue specificity	InputFunction	23636.865478
com.sparkbeyond.runtime.feature.functions.TextFunctions.numericPairs(text: com.sparkbeyond.runtime.feature.types.SemanticWrapper): Vector[(Seq[String],Double)]	ReflectedMethodDef	21796.729372
Protein names	InputFunction	20187.183446
Keywords	InputFunction	19482.764706
Developmental stage	InputFunction	19253.837947
Features	InputFunction	17117.258051
Compositional bias	InputFunction	16759.066716
com.sparkbeyond.runtime.feature.functions.TextFunctions.tokenize(s: com.sparkbeyond.runtime.feature.types.StringWrapper): Seq[String]	ReflectedMethodDef	16299.602116
com.sparkbeyond.runtime.feature.functions.TextFunctions.wordCounts(text: com.sparkbeyond.runtime.feature.types.Text): com.sparkbeyond.runtime.feature.types.Histogram[String]	ReflectedMethodDef	16265.501013
com.sparkbeyond.runtime.feature.functions.TextFunctions.tokenizeByCommonDelimiters(s: com.sparkbeyond.runtime.feature.types.StringWrapper): Seq[String]	ReflectedMethodDef	15824.886916
com.sparkbeyond.runtime.feature.functions.TextFunctions.numericPairsUSFormat(s: com.sparkbeyond.runtime.feature.types.SemanticWrapper): Vector[(Seq[String],Double)]	ReflectedMethodDef	14906.917502
com.sparkbeyond.runtime.feature.functions.TextFunctions.ngrams(s: com.sparkbeyond.runtime.feature.types.SemanticWrapper): List[String]	ReflectedMethodDef	13503.742542
Protein families	InputFunction	12686.458438
Post-translational modification	InputFunction	12319.583311
com.sparkbeyond.runtime.feature.functions.TextFunctions.wordFrequencies(text: com.sparkbeyond.runtime.feature.types.SemanticWrapper): scala.collection.mutable.HashMap[String,Double]	ReflectedMethodDef	12183.828792
com.sparkbeyond.runtime.feature.functions.TextFunctions.stemmedWordsWithoutCommonTerms(text: com.sparkbeyond.runtime.feature.types.SemanticWrapper): Seq[String]	ReflectedMethodDef	11113.217739
Repeat	InputFunction	10625.548477
Gene names  (primary )	InputFunction	9728.444992
com.sparkbeyond.runtime.feature.functions.ZeroComplexityFunctions.extractKeys[A,B](pairs: TraversableOnce[(A, B)]): Vector[A]	ReflectedMethodDef	8951.102909
Sequence	InputFunction	8879.303179
com.sparkbeyond.runtime.feature.functions.TextFunctions.numbers(s: com.sparkbeyond.runtime.feature.types.SemanticWrapper): Seq[Double]	ReflectedMethodDef	8811.388256
com.sparkbeyond.runtime.feature.functions.TextFunctions.skipgrams(s: com.sparkbeyond.runtime.feature.types.SemanticWrapper): Vector[Vector[String]]	ReflectedMethodDef	8046.487052
com.sparkbeyond.runtime.feature.functions.TextFunctions.skipgramsAndBiGrams(s: com.sparkbeyond.runtime.feature.types.SemanticWrapper): Seq[Seq[String]]	ReflectedMethodDef	7639.807333
com.sparkbeyond.runtime.feature.functions.TextFunctions.normalizedNgrams(s: com.sparkbeyond.runtime.feature.types.SemanticWrapper): List[Seq[String]]	ReflectedMethodDef	7563.402139
com.sparkbeyond.runtime.feature.functions.TextFunctions.normalizedNgramsWithoutStopwords(s: com.sparkbeyond.runtime.feature.types.SemanticWrapper): List[Seq[String]]	ReflectedMethodDef	7224.071524
Pathway	InputFunction	6241.879592
com.sparkbeyond.runtime.feature.functions.TextFunctions.stemmedWords(text: com.sparkbeyond.runtime.feature.types.SemanticWrapper): Seq[String]	ReflectedMethodDef	5903.47737
Zinc finger	InputFunction	5865.777289
com.sparkbeyond.runtime.feature.functions.HistogramFunctions.elementCount[A](it: scala.collection.GenTraversableOnce[A]): com.sparkbeyond.runtime.feature.types.Histogram[A]	ReflectedMethodDef	5159.589704
Nucleotide binding	InputFunction	4917.332154
com.sparkbeyond.runtime.feature.functions.TextFunctions.sentimentDistribution(text: com.sparkbeyond.runtime.feature.types.SemanticWrapper): com.sparkbeyond.runtime.feature.types.Histogram[Double]	ReflectedMethodDef	4398.112511
com.sparkbeyond.runtime.feature.functions.TextFunctions.tokenizeByPunctuation(s: com.sparkbeyond.runtime.feature.types.SemanticWrapper): Seq[String]	ReflectedMethodDef	3279.898179
com.sparkbeyond.runtime.feature.functions.TextFunctions.numbersUSFormat(s: com.sparkbeyond.runtime.feature.types.SemanticWrapper): Seq[Double]	ReflectedMethodDef	3237.521708
com.sparkbeyond.runtime.feature.functions.SpecialFunctions.normalizedHistogram[T](values: scala.collection.GenTraversableOnce[T]): scala.collection.immutable.Map[T,Double]	ReflectedMethodDef	3039.627882
com.sparkbeyond.runtime.feature.functions.HasLatLongsFunctions.latLongs(source: com.sparkbeyond.runtime.feature.types.HasLatLongs): Seq[com.sparkbeyond.runtime.feature.types.LatLong]	ReflectedMethodDef	2512.5173
com.sparkbeyond.runtime.feature.functions.SpecialFunctions.histogram[T](values: scala.collection.GenTraversableOnce[T]): scala.collection.immutable.Map[T,Double]	ReflectedMethodDef	1982.69776
com.sparkbeyond.runtime.feature.functions.SpecialFunctions.smallSubsets[T](i: scala.collection.GenTraversableOnce[T]): scala.collection.immutable.Seq[List[T]]	ReflectedMethodDef	1978.386244
DNA binding	InputFunction	1702.546668
com.sparkbeyond.runtime.feature.functions.TextFunctions.adjectivesHistogram(s: com.sparkbeyond.runtime.feature.types.SemanticWrapper): com.sparkbeyond.runtime.feature.types.Histogram[String]	ReflectedMethodDef	1538.453437
com.sparkbeyond.runtime.feature.functions.TextFunctions.prefixes(s: String): scala.collection.immutable.IndexedSeq[String]	ReflectedMethodDef	1267.700561
com.sparkbeyond.runtime.feature.functions.SpecialFunctions.splitDigitsAndLetters(s: String): List[String]	ReflectedMethodDef	1117.53989
com.sparkbeyond.runtime.feature.functions.SpecialFunctions.tokenizeByCommonDelimiters(s: String): Seq[String]	ReflectedMethodDef	866.853428
com.sparkbeyond.runtime.feature.functions.SpecialFunctions.normalizedNgrams(s: String): List[Seq[String]]	ReflectedMethodDef	753.376689
com.sparkbeyond.runtime.feature.functions.Statistics.average(i: scala.collection.GenTraversableOnce[Double]): Double	ReflectedMethodDef	690.650975
scala.collection.SeqLike.indices: scala.collection.immutable.Range	ReflectedMethodDef	620.300486
com.sparkbeyond.runtime.feature.functions.ImplicitFreeExtensionsDouble.min(i: Seq[Double]): Double	ReflectedMethodDef	605.811673
com.sparkbeyond.runtime.feature.functions.ImplicitFreeExtensionsDouble.sum(i: scala.collection.GenTraversableOnce[Double]): Double	ReflectedMethodDef	584.254079
com.sparkbeyond.runtime.feature.functions.ZeroComplexityFunctions.isNaN(d: Double): Boolean	ReflectedMethodDef	567.887242
com.sparkbeyond.runtime.feature.functions.ImplicitFreeExtensionsDouble.max(i: Seq[Double]): Double	ReflectedMethodDef	549.893649
scala.collection.TraversableOnce.toSeq: Seq[A]	ReflectedMethodDef	489.307312
com.sparkbeyond.runtime.feature.functions.SpecialFunctions.tokenizeCamel(x: String): Seq[String]	ReflectedMethodDef	423.934683
com.sparkbeyond.runtime.feature.functions.TextFunctions.numbersWithSuffix(text: com.sparkbeyond.runtime.feature.types.SemanticWrapper): Seq[(String,Double)]	ReflectedMethodDef	412.452032
com.sparkbeyond.runtime.feature.functions.GeoFunctions.centroid(i: scala.collection.GenTraversableOnce[com.sparkbeyond.runtime.feature.types.LatLong]): com.sparkbeyond.runtime.feature.types.LatLong	ReflectedMethodDef	371.629151
com.sparkbeyond.runtime.feature.functions.TextFunctions.numberIn(s: com.sparkbeyond.runtime.feature.types.SemanticWrapper): Double	ReflectedMethodDef	353.841988
com.sparkbeyond.runtime.feature.functions.TextFunctions.alphaStringBeforeNumber(s: com.sparkbeyond.runtime.feature.types.SemanticWrapper): String	ReflectedMethodDef	333.919348
com.sparkbeyond.runtime.feature.functions.TextFunctions.countAbstractions(s: com.sparkbeyond.runtime.feature.types.SemanticWrapper): Vector[(String,Double)]	ReflectedMethodDef	260.116621
com.sparkbeyond.runtime.feature.functions.TextFunctions.numberInUSFormat(s: com.sparkbeyond.runtime.feature.types.SemanticWrapper): Double	ReflectedMethodDef	243.79931
Length	InputFunction	233.980443
com.sparkbeyond.runtime.feature.functions.TextFunctions.numberOfWords(s: com.sparkbeyond.runtime.feature.types.SemanticWrapper): Int	ReflectedMethodDef	208.169579
com.sparkbeyond.runtime.feature.functions.TextFunctions.numberOfChars(s: com.sparkbeyond.runtime.feature.types.SemanticWrapper): Int	ReflectedMethodDef	206.17623
com.sparkbeyond.runtime.feature.functions.TextFunctions.fractions(text: com.sparkbeyond.runtime.feature.types.SemanticWrapper): Vector[Double]	ReflectedMethodDef	190.733453
Mass	InputFunction	152.283304
com.sparkbeyond.runtime.feature.functions.GeoFunctions.deviation(coords: scala.collection.GenTraversableOnce[com.sparkbeyond.runtime.feature.types.LatLong]): Double	ReflectedMethodDef	151.366803
com.sparkbeyond.runtime.feature.functions.TextFunctions.textSentimentScore(text: com.sparkbeyond.runtime.feature.types.SemanticWrapper): Double	ReflectedMethodDef	144.196598
com.sparkbeyond.runtime.feature.functions.SpecialFunctions.normalizedNgramsWithoutStopwords(s: String): List[Seq[String]]	ReflectedMethodDef	75.008778
com.sparkbeyond.runtime.feature.functions.Statistics.size[T](i: scala.collection.GenTraversableOnce[T]): Int	ReflectedMethodDef	58.788294
com.sparkbeyond.runtime.feature.functions.SpecialFunctions.ngrams2(s: String): List[String]	ReflectedMethodDef	53.119802
com.sparkbeyond.runtime.feature.functions.UnIndexedFunctions.traversableOnceToVector[T](t: scala.collection.GenTraversableOnce[T]): Seq[T]	ReflectedMethodDef	50.118106
scala.collection.immutable.StringLike.linesWithSeparators: Iterator[String]	ReflectedMethodDef	50.118106
com.sparkbeyond.runtime.feature.functions.SpecialFunctions.stringElementsExtractor(s: String): String	ReflectedMethodDef	46.46267
com.sparkbeyond.runtime.feature.functions.SpecialFunctions.reluHalf(num: Double): Double	ReflectedMethodDef	44.773388
com.sparkbeyond.runtime.feature.functions.SpecialFunctions.squared(num: Double): Double	ReflectedMethodDef	43.407771
com.sparkbeyond.runtime.feature.functions.Statistics.averageInt(i: scala.collection.GenTraversableOnce[Int]): Double	ReflectedMethodDef	42.586043
com.sparkbeyond.runtime.feature.functions.SpecialFunctions.tokenizeBySpace(s: String): Seq[String]	ReflectedMethodDef	40.858287
com.sparkbeyond.runtime.feature.functions.SpecialFunctions.tokenizeByCommonDelimitersAndNormalize(s: String): Seq[String]	ReflectedMethodDef	40.63684
scala.collection.GenSeqLike.distinct: Repr	ReflectedMethodDef	37.258422
scala.collection.GenTraversableLike.lastOption: Option[A]	ReflectedMethodDef	37.154525
com.sparkbeyond.runtime.feature.functions.Statistics.mostCommonValue[T](i: scala.collection.GenTraversableOnce[T]): Option[T]	ReflectedMethodDef	37.046159
com.sparkbeyond.runtime.feature.functions.Statistics.percentUnique[T](i: scala.collection.GenTraversableOnce[T]): Double	ReflectedMethodDef	36.547655
com.sparkbeyond.runtime.feature.functions.ImplicitFreeExtensionsInt.sum(i: scala.collection.GenTraversableOnce[Int]): Int	ReflectedMethodDef	34.640996
com.sparkbeyond.runtime.feature.functions.SpecialFunctions.evenness(n: Int): Int	ReflectedMethodDef	33.035394
com.sparkbeyond.runtime.feature.functions.TextFunctions.create(string: String): com.sparkbeyond.runtime.feature.types.Text	ReflectedMethodDef	32.908149
com.sparkbeyond.runtime.feature.functions.Statistics.cardinality[T](i: scala.collection.GenTraversableOnce[T]): Int	ReflectedMethodDef	32.0186
scala.collection.GenTraversableOnce.size: Int	ReflectedMethodDef	28.563171
java.lang.String.trim(): java.lang.String	ReflectedMethodDef	28.531889
scala.collection.GenSeqLike.reverse: Repr	ReflectedMethodDef	28.525185
com.sparkbeyond.runtime.feature.types.Zipcode.apply(string: String): com.sparkbeyond.runtime.feature.types.Zipcode	ReflectedMethodDef	27.88744
total_nan	InputFunction	27.701775
scala.math.log(x: Double): Double	ReflectedMethodDef	26.599736
scala.collection.GenTraversableLike.tail: Repr	ReflectedMethodDef	26.543884
scala.math.log10(x: Double): Double	ReflectedMethodDef	25.449175
com.sparkbeyond.runtime.feature.functions.ImplicitFreeExtensionsString.sorted(i: String): String	ReflectedMethodDef	25.214663
scala.collection.GenTraversableLike.last: A	ReflectedMethodDef	23.211743
scala.math.log1p(x: Double): Double	ReflectedMethodDef	22.187065
scala.collection.immutable.StringLike.capitalize: String	ReflectedMethodDef	21.888207
com.sparkbeyond.runtime.feature.functions.SpecialFunctions.inverse(num: Double): Double	ReflectedMethodDef	21.107927
com.sparkbeyond.runtime.feature.functions.SpecialFunctions.cubed(num: Double): Double	ReflectedMethodDef	19.65978
scala.collection.immutable.StringLike.stripMargin: String	ReflectedMethodDef	19.25743
pH dependence	InputFunction	18.881278
scala.Int.toDouble: Double	ReflectedMethodDef	18.645033
Gene encoded by	InputFunction	18.634631
scala.math.expm1(x: Double): Double	ReflectedMethodDef	18.468536
scala.math.cbrt(x: Double): Double	ReflectedMethodDef	17.728274
com.sparkbeyond.runtime.feature.functions.SpecialFunctions.arithmeticNot(num: Double): Double	ReflectedMethodDef	16.879184
Temperature dependence	InputFunction	16.388499
scala.math.sqrt(x: Double): Double	ReflectedMethodDef	15.691845
com.sparkbeyond.runtime.feature.functions.SpecialFunctions.relu(num: Double): Double	ReflectedMethodDef	15.386965
java.lang.String.toLowerCase(): java.lang.String	ReflectedMethodDef	14.542391
scala.collection.GenTraversableLike.headOption: Option[A]	ReflectedMethodDef	13.616033
Non-standard residue	InputFunction	12.799772
com.sparkbeyond.runtime.feature.functions.SpecialFunctions.numericSuffix(s: String): Double	ReflectedMethodDef	11.24825
scala.math.exp(x: Double): Double	ReflectedMethodDef	10.321065
com.sparkbeyond.runtime.feature.functions.SpecialFunctions.numberIn(s: String): Double	ReflectedMethodDef	9.812993
com.sparkbeyond.runtime.feature.functions.SpecialFunctions.roundToInt(num: Double): Int	ReflectedMethodDef	8.413567
scala.math.abs(x: Int): Int	ReflectedMethodDef	7.643203
RNA editing	InputFunction	6.590845
scala.math.abs(x: Double): Double	ReflectedMethodDef	6.015163
com.sparkbeyond.runtime.feature.functions.SpecialFunctions.fractions(s: String): Vector[Double]	ReflectedMethodDef	0.089607
com.sparkbeyond.runtime.feature.functions.SpecialFunctions.numericPrefix(s: String): Double	ReflectedMethodDef	0.065652