19	Disruption phenotype	InputFunction
17	Post-translational modification	InputFunction
15	Protein names	InputFunction
13	Tissue specificity	InputFunction
13	Repeat	InputFunction
12	Compositional bias	InputFunction
11	DNA binding	InputFunction
11	Sequence	InputFunction
11	Nucleotide binding	InputFunction
11	Developmental stage	InputFunction
10	Protein families	InputFunction
9	Features	InputFunction
9	Pathway	InputFunction
8	Gene names  (primary )	InputFunction
8	Gene ontology (GO)	InputFunction
8	Keywords	InputFunction
7	Zinc finger	InputFunction
3	Mass	InputFunction
3	Length	InputFunction
2	com.sparkbeyond.runtime.feature.functions.ImplicitFreeExtensionsDouble.sum(i: scala.collection.GenTraversableOnce[Double]): Double	ReflectedMethodDef
2	com.sparkbeyond.runtime.feature.functions.TextFunctions.numberIn(s: com.sparkbeyond.runtime.feature.types.SemanticWrapper): Double	ReflectedMethodDef
2	com.sparkbeyond.runtime.feature.functions.HasLatLongsFunctions.latLongs(source: com.sparkbeyond.runtime.feature.types.HasLatLongs): Seq[com.sparkbeyond.runtime.feature.types.LatLong]	ReflectedMethodDef
2	com.sparkbeyond.runtime.feature.functions.TextFunctions.adjectivesHistogram(s: com.sparkbeyond.runtime.feature.types.SemanticWrapper): com.sparkbeyond.runtime.feature.types.Histogram[String]	ReflectedMethodDef
1	com.sparkbeyond.runtime.feature.functions.SpecialFunctions.numericPrefix(s: String): Double	ReflectedMethodDef
1	com.sparkbeyond.runtime.feature.functions.SpecialFunctions.squared(num: Double): Double	ReflectedMethodDef
1	com.sparkbeyond.runtime.feature.functions.TextFunctions.countAbstractions(s: com.sparkbeyond.runtime.feature.types.SemanticWrapper): Vector[(String,Double)]	ReflectedMethodDef
1	scala.math.cbrt(x: Double): Double	ReflectedMethodDef
1	scala.math.log10(x: Double): Double	ReflectedMethodDef
1	scala.collection.GenSeqLike.reverse: Repr	ReflectedMethodDef
1	com.sparkbeyond.runtime.feature.functions.Statistics.mostCommonValue[T](i: scala.collection.GenTraversableOnce[T]): Option[T]	ReflectedMethodDef
1	com.sparkbeyond.runtime.feature.functions.Statistics.averageInt(i: scala.collection.GenTraversableOnce[Int]): Double	ReflectedMethodDef
1	total_nan	InputFunction
1	com.sparkbeyond.runtime.feature.functions.SpecialFunctions.cubed(num: Double): Double	ReflectedMethodDef
1	com.sparkbeyond.runtime.feature.functions.Statistics.cardinality[T](i: scala.collection.GenTraversableOnce[T]): Int	ReflectedMethodDef
1	scala.math.log(x: Double): Double	ReflectedMethodDef
1	com.sparkbeyond.runtime.feature.functions.SpecialFunctions.evenness(n: Int): Int	ReflectedMethodDef
1	scala.collection.immutable.StringLike.capitalize: String	ReflectedMethodDef
1	com.sparkbeyond.runtime.feature.functions.HistogramFunctions.elementCount[A](it: scala.collection.GenTraversableOnce[A]): com.sparkbeyond.runtime.feature.types.Histogram[A]	ReflectedMethodDef
1	com.sparkbeyond.runtime.feature.functions.ImplicitFreeExtensionsString.sorted(i: String): String	ReflectedMethodDef
1	com.sparkbeyond.runtime.feature.functions.TextFunctions.wordFrequencies(text: com.sparkbeyond.runtime.feature.types.SemanticWrapper): scala.collection.mutable.HashMap[String,Double]	ReflectedMethodDef
1	com.sparkbeyond.runtime.feature.functions.SpecialFunctions.splitDigitsAndLetters(s: String): List[String]	ReflectedMethodDef
1	scala.collection.SeqLike.indices: scala.collection.immutable.Range	ReflectedMethodDef
1	com.sparkbeyond.runtime.feature.functions.TextFunctions.alphaStringBeforeNumber(s: com.sparkbeyond.runtime.feature.types.SemanticWrapper): String	ReflectedMethodDef
1	com.sparkbeyond.runtime.feature.functions.TextFunctions.numberOfWords(s: com.sparkbeyond.runtime.feature.types.SemanticWrapper): Int	ReflectedMethodDef
1	scala.collection.GenTraversableOnce.size: Int	ReflectedMethodDef
1	com.sparkbeyond.runtime.feature.functions.TextFunctions.tokenizeByWordBoundary(text: com.sparkbeyond.runtime.feature.types.SemanticWrapper): Vector[String]	ReflectedMethodDef
1	scala.collection.immutable.StringLike.stripMargin: String	ReflectedMethodDef
1	com.sparkbeyond.runtime.feature.functions.SpecialFunctions.roundToInt(num: Double): Int	ReflectedMethodDef
1	scala.math.sqrt(x: Double): Double	ReflectedMethodDef
1	com.sparkbeyond.runtime.feature.functions.TextFunctions.numbers(s: com.sparkbeyond.runtime.feature.types.SemanticWrapper): Seq[Double]	ReflectedMethodDef
1	com.sparkbeyond.runtime.feature.functions.TextFunctions.numericPairs(text: com.sparkbeyond.runtime.feature.types.SemanticWrapper): Vector[(Seq[String],Double)]	ReflectedMethodDef
1	com.sparkbeyond.runtime.feature.functions.TextFunctions.sentimentDistribution(text: com.sparkbeyond.runtime.feature.types.SemanticWrapper): com.sparkbeyond.runtime.feature.types.Histogram[Double]	ReflectedMethodDef
1	scala.math.exp(x: Double): Double	ReflectedMethodDef
1	com.sparkbeyond.runtime.feature.functions.Statistics.average(i: scala.collection.GenTraversableOnce[Double]): Double	ReflectedMethodDef
1	com.sparkbeyond.runtime.feature.functions.TextFunctions.normalizedNgramsWithoutStopwords(s: com.sparkbeyond.runtime.feature.types.SemanticWrapper): List[Seq[String]]	ReflectedMethodDef
1	com.sparkbeyond.runtime.feature.functions.TextFunctions.numbersUSFormat(s: com.sparkbeyond.runtime.feature.types.SemanticWrapper): Seq[Double]	ReflectedMethodDef
1	com.sparkbeyond.runtime.feature.functions.SpecialFunctions.inverse(num: Double): Double	ReflectedMethodDef
1	com.sparkbeyond.runtime.feature.functions.ImplicitFreeExtensionsInt.sum(i: scala.collection.GenTraversableOnce[Int]): Int	ReflectedMethodDef
1	scala.collection.GenTraversableLike.last: A	ReflectedMethodDef
1	com.sparkbeyond.runtime.feature.functions.TextFunctions.normalizedNgrams(s: com.sparkbeyond.runtime.feature.types.SemanticWrapper): List[Seq[String]]	ReflectedMethodDef
1	com.sparkbeyond.runtime.feature.functions.TextFunctions.numberInUSFormat(s: com.sparkbeyond.runtime.feature.types.SemanticWrapper): Double	ReflectedMethodDef
1	com.sparkbeyond.runtime.feature.functions.TextFunctions.slidingSubsets(s: com.sparkbeyond.runtime.feature.types.SemanticWrapper): Seq[Set[String]]	ReflectedMethodDef
1	com.sparkbeyond.runtime.feature.functions.TextFunctions.textSentimentScore(text: com.sparkbeyond.runtime.feature.types.SemanticWrapper): Double	ReflectedMethodDef
1	com.sparkbeyond.runtime.feature.functions.TextFunctions.ngrams(s: com.sparkbeyond.runtime.feature.types.SemanticWrapper): List[String]	ReflectedMethodDef
1	com.sparkbeyond.runtime.feature.functions.SpecialFunctions.normalizedNgramsWithoutStopwords(s: String): List[Seq[String]]	ReflectedMethodDef
1	com.sparkbeyond.runtime.feature.functions.TextFunctions.prefixes(s: String): scala.collection.immutable.IndexedSeq[String]	ReflectedMethodDef
1	com.sparkbeyond.runtime.feature.functions.SpecialFunctions.tokenizeByCommonDelimitersAndNormalize(s: String): Seq[String]	ReflectedMethodDef
1	scala.math.abs(x: Int): Int	ReflectedMethodDef
1	com.sparkbeyond.runtime.feature.functions.TextFunctions.wordCounts(text: com.sparkbeyond.runtime.feature.types.Text): com.sparkbeyond.runtime.feature.types.Histogram[String]	ReflectedMethodDef
1	com.sparkbeyond.runtime.feature.functions.SpecialFunctions.normalizedHistogram[T](values: scala.collection.GenTraversableOnce[T]): scala.collection.immutable.Map[T,Double]	ReflectedMethodDef
1	scala.Int.toDouble: Double	ReflectedMethodDef
1	com.sparkbeyond.runtime.feature.functions.TextFunctions.skipgramsAndBiGrams(s: com.sparkbeyond.runtime.feature.types.SemanticWrapper): Seq[Seq[String]]	ReflectedMethodDef
1	scala.collection.GenTraversableLike.lastOption: Option[A]	ReflectedMethodDef
1	com.sparkbeyond.runtime.feature.functions.ZeroComplexityFunctions.isNaN(d: Double): Boolean	ReflectedMethodDef
1	com.sparkbeyond.runtime.feature.functions.SpecialFunctions.tokenizeCamel(x: String): Seq[String]	ReflectedMethodDef
1	com.sparkbeyond.runtime.feature.functions.UnIndexedFunctions.traversableOnceToVector[T](t: scala.collection.GenTraversableOnce[T]): Seq[T]	ReflectedMethodDef
1	com.sparkbeyond.runtime.feature.functions.TextFunctions.numericPairsUSFormat(s: com.sparkbeyond.runtime.feature.types.SemanticWrapper): Vector[(Seq[String],Double)]	ReflectedMethodDef
1	com.sparkbeyond.runtime.feature.functions.TextFunctions.tokenize(s: com.sparkbeyond.runtime.feature.types.StringWrapper): Seq[String]	ReflectedMethodDef
1	scala.collection.GenTraversableLike.tail: Repr	ReflectedMethodDef
1	com.sparkbeyond.runtime.feature.functions.TextFunctions.tokenizeByCommonDelimiters(s: com.sparkbeyond.runtime.feature.types.StringWrapper): Seq[String]	ReflectedMethodDef
1	com.sparkbeyond.runtime.feature.functions.ImplicitFreeExtensionsDouble.min(i: Seq[Double]): Double	ReflectedMethodDef
1	java.lang.String.toLowerCase(): java.lang.String	ReflectedMethodDef
1	com.sparkbeyond.runtime.feature.functions.SpecialFunctions.ngrams2(s: String): List[String]	ReflectedMethodDef
1	com.sparkbeyond.runtime.feature.functions.TextFunctions.fractions(text: com.sparkbeyond.runtime.feature.types.SemanticWrapper): Vector[Double]	ReflectedMethodDef
1	com.sparkbeyond.runtime.feature.functions.SpecialFunctions.smallSubsets[T](i: scala.collection.GenTraversableOnce[T]): scala.collection.immutable.Seq[List[T]]	ReflectedMethodDef
1	Non-standard residue	InputFunction
1	com.sparkbeyond.runtime.feature.functions.TextFunctions.stemmedWords(text: com.sparkbeyond.runtime.feature.types.SemanticWrapper): Seq[String]	ReflectedMethodDef
1	com.sparkbeyond.runtime.feature.functions.GeoFunctions.deviation(coords: scala.collection.GenTraversableOnce[com.sparkbeyond.runtime.feature.types.LatLong]): Double	ReflectedMethodDef
1	com.sparkbeyond.runtime.feature.functions.GeoFunctions.centroid(i: scala.collection.GenTraversableOnce[com.sparkbeyond.runtime.feature.types.LatLong]): com.sparkbeyond.runtime.feature.types.LatLong	ReflectedMethodDef
1	com.sparkbeyond.runtime.feature.functions.TextFunctions.tokenizeByPunctuation(s: com.sparkbeyond.runtime.feature.types.SemanticWrapper): Seq[String]	ReflectedMethodDef
1	com.sparkbeyond.runtime.feature.functions.TextFunctions.numberOfChars(s: com.sparkbeyond.runtime.feature.types.SemanticWrapper): Int	ReflectedMethodDef
1	com.sparkbeyond.runtime.feature.functions.SpecialFunctions.stringElementsExtractor(s: String): String	ReflectedMethodDef
1	com.sparkbeyond.runtime.feature.functions.SpecialFunctions.reluHalf(num: Double): Double	ReflectedMethodDef
1	scala.collection.TraversableOnce.toSeq: Seq[A]	ReflectedMethodDef
1	com.sparkbeyond.runtime.feature.functions.SpecialFunctions.arithmeticNot(num: Double): Double	ReflectedMethodDef
1	com.sparkbeyond.runtime.feature.functions.TextFunctions.stemmedWordsWithoutCommonTerms(text: com.sparkbeyond.runtime.feature.types.SemanticWrapper): Seq[String]	ReflectedMethodDef
1	scala.math.expm1(x: Double): Double	ReflectedMethodDef
1	com.sparkbeyond.runtime.feature.functions.SpecialFunctions.histogram[T](values: scala.collection.GenTraversableOnce[T]): scala.collection.immutable.Map[T,Double]	ReflectedMethodDef
1	com.sparkbeyond.runtime.feature.functions.ImplicitFreeExtensionsDouble.max(i: Seq[Double]): Double	ReflectedMethodDef
1	scala.collection.immutable.StringLike.linesWithSeparators: Iterator[String]	ReflectedMethodDef
1	com.sparkbeyond.runtime.feature.types.Zipcode.apply(string: String): com.sparkbeyond.runtime.feature.types.Zipcode	ReflectedMethodDef
1	com.sparkbeyond.runtime.feature.functions.ZeroComplexityFunctions.extractKeys[A,B](pairs: TraversableOnce[(A, B)]): Vector[A]	ReflectedMethodDef
1	com.sparkbeyond.runtime.feature.functions.SpecialFunctions.normalizedNgrams(s: String): List[Seq[String]]	ReflectedMethodDef
1	pH dependence	InputFunction
1	com.sparkbeyond.runtime.feature.functions.Statistics.size[T](i: scala.collection.GenTraversableOnce[T]): Int	ReflectedMethodDef
1	com.sparkbeyond.runtime.feature.functions.SpecialFunctions.numericSuffix(s: String): Double	ReflectedMethodDef
1	Temperature dependence	InputFunction
1	scala.math.abs(x: Double): Double	ReflectedMethodDef
1	java.lang.String.trim(): java.lang.String	ReflectedMethodDef
1	com.sparkbeyond.runtime.feature.functions.SpecialFunctions.relu(num: Double): Double	ReflectedMethodDef
1	scala.collection.GenSeqLike.distinct: Repr	ReflectedMethodDef
1	com.sparkbeyond.runtime.feature.functions.TextFunctions.skipgrams(s: com.sparkbeyond.runtime.feature.types.SemanticWrapper): Vector[Vector[String]]	ReflectedMethodDef
1	RNA editing	InputFunction
1	com.sparkbeyond.runtime.feature.functions.SpecialFunctions.tokenizeBySpace(s: String): Seq[String]	ReflectedMethodDef
1	scala.collection.GenTraversableLike.headOption: Option[A]	ReflectedMethodDef
1	com.sparkbeyond.runtime.feature.functions.Statistics.percentUnique[T](i: scala.collection.GenTraversableOnce[T]): Double	ReflectedMethodDef
1	Gene encoded by	InputFunction
1	com.sparkbeyond.runtime.feature.functions.TextFunctions.create(string: String): com.sparkbeyond.runtime.feature.types.Text	ReflectedMethodDef
1	com.sparkbeyond.runtime.feature.functions.SpecialFunctions.tokenizeByCommonDelimiters(s: String): Seq[String]	ReflectedMethodDef
1	com.sparkbeyond.runtime.feature.functions.TextFunctions.numbersWithSuffix(text: com.sparkbeyond.runtime.feature.types.SemanticWrapper): Seq[(String,Double)]	ReflectedMethodDef
1	com.sparkbeyond.runtime.feature.functions.SpecialFunctions.fractions(s: String): Vector[Double]	ReflectedMethodDef
1	com.sparkbeyond.runtime.feature.functions.SpecialFunctions.numberIn(s: String): Double	ReflectedMethodDef
1	scala.math.log1p(x: Double): Double	ReflectedMethodDef
