idx	feature	Input names	Dominant bool_mir_target	RIG	Score	lin. score	Support 0	Support 1	% support 0	% support 1	support	% support	input cardinality	% Missing	Lift 0	Lift 1	Min	25th Percentile	Median	75th Percentile	Max	Mean	SD	Estimated Total Values	booleanFeatureName
0	"Keywords == ""Cell junction. Cell membrane. Disulfide bond. Glycoprotein. Ion channel. Ion transport. Ligand-gated ion channel. Membrane. Postsynaptic cell membrane. Receptor. Reference proteome. Signal. Synapse. Transmembrane. Transmembrane helix. Transport"""	Keywords	1	0.031736576	0.031654569	0.158656033	3	3	0.15%	6.25%	6	0.3	1992	0.00%	0.512345679	20.75	NA	NA	NA	NA	NA	NA	NA	1605	"Keywords == ""Cell junction. Cell membrane. Disulfide bond. Glycoprotein. Ion channel. Ion transport. Ligand-gated ion channel. Membrane. Postsynaptic cell membrane. Receptor. Reference proteome. Signal. Synapse. Transmembrane. Transmembrane helix. Transport"""
1	isEmpty(Disruption phenotype)	Disruption phenotype	0	0.011308841	0.011279375	0.160813076	966	16	49.69%	33.33%	982	49.3	995	49%	1.007995776	0.676171079	NA	NA	NA	NA	NA	NA	NA	995	isEmpty(Disruption phenotype)
2	"Disruption phenotype contains ""tail tip"""	Disruption phenotype	1	0.061499481	0.055131003	0.157419496	7	6	0.36%	12.50%	13	0.65	995	49%	0.551756885	19.15384615	NA	NA	NA	NA	NA	NA	NA	73536	"Disruption phenotype contains ""tail tip"""
3	"Gene ontology (GO) contains ""0040034"""	Gene ontology (GO)	1	0.056726728	0.035095324	0.157609923	9	6	0.46%	12.50%	15	0.75	1992	1%	0.614814815	16.6	NA	NA	NA	NA	NA	NA	NA	6050	"Gene ontology (GO) contains ""0040034"""
4	"Gene ontology (GO) contains ""0017148"""	Gene ontology (GO)	1	0.03977741	0.032158559	0.158555727	5	4	0.26%	8.33%	9	0.45	1992	1%	0.569272977	18.44444444	NA	NA	NA	NA	NA	NA	NA	6050	"Gene ontology (GO) contains ""0017148"""
5	"Gene ontology (GO) contains ""0072327"""	Gene ontology (GO)	1	0.029091061	0.029014532	0.159339127	4	3	0.21%	6.25%	7	0.35	1992	1%	0.585537919	17.78571429	NA	NA	NA	NA	NA	NA	NA	6050	"Gene ontology (GO) contains ""0072327"""
6	"Disruption phenotype contains ""fail"""	Disruption phenotype	1	0.033906358	0.0280669	0.159886524	27	6	1.39%	12.50%	33	1.66	995	49%	0.838383838	7.545454545	NA	NA	NA	NA	NA	NA	NA	5636	"Disruption phenotype contains ""fail"""
7	"Protein names contains ""lineage protein"""	Protein names	1	0.039275169	0.026041662	0.159937045	21	6	1.08%	12.50%	27	1.36	1992	0.00%	0.796982167	9.222222222	NA	NA	NA	NA	NA	NA	NA	22984	"Protein names contains ""lineage protein"""
8	"Tissue specificity contains ""intestinal"""	Tissue specificity	1	0.035143915	0.025756774	0.158983765	2	3	0.10%	6.25%	5	0.25	999	47%	0.409876543	24.9	NA	NA	NA	NA	NA	NA	NA	3803	"Tissue specificity contains ""intestinal"""
9	"Disruption phenotype contains ""with the"""	Disruption phenotype	1	0.030989544	0.02417225	0.1606731	45	7	2.31%	14.58%	52	2.61	995	49%	0.886752137	5.586538462	NA	NA	NA	NA	NA	NA	NA	73536	"Disruption phenotype contains ""with the"""
10	"Gene ontology (GO) contains ""targeting"""	Gene ontology (GO)	1	0.023524478	0.023319162	0.160476635	7	3	0.36%	6.25%	10	0.5	1992	1%	0.717283951	12.45	NA	NA	NA	NA	NA	NA	NA	6924	"Gene ontology (GO) contains ""targeting"""
11	"Tissue specificity contains ""uterus"""	Tissue specificity	1	0.02690415	0.021903789	0.160008002	13	4	0.67%	8.33%	17	0.85	999	47%	0.783587509	9.764705882	NA	NA	NA	NA	NA	NA	NA	2306	"Tissue specificity contains ""uterus"""
12	"Disruption phenotype contains ""l3"""	Disruption phenotype	1	0.03106337	0.021529859	0.160372984	19	5	0.98%	10.42%	24	1.2	995	49%	0.811213992	8.645833333	NA	NA	NA	NA	NA	NA	NA	9064	"Disruption phenotype contains ""l3"""
13	"Disruption phenotype contains ""the precocious"""	Disruption phenotype	1	0.055649124	0.021418278	0.15650486	1	4	0.05%	8.33%	5	0.25	995	49%	0.204938272	33.2	NA	NA	NA	NA	NA	NA	NA	73536	"Disruption phenotype contains ""the precocious"""
14	"Developmental stage contains ""throughout larval development"""	Developmental stage	1	0.029252622	0.021378132	0.160260156	11	4	0.57%	8.33%	15	0.75	677	65%	0.751440329	11.06666667	NA	NA	NA	NA	NA	NA	NA	21745	"Developmental stage contains ""throughout larval development"""
15	"Disruption phenotype contains ""mitochondrial"""	Disruption phenotype	1	0.027669121	0.020522273	0.160159204	23	5	1.18%	10.42%	28	1.41	995	49%	0.841710758	7.410714286	NA	NA	NA	NA	NA	NA	NA	5636	"Disruption phenotype contains ""mitochondrial"""
16	"Disruption phenotype contains ""canal"""	Disruption phenotype	1	0.029091061	0.019751815	0.159339127	4	3	0.21%	6.25%	7	0.35	995	49%	0.585537919	17.78571429	NA	NA	NA	NA	NA	NA	NA	5636	"Disruption phenotype contains ""canal"""
17	"Disruption phenotype contains ""resistance to nicotine"""	Disruption phenotype	1	0.049926813	0.01914769	0.157453397	2	4	0.10%	8.33%	6	0.3	995	49%	0.341563786	27.66666667	NA	NA	NA	NA	NA	NA	NA	73536	"Disruption phenotype contains ""resistance to nicotine"""
18	"Protein names contains ""4 protein"""	Protein names	1	0.018553774	0.018503626	0.160575466	3	2	0.15%	4.17%	5	0.25	1992	0.00%	0.614814815	16.6	NA	NA	NA	NA	NA	NA	NA	22984	"Protein names contains ""4 protein"""
19	"Disruption phenotype contains ""mir"""	Disruption phenotype	1	0.029091061	0.018447988	0.159339127	4	3	0.21%	6.25%	7	0.35	995	49%	0.585537919	17.78571429	NA	NA	NA	NA	NA	NA	NA	5636	"Disruption phenotype contains ""mir"""
20	"Disruption phenotype contains ""mediated knockdown results"""	Disruption phenotype	1	0.028589878	0.016682961	0.161094408	223	15	11.47%	31.25%	238	11.95	995	49%	0.96010997	2.615546218	NA	NA	NA	NA	NA	NA	NA	73536	"Disruption phenotype contains ""mediated knockdown results"""
21	"Tissue specificity contains ""pharyngeal muscles,"""	Tissue specificity	1	0.018779659	0.015942632	0.160920199	11	3	0.57%	6.25%	14	0.7	999	47%	0.805114638	8.892857143	NA	NA	NA	NA	NA	NA	NA	23625	"Tissue specificity contains ""pharyngeal muscles,"""
22	"Disruption phenotype contains ""precursor cells"""	Disruption phenotype	1	0.023103734	0.015631568	0.16078551	17	4	0.87%	8.33%	21	1.05	995	49%	0.829512052	7.904761905	NA	NA	NA	NA	NA	NA	NA	73536	"Disruption phenotype contains ""precursor cells"""
23	"Disruption phenotype contains "", and"""	Disruption phenotype	1	0.020901616	0.015557814	0.16073583	9	3	0.46%	6.25%	12	0.6	995	49%	0.768518519	10.375	NA	NA	NA	NA	NA	NA	NA	73536	"Disruption phenotype contains "", and"""
24	"Protein names contains ""activated"""	Protein names	1	0.018553774	0.015142942	0.160575466	3	2	0.15%	4.17%	5	0.25	1992	0.00%	0.614814815	16.6	NA	NA	NA	NA	NA	NA	NA	5052	"Protein names contains ""activated"""
25	"Keywords contains ""projection"""	Keywords	0	0.017171078	0.015065007	0.161164636	153	0	7.87%	0.00%	153	7.68	1992	0.00%	1.024691358	0	NA	NA	NA	NA	NA	NA	NA	405	"Keywords contains ""projection"""
26	"Gene ontology (GO) contains ""serine"""	Gene ontology (GO)	0	0.016820678	0.0147732	0.161168153	150	0	7.72%	0.00%	150	7.53	1992	1%	1.024691358	0	NA	NA	NA	NA	NA	NA	NA	6050	"Gene ontology (GO) contains ""serine"""
27	"Disruption phenotype contains ""arrest during the"""	Disruption phenotype	1	0.021068922	0.014426454	0.160227967	2	2	0.10%	4.17%	4	0.2	995	49%	0.512345679	20.75	NA	NA	NA	NA	NA	NA	NA	73536	"Disruption phenotype contains ""arrest during the"""
28	"Keywords contains ""signal"""	Keywords	0	0.017054214	0.014309582	0.161638299	152	0	7.82%	0.00%	152	7.63	1992	0.00%	1.024691358	0	NA	NA	NA	NA	NA	NA	NA	470	"Keywords contains ""signal"""
29	"Disruption phenotype contains ""defects."""	Disruption phenotype	1	0.020803096	0.013820596	0.160948349	20	4	1.03%	8.33%	24	1.2	995	49%	0.853909465	6.916666667	NA	NA	NA	NA	NA	NA	NA	73536	"Disruption phenotype contains ""defects."""
30	"Gene ontology (GO) contains ""import"""	Gene ontology (GO)	1	0.022408332	0.013595291	0.160496339	31	5	1.59%	10.42%	36	1.81	1992	1%	0.882373114	5.763888889	NA	NA	NA	NA	NA	NA	NA	6050	"Gene ontology (GO) contains ""import"""
31	"Gene ontology (GO) contains ""regulation"""	Gene ontology (GO)	1	0.022862984	0.0135938	0.160920993	926	34	47.63%	70.83%	960	48.19	1992	1%	0.988400206	1.469791667	NA	NA	NA	NA	NA	NA	NA	6050	"Gene ontology (GO) contains ""regulation"""
32	"Tissue specificity contains ""muscles"""	Tissue specificity	1	0.016434417	0.013154427	0.161343162	84	7	4.32%	14.58%	91	4.57	999	47%	0.945868946	3.192307692	NA	NA	NA	NA	NA	NA	NA	3391	"Tissue specificity contains ""muscles"""
33	"Compositional bias contains ""112"""	Compositional bias	1	0.021068922	0.013076925	0.1597596	2	2	0.10%	4.17%	4	0.2	806	59%	0.512345679	20.75	NA	NA	NA	NA	NA	NA	NA	1818	"Compositional bias contains ""112"""
34	"Tissue specificity contains ""specificity: ubiquitously"""	Tissue specificity	1	0.01946085	0.01277833	0.161035626	22	4	1.13%	8.33%	26	1.31	999	47%	0.867046534	6.384615385	NA	NA	NA	NA	NA	NA	NA	23625	"Tissue specificity contains ""specificity: ubiquitously"""
35	"Developmental stage contains ""regulated"""	Developmental stage	1	0.020901616	0.012764862	0.160265979	9	3	0.46%	6.25%	12	0.6	677	65%	0.768518519	10.375	NA	NA	NA	NA	NA	NA	NA	2014	"Developmental stage contains ""regulated"""
36	"Developmental stage contains ""hatching, expression"""	Developmental stage	1	0.021068922	0.012757878	0.160227967	2	2	0.10%	4.17%	4	0.2	677	65%	0.512345679	20.75	NA	NA	NA	NA	NA	NA	NA	21745	"Developmental stage contains ""hatching, expression"""
37	"Gene ontology (GO) contains ""methionine"""	Gene ontology (GO)	1	0.013854106	0.012732976	0.160623011	6	2	0.31%	4.17%	8	0.4	1992	1%	0.768518519	10.375	NA	NA	NA	NA	NA	NA	NA	6050	"Gene ontology (GO) contains ""methionine"""
38	"Disruption phenotype contains ""mitochondria"""	Disruption phenotype	1	0.018779659	0.012706066	0.160920199	11	3	0.57%	6.25%	14	0.7	995	49%	0.805114638	8.892857143	NA	NA	NA	NA	NA	NA	NA	9064	"Disruption phenotype contains ""mitochondria"""
39	"Disruption phenotype contains ""21408209"""	Disruption phenotype	1	0.023524478	0.01262448	0.160007541	7	3	0.36%	6.25%	10	0.5	995	49%	0.717283951	12.45	NA	NA	NA	NA	NA	NA	NA	5636	"Disruption phenotype contains ""21408209"""
40	"Zinc finger contains ""atypical"""	Zinc finger	1	0.022137236	0.012565768	0.16014864	8	3	0.41%	6.25%	11	0.55	174	91%	0.745230079	11.31818182	NA	NA	NA	NA	NA	NA	NA	582	"Zinc finger contains ""atypical"""
41	"Protein names contains ""receptor subunit"""	Protein names	1	0.042270786	0.012454836	0.15928772	10	5	0.51%	10.42%	15	0.75	1992	0.00%	0.683127572	13.83333333	NA	NA	NA	NA	NA	NA	NA	22984	"Protein names contains ""receptor subunit"""
42	"Disruption phenotype contains ""19023419"""	Disruption phenotype	1	0.021068922	0.012426631	0.1597596	2	2	0.10%	4.17%	4	0.2	995	49%	0.512345679	20.75	NA	NA	NA	NA	NA	NA	NA	5636	"Disruption phenotype contains ""19023419"""
43	"Disruption phenotype contains ""up"""	Disruption phenotype	1	0.016109569	0.012370131	0.160759207	28	4	1.44%	8.33%	32	1.61	995	49%	0.896604938	5.1875	NA	NA	NA	NA	NA	NA	NA	5636	"Disruption phenotype contains ""up"""
44	"Keywords contains ""methylation. nucleotide"""	Keywords	1	0.021068922	0.012237783	0.160227967	2	2	0.10%	4.17%	4	0.2	1992	0.00%	0.512345679	20.75	NA	NA	NA	NA	NA	NA	NA	2980	"Keywords contains ""methylation. nucleotide"""
45	"Nucleotide binding contains "".17."""	Nucleotide binding	1	0.021068922	0.012237783	0.160227967	2	2	0.10%	4.17%	4	0.2	272	85%	0.512345679	20.75	NA	NA	NA	NA	NA	NA	NA	3772	"Nucleotide binding contains "".17."""
46	"Compositional bias contains ""compbias 176."""	Compositional bias	1	0.021068922	0.012237783	0.160227967	2	2	0.10%	4.17%	4	0.2	806	59%	0.512345679	20.75	NA	NA	NA	NA	NA	NA	NA	11073	"Compositional bias contains ""compbias 176."""
47	"Nucleotide binding contains ""bind 57."""	Nucleotide binding	1	0.021068922	0.012237783	0.160227967	2	2	0.10%	4.17%	4	0.2	272	85%	0.512345679	20.75	NA	NA	NA	NA	NA	NA	NA	3772	"Nucleotide binding contains ""bind 57."""
48	"Tissue specificity contains ""absent from"""	Tissue specificity	1	0.021068922	0.012085881	0.160227967	2	2	0.10%	4.17%	4	0.2	999	47%	0.512345679	20.75	NA	NA	NA	NA	NA	NA	NA	23625	"Tissue specificity contains ""absent from"""
49	"Disruption phenotype contains ""developmental"""	Disruption phenotype	1	0.029001247	0.011858508	0.1602123	34	6	1.75%	12.50%	40	2.01	995	49%	0.870987654	6.225	NA	NA	NA	NA	NA	NA	NA	5636	"Disruption phenotype contains ""developmental"""
50	"Keywords contains ""chromosome"""	Keywords	0	0.01311866	0.011521161	0.161204966	118	0	6.07%	0.00%	118	5.92	1992	0.00%	1.024691358	0	NA	NA	NA	NA	NA	NA	NA	405	"Keywords contains ""chromosome"""
51	"Disruption phenotype contains ""development,"""	Disruption phenotype	1	0.018837594	0.01151739	0.161074303	23	4	1.18%	8.33%	27	1.36	995	49%	0.872885231	6.148148148	NA	NA	NA	NA	NA	NA	NA	9064	"Disruption phenotype contains ""development,"""
52	"Disruption phenotype contains ""chaperone"""	Disruption phenotype	1	0.021068922	0.011325089	0.1597596	2	2	0.10%	4.17%	4	0.2	995	49%	0.512345679	20.75	NA	NA	NA	NA	NA	NA	NA	5636	"Disruption phenotype contains ""chaperone"""
53	"Disruption phenotype contains ""regulation of the"""	Disruption phenotype	1	0.021068922	0.01132441	0.160227967	2	2	0.10%	4.17%	4	0.2	995	49%	0.512345679	20.75	NA	NA	NA	NA	NA	NA	NA	73536	"Disruption phenotype contains ""regulation of the"""
54	"Gene ontology (GO) contains ""into mitochondrial"""	Gene ontology (GO)	1	0.021068922	0.01130897	0.160227967	2	2	0.10%	4.17%	4	0.2	1992	1%	0.512345679	20.75	NA	NA	NA	NA	NA	NA	NA	36781	"Gene ontology (GO) contains ""into mitochondrial"""
55	"Gene ontology (GO) contains ""contraction"""	Gene ontology (GO)	1	0.020304865	0.011237847	0.16061315	35	5	1.80%	10.42%	40	2.01	1992	1%	0.896604938	5.1875	NA	NA	NA	NA	NA	NA	NA	6050	"Gene ontology (GO) contains ""contraction"""
56	"Tissue specificity contains ""l1"""	Tissue specificity	1	0.017130673	0.01118277	0.160703332	26	4	1.34%	8.33%	30	1.51	999	47%	0.888065844	5.533333333	NA	NA	NA	NA	NA	NA	NA	2306	"Tissue specificity contains ""l1"""
57	"Keywords contains ""mitochondrion. reference"""	Keywords	1	0.011828021	0.011165187	0.161265419	8	2	0.41%	4.17%	10	0.5	1992	0.00%	0.819753086	8.3	NA	NA	NA	NA	NA	NA	NA	2980	"Keywords contains ""mitochondrion. reference"""
58	"Protein names contains ""line"""	Protein names	1	0.021068922	0.011137147	0.1597596	2	2	0.10%	4.17%	4	0.2	1992	0.00%	0.512345679	20.75	NA	NA	NA	NA	NA	NA	NA	3052	"Protein names contains ""line"""
59	"Developmental stage contains ""23283987"""	Developmental stage	1	0.021068922	0.011137147	0.1597596	2	2	0.10%	4.17%	4	0.2	677	65%	0.512345679	20.75	NA	NA	NA	NA	NA	NA	NA	2014	"Developmental stage contains ""23283987"""
60	"Disruption phenotype contains ""stages of development"""	Disruption phenotype	1	0.021068922	0.011136479	0.160227967	2	2	0.10%	4.17%	4	0.2	995	49%	0.512345679	20.75	NA	NA	NA	NA	NA	NA	NA	73536	"Disruption phenotype contains ""stages of development"""
61	"Compositional bias contains "".73"""	Compositional bias	1	0.021068922	0.011136479	0.160227967	2	2	0.10%	4.17%	4	0.2	806	59%	0.512345679	20.75	NA	NA	NA	NA	NA	NA	NA	11073	"Compositional bias contains "".73"""
62	"Disruption phenotype contains ""pubmed:17326220,"""	Disruption phenotype	1	0.021068922	0.011136479	0.160227967	2	2	0.10%	4.17%	4	0.2	995	49%	0.512345679	20.75	NA	NA	NA	NA	NA	NA	NA	73536	"Disruption phenotype contains ""pubmed:17326220,"""
63	"Gene ontology (GO) contains ""body assembly"""	Gene ontology (GO)	1	0.018553774	0.011134832	0.160575466	3	2	0.15%	4.17%	5	0.25	1992	1%	0.614814815	16.6	NA	NA	NA	NA	NA	NA	NA	36781	"Gene ontology (GO) contains ""body assembly"""
64	"Protein names contains ""elongation"""	Protein names	1	0.012770305	0.011062366	0.160718142	7	2	0.36%	4.17%	9	0.45	1992	0.00%	0.796982167	9.222222222	NA	NA	NA	NA	NA	NA	NA	3052	"Protein names contains ""elongation"""
65	"Tissue specificity contains ""in vulval"""	Tissue specificity	1	0.01767455	0.011005423	0.161143449	25	4	1.29%	8.33%	29	1.46	999	47%	0.883354619	5.724137931	NA	NA	NA	NA	NA	NA	NA	23625	"Tissue specificity contains ""in vulval"""
66	"Gene ontology (GO) contains ""0005085"""	Gene ontology (GO)	1	0.016221529	0.010982777	0.160643426	14	3	0.72%	6.25%	17	0.85	1992	1%	0.843863471	7.323529412	NA	NA	NA	NA	NA	NA	NA	6050	"Gene ontology (GO) contains ""0005085"""
67	"Gene ontology (GO) contains ""lateral"""	Gene ontology (GO)	1	0.021068922	0.01085664	0.1597596	2	2	0.10%	4.17%	4	0.2	1992	1%	0.512345679	20.75	NA	NA	NA	NA	NA	NA	NA	6050	"Gene ontology (GO) contains ""lateral"""
68	"Disruption phenotype contains ""homeostasis"""	Disruption phenotype	1	0.018553774	0.010841666	0.160106083	3	2	0.15%	4.17%	5	0.25	995	49%	0.614814815	16.6	NA	NA	NA	NA	NA	NA	NA	5636	"Disruption phenotype contains ""homeostasis"""
69	"Protein names contains ""development protein"""	Protein names	1	0.018553774	0.010841016	0.160575466	3	2	0.15%	4.17%	5	0.25	1992	0.00%	0.614814815	16.6	NA	NA	NA	NA	NA	NA	NA	22984	"Protein names contains ""development protein"""
70	"Gene ontology (GO) contains ""[go:0046983]."""	Gene ontology (GO)	1	0.014175141	0.010629396	0.161249358	17	3	0.87%	6.25%	20	1	1992	1%	0.870987654	6.225	NA	NA	NA	NA	NA	NA	NA	6924	"Gene ontology (GO) contains ""[go:0046983]."""
71	"Protein names contains ""(inactive"""	Protein names	1	0.021068922	0.010619913	0.160227967	2	2	0.10%	4.17%	4	0.2	1992	0.00%	0.512345679	20.75	NA	NA	NA	NA	NA	NA	NA	5052	"Protein names contains ""(inactive"""
72	"Gene ontology (GO) contains ""0000003"""	Gene ontology (GO)	1	0.014343547	0.010487965	0.160895051	50	5	2.57%	10.42%	55	2.76	1992	1%	0.931537598	3.772727273	NA	NA	NA	NA	NA	NA	NA	6050	"Gene ontology (GO) contains ""0000003"""
73	"Features does not contain ""2"""	Features	0	0.013721689	0.010474373	0.161093486	825	12	42.44%	25%	837	42.02	1992	0.00%	1.010000442	0.594982079	NA	NA	NA	NA	NA	NA	NA	109	"Features does not contain ""2"""
74	"Developmental stage contains ""expressed from"""	Developmental stage	1	0.014025505	0.01029609	0.161379949	51	5	2.62%	10.42%	56	2.81	677	65%	0.933201058	3.705357143	NA	NA	NA	NA	NA	NA	NA	21745	"Developmental stage contains ""expressed from"""
75	"Tissue specificity contains ""associated"""	Tissue specificity	1	0.018553774	0.010282792	0.160106083	3	2	0.15%	4.17%	5	0.25	999	47%	0.614814815	16.6	NA	NA	NA	NA	NA	NA	NA	2306	"Tissue specificity contains ""associated"""
76	"Features contains ""domain (3"""	Features	0	0.011405329	0.010005117	0.161694443	103	0	5.30%	0.00%	103	5.17	1992	0.00%	1.024691358	0	NA	NA	NA	NA	NA	NA	NA	730	"Features contains ""domain (3"""
77	"numericPairs(Gene ontology (GO)) for (of, regulation) >= 16553.5"	Gene ontology (GO)	1	0.069158866	0.046061098	0.195710037	373	26	19.19%	56.25%	400	20.08	1992	67%	0.955524691	2.80125	0	7168	30728	45987	2000766	164647	488933	NA	"numericPairs(Gene ontology (GO)) for (of, regulation) >= 16553.5"
78	"smallSubsets(Gene names  (primary )) contains ('g', 'e', 'a')"	Gene names  (primary )	1	0.055649124	0.039867123	0.163530286	1	4	0.05%	8.33%	5	0.25	1992	5%	0.204938272	33.2	NA	NA	NA	NA	NA	NA	NA	4608	"smallSubsets(Gene names  (primary )) contains ('g', 'e', 'a')"
79	"elementCount(Sequence) contains ('A', 60.0)"	Sequence	1	0.045992926	0.034787827	0.165969115	8	5	0.41%	10.42%	13	0.65	1992	0.00%	0.630579297	15.96153846	NA	NA	NA	NA	NA	NA	NA	2710	"elementCount(Sequence) contains ('A', 60.0)"
80	"numericPairs(Protein names) for ((abnormal, cell) >= 13.5"	Protein names	1	0.061499481	0.024370574	0.191950378	7	5	0.36%	12.50%	13	0.65	1992	98%	0.551756885	19.15384615	0	1	5	15	60	14	18	NA	"numericPairs(Protein names) for ((abnormal, cell) >= 13.5"
81	"slidingSubsets(Tissue specificity) contains (""in"", ""pharyngeal"", ""body"")"	Tissue specificity	1	0.03203535	0.023494228	0.167156704	9	4	0.46%	8.33%	13	0.65	999	47%	0.709401709	12.76923077	NA	NA	NA	NA	NA	NA	NA	69433	"slidingSubsets(Tissue specificity) contains (""in"", ""pharyngeal"", ""body"")"
82	"slidingSubsets(Disruption phenotype) contains (""mitochondrial"", ""with"")"	Disruption phenotype	1	0.049926813	0.023125904	0.164521403	2	4	0.10%	8.33%	6	0.3	995	49%	0.341563786	27.66666667	NA	NA	NA	NA	NA	NA	NA	252358	"slidingSubsets(Disruption phenotype) contains (""mitochondrial"", ""with"")"
83	numericPairs(Protein names) for ((ec) >= 3.05	Protein names	0	0.031433728	0.02222923	0.195663591	270	0	13.94%	0.00%	270	13.6	1992	67%	1.024691358	0	0	1	3	5	502	7	24	NA	numericPairs(Protein names) for ((ec) >= 3.05
84	"numericPairs(Gene ontology (GO)) for (binding, negative) >= 2858.5"	Gene ontology (GO)	1	0.028032196	0.019895366	0.195609263	12	4	0.62%	8.33%	16	0.8	1992	99%	0.768518519	10.375	0	0	3697	43565	71987	18596	23702	NA	"numericPairs(Gene ontology (GO)) for (binding, negative) >= 2858.5"
85	The percent of N in (Sequence) >= 7.3	Sequence	1	0.025007338	0.019764485	0.195513492	76	8	3.91%	16.67%	84	4.22	1992	0.00%	0.927101705	3.952380952	0	4	5	6	18	5	1	NA	The percent of N in (Sequence) >= 7.3
86	"slidingSubsets(Gene ontology (GO)) contains (""contraction"", ""go"", ""regulation"")"	Gene ontology (GO)	1	0.042270786	0.019298158	0.166438067	10	5	0.51%	10.42%	15	0.75	1992	1%	0.683127572	13.83333333	NA	NA	NA	NA	NA	NA	NA	175937	"slidingSubsets(Gene ontology (GO)) contains (""contraction"", ""go"", ""regulation"")"
87	"slidingSubsets(Keywords) contains (""repeat"", ""sh3"", ""domain"")"	Keywords	1	0.026928799	0.018205324	0.167272339	5	3	0.26%	6.25%	8	0.4	1992	0.00%	0.640432099	15.5625	NA	NA	NA	NA	NA	NA	NA	22710	"slidingSubsets(Keywords) contains (""repeat"", ""sh3"", ""domain"")"
88	numericPairs(Protein names) for (subunit) >= 18.5	Protein names	1	0.039146626	0.017958846	0.194531579	12	4	0.62%	10.42%	17	0.85	1992	92%	0.723311547	12.20588235	0	1	3	6	116	8	15	NA	numericPairs(Protein names) for (subunit) >= 18.5
89	"slidingSubsets(Tissue specificity) contains (""and"", ""vulval"")"	Tissue specificity	1	0.027474068	0.016868991	0.16808299	52	7	2.67%	14.58%	59	2.96	999	47%	0.903117807	4.923728814	NA	NA	NA	NA	NA	NA	NA	69433	"slidingSubsets(Tissue specificity) contains (""and"", ""vulval"")"
90	"slidingSubsets(Developmental stage) contains (""expressed"", ""in"", ""embryos"", ""pubmed"")"	Developmental stage	1	0.026928799	0.016596954	0.167272339	5	3	0.26%	6.25%	8	0.4	677	65%	0.640432099	15.5625	NA	NA	NA	NA	NA	NA	NA	67323	"slidingSubsets(Developmental stage) contains (""expressed"", ""in"", ""embryos"", ""pubmed"")"
91	"slidingSubsets(Gene ontology (GO)) contains (""0005085"", ""binding"")"	Gene ontology (GO)	1	0.031736576	0.016572605	0.166588835	3	3	0.15%	6.25%	6	0.3	1992	1%	0.512345679	20.75	NA	NA	NA	NA	NA	NA	NA	175937	"slidingSubsets(Gene ontology (GO)) contains (""0005085"", ""binding"")"
92	"sentimentDistribution(Protein names) contains (0.0, 5.0)"	Protein names	0	0.018108315	0.015866752	0.168883044	161	0	8.28%	0.00%	161	8.08	1992	0.00%	1.024691358	0	NA	NA	NA	NA	NA	NA	NA	54	"sentimentDistribution(Protein names) contains (0.0, 5.0)"
93	"elementCount(Sequence) contains ('C', 3.0)"	Sequence	1	0.020336868	0.015864899	0.168460947	91	8	4.68%	16.67%	99	4.97	1992	0.00%	0.941888016	3.353535354	NA	NA	NA	NA	NA	NA	NA	2710	"elementCount(Sequence) contains ('C', 3.0)"
94	"numericPairs(Gene ontology (GO)) contains ((""rna""), 3729.0)"	Gene ontology (GO)	1	0.026928799	0.015817735	0.167272339	5	3	0.26%	6.25%	8	0.4	1992	1%	0.640432099	15.5625	NA	NA	NA	NA	NA	NA	NA	47648	"numericPairs(Gene ontology (GO)) contains ((""rna""), 3729.0)"
95	"smallSubsets(Gene names  (primary )) contains ('g', '1', 'l')"	Gene names  (primary )	1	0.01946085	0.015726468	0.168264436	22	4	1.13%	8.33%	26	1.31	1992	5%	0.867046534	6.384615385	NA	NA	NA	NA	NA	NA	NA	4608	"smallSubsets(Gene names  (primary )) contains ('g', '1', 'l')"
96	sentimentDistribution(Gene ontology (GO)) for 0.0 >= 101.5	Gene ontology (GO)	1	0.035341089	0.015722919	0.195268242	193	15	9.93%	31.25%	208	10.44	1992	0.00%	0.950795347	2.992788462	1	26	44	70	352	53	40	NA	sentimentDistribution(Gene ontology (GO)) for 0.0 >= 101.5
97	numberIn(Gene ontology (GO)) >= 32049.5	Gene ontology (GO)	0	0.017171078	0.015065811	0.169458707	153	0	7.87%	0.00%	153	7.68	1992	1%	1.024691358	0	-2	5634	5743	16021	1990907	21854	135713	NA	numberIn(Gene ontology (GO)) >= 32049.5
98	"slidingSubsets(Keywords) contains (""coil"", ""binding"")"	Keywords	1	0.0183875	0.014802092	0.168471437	57	6	2.93%	12.50%	63	3.16	1992	0.00%	0.927101705	3.952380952	NA	NA	NA	NA	NA	NA	NA	22710	"slidingSubsets(Keywords) contains (""coil"", ""binding"")"
99	The percent of E in (Sequence) >= 7.551	Sequence	0	0.018714363	0.014781149	0.195558915	593	6	30.50%	12.50%	599	30.07	1992	0.00%	1.014427338	0.415692821	0	5	6	8	24	7	3	NA	The percent of E in (Sequence) >= 7.551
100	"elementCount(Sequence) contains ('I', 42.0)"	Sequence	1	0.01946085	0.014421749	0.168264436	22	4	1.13%	8.33%	26	1.31	1992	0.00%	0.867046534	6.384615385	NA	NA	NA	NA	NA	NA	NA	2710	"elementCount(Sequence) contains ('I', 42.0)"
101	"numericPairs(Disruption phenotype) contains ((""defecation""), 269.0)"	Disruption phenotype	1	0.021068922	0.014395656	0.167420522	2	2	0.10%	4.17%	4	0.2	995	49%	0.512345679	20.75	NA	NA	NA	NA	NA	NA	NA	19724	"numericPairs(Disruption phenotype) contains ((""defecation""), 269.0)"
102	numericPairs(Gene ontology (GO)) for (nucleus) >= 5831.5	Gene ontology (GO)	0	0.016354378	0.014268511	0.195705649	146	0	7.51%	-1.48E-16	146	7.33	1992	69%	1.024691358	-2.02E-15	0	5634	5737	5829	1990124	24104	156061	NA	numericPairs(Gene ontology (GO)) for (nucleus) >= 5831.5
103	"sentimentDistribution(Developmental stage) == ((0.0, 23.0))"	Developmental stage	1	0.023524478	0.014142229	0.167680352	7	3	0.36%	6.25%	10	0.5	677	0.00%	0.717283951	12.45	NA	NA	NA	NA	NA	NA	NA	198	"sentimentDistribution(Developmental stage) == ((0.0, 23.0))"
104	"slidingSubsets(Gene ontology (GO)) contains (""negative"", ""regulation"", ""transcription"")"	Gene ontology (GO)	1	0.025697661	0.014090941	0.168175406	56	7	2.88%	14.58%	63	3.16	1992	1%	0.910836763	4.611111111	NA	NA	NA	NA	NA	NA	NA	175937	"slidingSubsets(Gene ontology (GO)) contains (""negative"", ""regulation"", ""transcription"")"
105	"slidingSubsets(Developmental stage) contains (""first"", ""at"", ""the"")"	Developmental stage	1	0.022137236	0.013589539	0.167828218	8	3	0.41%	6.25%	11	0.55	677	65%	0.745230079	11.31818182	NA	NA	NA	NA	NA	NA	NA	67323	"slidingSubsets(Developmental stage) contains (""first"", ""at"", ""the"")"
106	"elementCount(Sequence) contains ('P', 43.0)"	Sequence	1	0.018779659	0.013532042	0.168143828	11	3	0.57%	6.25%	14	0.7	1992	0.00%	0.805114638	8.892857143	NA	NA	NA	NA	NA	NA	NA	2710	"elementCount(Sequence) contains ('P', 43.0)"
107	"slidingSubsets(Disruption phenotype) contains (""formation"", ""with"")"	Disruption phenotype	1	0.02690415	0.013524939	0.167680835	13	4	0.67%	8.33%	17	0.85	995	49%	0.783587509	9.764705882	NA	NA	NA	NA	NA	NA	NA	252358	"slidingSubsets(Disruption phenotype) contains (""formation"", ""with"")"
108	"numericPairs(Gene ontology (GO)) for (catabolic, process) >= 6513.5"	Gene ontology (GO)	0	0.015656843	0.013325214	0.195706015	139	0	7.20%	-1.48E-16	139	7.03	1992	91%	1.024691358	-2.11E-15	0	6559	19478	42738	1903364	54674	240651	NA	"numericPairs(Gene ontology (GO)) for (catabolic, process) >= 6513.5"
109	"adjectivesHistogram(Protein names) contains (""complex"", 3.0)"	Protein names	1	0.021068922	0.013200055	0.167420522	2	2	0.10%	4.17%	4	0.2	1992	66%	0.512345679	20.75	NA	NA	NA	NA	NA	NA	NA	57	"adjectivesHistogram(Protein names) contains (""complex"", 3.0)"
110	toSeq(Gene names  (primary )) contains '5'	Gene names  (primary )	0	0.015308933	0.013100069	0.168912453	137	0	7.05%	0.00%	137	6.88	1992	5%	1.024691358	0	NA	NA	NA	NA	NA	NA	NA	44	toSeq(Gene names  (primary )) contains '5'
111	"numericPairs(Features) for (mutagenesis, region) >= 11.5"	Features	1	0.022137236	0.013010466	0.195165156	8	3	0.41%	6.25%	11	0.55	1992	83%	0.745230079	11.31818182	0	1	2	3	49	3	4	NA	"numericPairs(Features) for (mutagenesis, region) >= 11.5"
112	"slidingSubsets(Keywords) contains (""heme"", ""metal"", ""binding"")"	Keywords	1	0.015124122	0.013007763	0.168196794	5	2	0.26%	4.17%	7	0.35	1992	0.00%	0.731922399	11.85714286	NA	NA	NA	NA	NA	NA	NA	22710	"slidingSubsets(Keywords) contains (""heme"", ""metal"", ""binding"")"
113	"smallSubsets(Gene names  (primary )) contains ('3', '-', 'a')"	Gene names  (primary )	1	0.016061715	0.012992467	0.168532602	45	5	2.31%	10.42%	50	2.51	1992	5%	0.922222222	4.15	NA	NA	NA	NA	NA	NA	NA	4608	"smallSubsets(Gene names  (primary )) contains ('3', '-', 'a')"
114	numericPairs(Disruption phenotype) for (a) >= 1.5	Disruption phenotype	1	0.021339295	0.012948966	0.195660507	132	9	6.79%	20.83%	142	7.13	995	90%	0.952529995	2.922535211	0	1	4	48	3.34E+07	4415654	9194307	NA	numericPairs(Disruption phenotype) for (a) >= 1.5
115	mostCommonValue(Gene names  (primary )) == 1	Gene names  (primary )	0	0.014268616	0.01250175	0.168923285	128	0	6.58%	0.00%	128	6.43	1992	5%	1.024691358	0	NA	NA	NA	NA	NA	NA	NA	38	mostCommonValue(Gene names  (primary )) == 1
116	"!hasXAtLeastYAtLeast(sentimentDistribution(Keywords), 0.0, 11)"	Keywords	0	0.018857506	0.012481433	0.195343202	698	8	35.91%	16.67%	706	35.44	1992	0.00%	1.013080125	0.470254958	"(-1.0,1.0)"	"(0.0,8.0)"	"(0.0,12.0)"	"(0.0,17.0)"	"(1.0,39.0)"	"(0.0206,13.0)"	"(0.2146,6.0)"	NA	"!hasXAtLeastYAtLeast(sentimentDistribution(Keywords), 0.0, 11)"
117	numericPairs(Gene ontology (GO)) for (zinc) >= 4532.0	Gene ontology (GO)	1	0.021000575	0.01225113	0.19571566	49	5	2.57%	12.50%	55	2.81	1992	94%	0.914902998	4.446428571	0	3700	4222	43565	1990404	62644	301732	NA	numericPairs(Gene ontology (GO)) for (zinc) >= 4532.0
118	"slidingSubsets(Developmental stage) contains (""developmental"", ""stage"", ""highest"", ""levels"")"	Developmental stage	1	0.021068922	0.012226722	0.167420522	2	2	0.10%	4.17%	4	0.2	677	65%	0.512345679	20.75	NA	NA	NA	NA	NA	NA	NA	67323	"slidingSubsets(Developmental stage) contains (""developmental"", ""stage"", ""highest"", ""levels"")"
119	"smallSubsets(Gene names  (primary )) contains ('1', 'b', 'n')"	Gene names  (primary )	1	0.021068922	0.012225841	0.167420522	2	2	0.10%	4.17%	4	0.2	1992	5%	0.512345679	20.75	NA	NA	NA	NA	NA	NA	NA	4608	"smallSubsets(Gene names  (primary )) contains ('1', 'b', 'n')"
120	"slidingSubsets(Protein names) contains (""dependent"", ""subunit"")"	Protein names	1	0.021068922	0.012225841	0.167420522	2	2	0.10%	4.17%	4	0.2	1992	0.00%	0.512345679	20.75	NA	NA	NA	NA	NA	NA	NA	59526	"slidingSubsets(Protein names) contains (""dependent"", ""subunit"")"
121	"slidingSubsets(Compositional bias) contains (""15"", ""note"", ""residues"")"	Compositional bias	1	0.019789411	0.012186235	0.168055015	10	3	0.51%	6.25%	13	0.65	806	59%	0.788224122	9.576923077	NA	NA	NA	NA	NA	NA	NA	43463	"slidingSubsets(Compositional bias) contains (""15"", ""note"", ""residues"")"
122	"slidingSubsets(Disruption phenotype) contains (""of"", ""developmental"")"	Disruption phenotype	1	0.045777153	0.012126778	0.165225443	3	4	0.15%	8.33%	7	0.35	995	49%	0.439153439	23.71428571	NA	NA	NA	NA	NA	NA	NA	252358	"slidingSubsets(Disruption phenotype) contains (""of"", ""developmental"")"
123	"normalizedHistogram(Gene names  (primary )) contains ('i', 20.0)"	Gene names  (primary )	0	0.013807885	0.012098001	0.168928065	124	0	6.38%	0.00%	124	6.22	1992	5%	1.024691358	0	NA	NA	NA	NA	NA	NA	NA	352	"normalizedHistogram(Gene names  (primary )) contains ('i', 20.0)"
124	"slidingSubsets(Tissue specificity) contains (""expressed"", ""in"", ""body"")"	Tissue specificity	1	0.023673947	0.01208614	0.168275019	61	7	3.14%	14.58%	68	3.41	999	47%	0.919208424	4.272058824	NA	NA	NA	NA	NA	NA	NA	69433	"slidingSubsets(Tissue specificity) contains (""expressed"", ""in"", ""body"")"
125	"slidingSubsets(Features) contains (""nucleotide"", ""3"", ""propeptide"")"	Features	1	0.021068922	0.012010211	0.167420522	2	2	0.10%	4.17%	4	0.2	1992	0.00%	0.512345679	20.75	NA	NA	NA	NA	NA	NA	NA	9982	"slidingSubsets(Features) contains (""nucleotide"", ""3"", ""propeptide"")"
126	"sentimentDistribution(Post-translational modification) contains (0.0, 10.0)"	Post-translational modification	1	0.021068922	0.012010211	0.167420522	2	2	0.10%	4.17%	4	0.2	170	0.00%	0.512345679	20.75	NA	NA	NA	NA	NA	NA	NA	64	"sentimentDistribution(Post-translational modification) contains (0.0, 10.0)"
127	"slidingSubsets(Features) contains (""site"", ""sequence"")"	Features	0	0.017756366	0.011779238	0.168886763	158	0	8.13%	0.00%	158	7.93	1992	0.00%	1.024691358	0	NA	NA	NA	NA	NA	NA	NA	9982	"slidingSubsets(Features) contains (""site"", ""sequence"")"
128	The percent of F in (Sequence) < 2.056	Sequence	0	0.013692859	0.011736624	0.195648019	123	0	6.33%	0.00%	123	6.17	1992	0.00%	1.024691358	0	0	3	4	5	14	4	2	NA	The percent of F in (Sequence) < 2.056
129	"slidingSubsets(Disruption phenotype) contains (""celsius"", ""eco"")"	Disruption phenotype	1	0.019789411	0.011694035	0.168055015	10	3	0.51%	6.25%	13	0.65	995	49%	0.788224122	9.576923077	NA	NA	NA	NA	NA	NA	NA	252358	"slidingSubsets(Disruption phenotype) contains (""celsius"", ""eco"")"
130	"slidingSubsets(Tissue specificity) contains (""in"", ""body"", ""wall"", ""pharyngeal"")"	Tissue specificity	1	0.039974035	0.011605089	0.165211441	1	3	0.05%	6.25%	4	0.2	999	47%	0.25617284	31.125	NA	NA	NA	NA	NA	NA	NA	69433	"slidingSubsets(Tissue specificity) contains (""in"", ""body"", ""wall"", ""pharyngeal"")"
131	The percent of Q in (Sequence) >= 6.582	Sequence	1	0.020434079	0.01159165	0.195634065	136	10	7%	20.83%	146	7.33	1992	0.00%	0.954507018	2.842465753	0	3	4	5	20	4	2	NA	The percent of Q in (Sequence) >= 6.582
132	numberOfWords(Protein families) == 6	Protein families	0	0.013577894	0.011516059	0.168930448	122	0	6.28%	0.00%	122	6.12	959	0.00%	1.024691358	0	0	2	4	6	19	5	3	NA	numberOfWords(Protein families) == 6
133	"numericPairs(Gene ontology (GO)) contains ((""dna"", ""sequence-specific""), 978.0)"	Gene ontology (GO)	1	0.022137236	0.011419787	0.167828218	8	3	0.41%	6.25%	11	0.55	1992	1%	0.745230079	11.31818182	NA	NA	NA	NA	NA	NA	NA	47648	"numericPairs(Gene ontology (GO)) contains ((""dna"", ""sequence-specific""), 978.0)"
134	"slidingSubsets(Disruption phenotype) contains (""mediated"", ""knockdown"", ""the"")"	Disruption phenotype	1	0.026448431	0.011414375	0.168197888	72	8	3.70%	16.67%	80	4.02	995	49%	0.922222222	4.15	NA	NA	NA	NA	NA	NA	NA	252358	"slidingSubsets(Disruption phenotype) contains (""mediated"", ""knockdown"", ""the"")"
135	The percent of p in (Gene names  (primary )) >= 18.333	Gene names  (primary )	0	0.014725094	0.011385293	0.195440457	311	2	16.05%	4.17%	313	15.76	1992	75%	1.018164661	0.26433121	0	17	20	20	50	20	6	NA	The percent of p in (Gene names  (primary )) >= 18.333
136	numericPairs(Disruption phenotype) for (cell) >= 1.86440865E7	Disruption phenotype	1	0.019820905	0.011381506	0.195055887	36	4	1.85%	10.42%	41	2.06	995	96%	0.899728997	5.06097561	0	16	1.50E+07	2.11E+07	2.99E+07	1.21E+07	1.10E+07	NA	numericPairs(Disruption phenotype) for (cell) >= 1.86440865E7
137	numericPairs(Gene ontology (GO)) for (behavior) >= 60169.5	Gene ontology (GO)	1	0.020804668	0.011345282	0.195535858	34	5	1.75%	10.42%	39	1.96	1992	93%	0.893320671	5.320512821	0	6357	30536	60179	2000253	152182	463161	NA	numericPairs(Gene ontology (GO)) for (behavior) >= 60169.5
138	elementCount(Sequence) for E < 28.5	Sequence	1	0.014508996	0.011248605	0.19571064	935	32	48.10%	66.67%	967	48.54	1992	0.00%	0.990782233	1.373319545	0	18	29	50	2307	44	77	NA	elementCount(Sequence) for E < 28.5
139	"slidingSubsets(Disruption phenotype) contains (""laying"", ""and"", ""of"")"	Disruption phenotype	1	0.035143915	0.011222308	0.166039437	2	3	0.10%	6.25%	5	0.25	995	49%	0.409876543	24.9	NA	NA	NA	NA	NA	NA	NA	252358	"slidingSubsets(Disruption phenotype) contains (""laying"", ""and"", ""of"")"
140	numberOfWords(Disruption phenotype) >= 171	Disruption phenotype	1	0.023330869	0.011201413	0.168726327	81	8	4.17%	16.67%	89	4.47	995	NA	0.93258427	3.730337079	0	0	10	52	497	37	61	NA	numberOfWords(Disruption phenotype) >= 171
141	"normalizedHistogram(Sequence) contains ('W', 0.99)"	Sequence	1	0.021068922	0.011126466	0.167420522	2	2	0.10%	4.17%	4	0.2	1992	0.00%	0.512345679	20.75	NA	NA	NA	NA	NA	NA	NA	32512	"normalizedHistogram(Sequence) contains ('W', 0.99)"
142	"slidingSubsets(Tissue specificity) contains (""and"", ""not"")"	Tissue specificity	1	0.018553774	0.01112482	0.16778362	3	2	0.15%	4.17%	5	0.25	999	47%	0.614814815	16.6	NA	NA	NA	NA	NA	NA	NA	69433	"slidingSubsets(Tissue specificity) contains (""and"", ""not"")"
143	numericPairs(Gene ontology (GO)) for (dimerization) >= 12390.5	Gene ontology (GO)	1	0.021068922	0.011000297	0.195433395	2	2	0.10%	4.17%	4	0.2	1992	99%	0.512345679	20.75	0	0	981	981	140297	8849	26922	NA	numericPairs(Gene ontology (GO)) for (dimerization) >= 12390.5
144	"smallSubsets(Gene names  (primary )) contains ('g', 'd', 'l')"	Gene names  (primary )	1	0.018553774	0.010831319	0.16778362	3	2	0.15%	4.17%	5	0.25	1992	5%	0.614814815	16.6	NA	NA	NA	NA	NA	NA	NA	4608	"smallSubsets(Gene names  (primary )) contains ('g', 'd', 'l')"
145	"stemmedWords(Tissue specificity) contains ""promin"""	Tissue specificity	1	0.018553774	0.010831268	0.16778362	3	2	0.15%	4.17%	5	0.25	999	47%	0.614814815	16.6	NA	NA	NA	NA	NA	NA	NA	2137	"stemmedWords(Tissue specificity) contains ""promin"""
146	"slidingSubsets(Keywords) contains (""helix"", ""pathway"")"	Keywords	1	0.018553774	0.010831268	0.16778362	3	2	0.15%	4.17%	5	0.25	1992	0.00%	0.614814815	16.6	NA	NA	NA	NA	NA	NA	NA	22710	"slidingSubsets(Keywords) contains (""helix"", ""pathway"")"
147	"numericPairs(Gene ontology (GO)) contains ((""cell""), 16323.0)"	Gene ontology (GO)	1	0.018553774	0.010830488	0.16778362	3	2	0.15%	4.17%	5	0.25	1992	1%	0.614814815	16.6	NA	NA	NA	NA	NA	NA	NA	47648	"numericPairs(Gene ontology (GO)) contains ((""cell""), 16323.0)"
148	"slidingSubsets(Tissue specificity) contains (""in"", ""intestinal"", ""eco"")"	Tissue specificity	1	0.018553774	0.010830488	0.16778362	3	2	0.15%	4.17%	5	0.25	999	47%	0.614814815	16.6	NA	NA	NA	NA	NA	NA	NA	69433	"slidingSubsets(Tissue specificity) contains (""in"", ""intestinal"", ""eco"")"
149	"slidingSubsets(Tissue specificity) contains (""expressed"", ""neurons"")"	Tissue specificity	0	0.012889415	0.010751597	0.168937564	116	0	5.97%	0.00%	116	5.82	999	47%	1.024691358	0	NA	NA	NA	NA	NA	NA	NA	69433	"slidingSubsets(Tissue specificity) contains (""expressed"", ""neurons"")"
150	"slidingSubsets(Disruption phenotype) contains (""up"", ""of"")"	Disruption phenotype	1	0.02690415	0.010629112	0.167680835	13	4	0.67%	8.33%	17	0.85	995	49%	0.783587509	9.764705882	NA	NA	NA	NA	NA	NA	NA	252358	"slidingSubsets(Disruption phenotype) contains (""up"", ""of"")"
151	"slidingSubsets(Features) contains (""helix"", ""10"")"	Features	1	0.017856346	0.010434028	0.168220635	12	3	0.62%	6.25%	15	0.75	1992	0.00%	0.819753086	8.3	NA	NA	NA	NA	NA	NA	NA	9982	"slidingSubsets(Features) contains (""helix"", ""10"")"
152	"numericPairs(Disruption phenotype) for (knockout, with) >= 4.5"	Disruption phenotype	1	0.018779659	0.010399763	0.194563883	11	3	0.57%	6.25%	14	0.7	995	98%	0.805114638	8.892857143	0	1	2	4	2.89E+07	935372	4930518	NA	"numericPairs(Disruption phenotype) for (knockout, with) >= 4.5"
153	lastOption(Sequence) == H	Sequence	1	0.015699868	0.010392592	0.168549461	46	5	2.37%	10.42%	51	2.56	1992	0.00%	0.924231421	4.068627451	NA	NA	NA	NA	NA	NA	NA	20	lastOption(Sequence) == H
154	"slidingSubsets(Gene ontology (GO)) contains (""ii"", ""go"", ""positive"")"	Gene ontology (GO)	1	0.015629405	0.010350341	0.168494587	29	4	1.49%	8.33%	33	1.66	1992	1%	0.900486345	5.03030303	NA	NA	NA	NA	NA	NA	NA	175937	"slidingSubsets(Gene ontology (GO)) contains (""ii"", ""go"", ""positive"")"
155	"slidingSubsets(Gene ontology (GO)) contains (""positive"", ""regulation"", ""locomotion"")"	Gene ontology (GO)	1	0.025586024	0.01032588	0.16810306	40	6	2.06%	12.50%	46	2.31	1992	1%	0.891035963	5.413043478	NA	NA	NA	NA	NA	NA	NA	175937	"slidingSubsets(Gene ontology (GO)) contains (""positive"", ""regulation"", ""locomotion"")"
156	"slidingSubsets(Disruption phenotype) contains (""in"", ""animals"")"	Disruption phenotype	1	0.020804668	0.010282892	0.16828683	34	5	1.75%	10.42%	39	1.96	995	49%	0.893320671	5.320512821	NA	NA	NA	NA	NA	NA	NA	252358	"slidingSubsets(Disruption phenotype) contains (""in"", ""animals"")"
157	"slidingSubsets(Developmental stage) contains (""during"", ""embryonic"", ""expressed"")"	Developmental stage	1	0.021068922	0.010235976	0.167420522	2	2	0.10%	4.17%	4	0.2	677	65%	0.512345679	20.75	NA	NA	NA	NA	NA	NA	NA	67323	"slidingSubsets(Developmental stage) contains (""during"", ""embryonic"", ""expressed"")"
158	"slidingSubsets(Disruption phenotype) contains (""of"", ""associated"")"	Disruption phenotype	1	0.021068922	0.010235976	0.167420522	2	2	0.10%	4.17%	4	0.2	995	49%	0.512345679	20.75	NA	NA	NA	NA	NA	NA	NA	252358	"slidingSubsets(Disruption phenotype) contains (""of"", ""associated"")"
159	"slidingSubsets(Tissue specificity) contains (""including"", ""epidermal"")"	Tissue specificity	1	0.021068922	0.010226905	0.167420522	2	2	0.10%	4.17%	4	0.2	999	47%	0.512345679	20.75	NA	NA	NA	NA	NA	NA	NA	69433	"slidingSubsets(Tissue specificity) contains (""including"", ""epidermal"")"
160	"slidingSubsets(Gene ontology (GO)) contains (""binding"", ""mrna"")"	Gene ontology (GO)	1	0.030960837	0.010218531	0.167764794	31	6	1.59%	12.50%	37	1.86	1992	1%	0.858525192	6.72972973	NA	NA	NA	NA	NA	NA	NA	175937	"slidingSubsets(Gene ontology (GO)) contains (""binding"", ""mrna"")"
161	The percent of H in (Sequence) >= 4.224	Sequence	0	0.011632976	0.010161627	0.195713153	105	0	5.40%	0.00%	105	5.27	1992	2%	1.024691358	0	0	2	2	3	14	2	1	NA	The percent of H in (Sequence) >= 4.224
162	"slidingSubsets(Disruption phenotype) contains (""the"", ""larval"")"	Disruption phenotype	1	0.024320908	0.010125739	0.168294324	78	8	4.01%	16.67%	86	4.32	995	49%	0.929371232	3.860465116	NA	NA	NA	NA	NA	NA	NA	252358	"slidingSubsets(Disruption phenotype) contains (""the"", ""larval"")"
163	numericPairs(Developmental stage) for (of) >= 80.0	Developmental stage	1	0.016609527	0.010111316	0.195715715	27	4	1.39%	8.33%	31	1.56	677	95%	0.892473118	5.35483871	0	2	4	269	3.32E+07	3224928	7865228	NA	numericPairs(Developmental stage) for (of) >= 80.0
164	"slidingSubsets(Disruption phenotype) contains (""development"", ""a"")"	Disruption phenotype	1	0.023524478	0.010105904	0.167680352	7	3	0.36%	6.25%	10	0.5	995	49%	0.717283951	12.45	NA	NA	NA	NA	NA	NA	NA	252358	"slidingSubsets(Disruption phenotype) contains (""development"", ""a"")"
165	"prefixes(Sequence) contains ""MN"""	Sequence	0	0.011519122	0.01009556	0.168951661	104	0	5.35%	0.00%	104	5.22	1992	0.00%	1.024691358	0	NA	NA	NA	NA	NA	NA	NA	92809	"prefixes(Sequence) contains ""MN"""
166	"slidingSubsets(Keywords) contains (""binding"", ""protein"", ""nucleus"")"	Keywords	1	0.01767455	0.010050137	0.168377099	25	4	1.29%	8.33%	29	1.46	1992	0.00%	0.883354619	5.724137931	NA	NA	NA	NA	NA	NA	NA	22710	"slidingSubsets(Keywords) contains (""binding"", ""protein"", ""nucleus"")"
167	"numericPairs(Gene ontology (GO)) contains ((""heat""), 8340.0)"	Gene ontology (GO)	1	0.021068922	0.01001518	0.167420522	2	2	0.10%	4.17%	4	0.2	1992	1%	0.512345679	20.75	NA	NA	NA	NA	NA	NA	NA	47648	"numericPairs(Gene ontology (GO)) contains ((""heat""), 8340.0)"
168	"slidingSubsets(Developmental stage) contains (""of"", ""most"")"	Developmental stage	1	0.021068922	0.01001518	0.167420522	2	2	0.10%	4.17%	4	0.2	677	65%	0.512345679	20.75	NA	NA	NA	NA	NA	NA	NA	67323	"slidingSubsets(Developmental stage) contains (""of"", ""most"")"
169	wordFrequencies(Features) for 9 >= 0.343	Features	1	0.045777153	0.033847246	0.195709479	3	3	0.15%	8.33%	7	0.35	1992	95%	0.439153439	23.71428571	0	0.138675049	0.198029509	0.25819889	0.554700196	0.203906811	0.108286974	NA	wordFrequencies(Features) for 9 >= 0.343
170	wordCounts(Gene ontology (GO)) for of >= 2.5	Gene ontology (GO)	1	0.058939554	0.028112585	0.195459822	480	29	24.69%	60.42%	509	25.55	1992	32%	0.966310122	2.364440079	0	1	2	3	25	3	3	NA	wordCounts(Gene ontology (GO)) for of >= 2.5
171	wordFrequencies(Disruption phenotype) for knockdown >= 0.188	Disruption phenotype	1	0.037065101	0.022594788	0.195714703	163	14	8.38%	29.17%	177	8.89	995	71%	0.943642324	3.282485876	0	0.089087081	0.144337567	0.194257172	0.341635328	0.144754256	0.068324989	NA	wordFrequencies(Disruption phenotype) for knockdown >= 0.188
172	wordFrequencies(Post-translational modification) for 1 >= 0.313	Post-translational modification	1	0.029091061	0.020673934	0.196219723	4	3	0.21%	6.25%	7	0.35	170	97%	0.585537919	17.78571429	0	0.0860663	0.19738551	0.25125945	0.52223297	0.17662955	0.11564245	NA	wordFrequencies(Post-translational modification) for 1 >= 0.313
173	wordCounts(Disruption phenotype) for increased >= 2.5	Disruption phenotype	1	0.036423734	0.019759619	0.195551051	24	5	1.23%	12.50%	30	1.51	995	90%	0.819753086	8.3	0	1	1	2	7	2	1	NA	wordCounts(Disruption phenotype) for increased >= 2.5
174	wordFrequencies(Developmental stage) for pubmed >= 0.582	Developmental stage	1	0.034109445	0.018325421	0.196523918	16	4	0.82%	10.42%	21	1.05	677	66%	0.780717225	9.880952381	0	0.1961161	0.2773501	0.3535534	0.8287419	0.2874263	0.1356916	NA	wordFrequencies(Developmental stage) for pubmed >= 0.582
175	wordFrequencies(Gene ontology (GO)) for regulation >= 0.145	Gene ontology (GO)	1	0.059124049	0.018158927	0.195551802	416	27	21.40%	56.25%	443	22.24	1992	52%	0.962238386	2.529345372	0	0.089802651	0.136947759	0.191565257	0.40824829	0.148216252	0.076796364	NA	wordFrequencies(Gene ontology (GO)) for regulation >= 0.145
176	"wordFrequencies(Keywords) contains (""repressor"", 0.236)"	Keywords	1	0.031736576	0.017048903	0.16740361	3	3	0.15%	6.25%	6	0.3	1992	0.00%	0.512345679	20.75	NA	NA	NA	NA	NA	NA	NA	5667	"wordFrequencies(Keywords) contains (""repressor"", 0.236)"
177	wordFrequencies(Keywords) for glycoprotein >= 0.191	Keywords	0	0.023578631	0.016177812	0.196514475	321	0	16.51%	2.08%	322	16.16	1992	79%	1.021509087	0.128881988	0	0.188982237	0.223606798	0.267261242	0.577350269	0.236231333	0.084018463	NA	wordFrequencies(Keywords) for glycoprotein >= 0.191
178	sum(numbers(Zinc finger)) >= 1073.5	Zinc finger	1	0.025007338	0.014556691	0.16947858	76	8	3.91%	16.67%	84	4.22	174	0.00%	0.927101705	3.952380952	0	0	0	0	1.07E+08	54102	2405727	NA	sum(numbers(Zinc finger)) >= 1073.5
179	"normalizedNgramsWithoutStopwords(Disruption phenotype) contains (""result"", ""enhanc"")"	Disruption phenotype	1	0.023524478	0.014142295	0.168500466	7	3	0.36%	6.25%	10	0.5	995	49%	0.717283951	12.45	NA	NA	NA	NA	NA	NA	NA	65345	"normalizedNgramsWithoutStopwords(Disruption phenotype) contains (""result"", ""enhanc"")"
180	"extractKeys(elementCount(Sequence)) == ('S', 'M', 'V', 'D', 'P', 'Y', 'G', 'A', 'R', 'I', 'C', 'L', 'F', 'W', 'E', 'N', 'H', 'Q', 'T', 'K')"	Sequence	1	0.026928799	0.019191782	0.175635956	5	3	0.26%	6.25%	8	0.4	1992	0.00%	0.640432099	15.5625	NA	NA	NA	NA	NA	NA	NA	363	"extractKeys(elementCount(Sequence)) == ('S', 'M', 'V', 'D', 'P', 'Y', 'G', 'A', 'R', 'I', 'C', 'L', 'F', 'W', 'E', 'N', 'H', 'Q', 'T', 'K')"
181	wordFrequencies(Disruption phenotype) for small >= 0.082	Disruption phenotype	1	0.022137236	0.013546544	0.196015564	8	3	0.41%	6.25%	11	0.55	995	98%	0.745230079	11.31818182	0	0.02990743	0.056254395	0.079305159	0.288675135	0.063266587	0.059725443	NA	wordFrequencies(Disruption phenotype) for small >= 0.082
182	wordFrequencies(Features) for region >= 0.283	Features	0	0.018931809	0.013536178	0.196670727	168	0	8.64%	0.00%	168	8.43	1992	40%	1.024691358	0	0	0.164398987	0.204124145	0.25819889	0.5	0.213015263	0.069313356	NA	wordFrequencies(Features) for region >= 0.283
183	wordFrequencies(Disruption phenotype) for male >= 0.042	Disruption phenotype	1	0.029001247	0.01296541	0.19587016	33	5	1.75%	12.50%	39	2.01	995	98%	0.870987654	6.225	0	0.036226178	0.079305159	0.119522861	0.316227766	0.088566988	0.07621955	NA	wordFrequencies(Disruption phenotype) for male >= 0.042
184	wordFrequencies(Disruption phenotype) for some >= 0.072	Disruption phenotype	1	0.019789411	0.012951016	0.196066022	10	3	0.51%	6.25%	13	0.65	995	99%	0.788224122	9.576923077	0	0	0.048336824	0.09223372	0.09223372	0.055606644	0.048350204	NA	wordFrequencies(Disruption phenotype) for some >= 0.072
185	deviation(latLongs(Tissue specificity)) >= 2213.333	Tissue specificity	0	0.015772939	0.012700432	0.169473434	141	0	7.25%	0.00%	141	7.08	999	0.00%	1.024691358	0	0	0	0	0	8397	431	975	NA	deviation(latLongs(Tissue specificity)) >= 2213.333
186	wordCounts(Gene ontology (GO)) for regulation >= 3.5	Gene ontology (GO)	1	0.056435701	0.012535868	0.195161499	189	18	9.72%	37.50%	207	10.39	1992	52%	0.935587762	3.608695652	0	1	2	3	22	3	3	NA	wordCounts(Gene ontology (GO)) for regulation >= 3.5
187	wordFrequencies(Gene ontology (GO)) for activity >= 0.23	Gene ontology (GO)	0	0.019167681	0.012269646	0.196602715	170	0	8.74%	0.00%	170	8.53	1992	33%	1.024691358	0	0	0.087705802	0.128980074	0.189193508	0.534522484	0.145147727	0.079076013	NA	wordFrequencies(Gene ontology (GO)) for activity >= 0.23
188	max(numbers(Disruption phenotype)) >= 2.8131816E7	Disruption phenotype	1	0.030662863	0.012268184	0.169573285	141	12	7.25%	25%	153	7.68	995	49%	0.944323408	3.254901961	0	0	8601313	2.27E+07	3.38E+07	1.12E+07	1.18E+07	NA	max(numbers(Disruption phenotype)) >= 2.8131816E7
189	"wordFrequencies(Keywords) contains (""receptor"", 0.189)"	Keywords	1	0.021068922	0.012224619	0.168239366	2	2	0.10%	4.17%	4	0.2	1992	0.00%	0.512345679	20.75	NA	NA	NA	NA	NA	NA	NA	5667	"wordFrequencies(Keywords) contains (""receptor"", 0.189)"
190	wordFrequencies(Gene ontology (GO)) for apical >= 0.172	Gene ontology (GO)	1	0.021068922	0.012188019	0.196250927	2	1	0.10%	4.17%	4	0.2	1992	97%	0.512345679	20.75	0	0.040655781	0.062714725	0.094385836	0.25819889	0.073618638	0.057535774	NA	wordFrequencies(Gene ontology (GO)) for apical >= 0.172
191	"normalizedNgrams(Disruption phenotype) contains (""form"", ""the"")"	Disruption phenotype	1	0.021068922	0.011993292	0.167911349	2	2	0.10%	4.17%	4	0.2	995	49%	0.512345679	20.75	NA	NA	NA	NA	NA	NA	NA	74701	"normalizedNgrams(Disruption phenotype) contains (""form"", ""the"")"
192	"wordFrequencies(Keywords) contains (""binding"", 0.267)"	Keywords	1	0.01767455	0.01164566	0.169200621	25	4	1.29%	8.33%	29	1.46	1992	0.00%	0.883354619	5.724137931	NA	NA	NA	NA	NA	NA	NA	5667	"wordFrequencies(Keywords) contains (""binding"", 0.267)"
193	"wordFrequencies(Protein names) contains (""containing"", 0.378)"	Protein names	1	0.017856346	0.01160054	0.169043391	12	3	0.62%	6.25%	15	0.75	1992	0.00%	0.819753086	8.3	NA	NA	NA	NA	NA	NA	NA	9592	"wordFrequencies(Protein names) contains (""containing"", 0.378)"
194	wordFrequencies(Gene ontology (GO)) for axon >= 0.025	Gene ontology (GO)	0	0.01846085	0.011452654	0.196545305	164	0	8.44%	-1.48E-16	164	8.23	1992	92%	1.024691358	-1.80E-15	0	0.044587796	0.065094455	0.105149946	0.34299717	0.082695381	0.062598158	NA	wordFrequencies(Gene ontology (GO)) for axon >= 0.025
195	wordFrequencies(Gene ontology (GO)) for in >= 0.078	Gene ontology (GO)	0	0.013004006	0.011362237	0.196652301	116	0	6.02%	1.48E-16	116	5.87	1992	83%	1.024691358	2.52E-15	0	9.22E-04	9.22E-04	9.22E-04	9.22E-04	9.22E-04	9.22E-04	NA	wordFrequencies(Gene ontology (GO)) for in >= 0.078
196	"skipgrams(Disruption phenotype) contains (""of"", ""*"", ""1"")"	Disruption phenotype	0	0.012774885	0.011207759	0.169434024	115	0	5.92%	0.00%	115	5.77	995	49%	1.024691358	0	NA	NA	NA	NA	NA	NA	NA	34500	"skipgrams(Disruption phenotype) contains (""of"", ""*"", ""1"")"
197	"wordCounts(Disruption phenotype) contains (""canal"", 1.0)"	Disruption phenotype	1	0.039974035	0.011146112	0.165614968	1	3	0.05%	6.25%	4	0.2	995	49%	0.25617284	31.125	NA	NA	NA	NA	NA	NA	NA	7813	"wordCounts(Disruption phenotype) contains (""canal"", 1.0)"
198	wordFrequencies(Disruption phenotype) for defects >= 0.215	Disruption phenotype	1	0.021321194	0.011129187	0.196304898	32	5	1.70%	10.42%	37	1.91	995	84%	0.889863548	5.460526316	0	0.066519011	0.098058068	0.15249857	0.384900179	0.11697903	0.072538849	NA	wordFrequencies(Disruption phenotype) for defects >= 0.215
199	wordFrequencies(Gene ontology (GO)) for cycle >= 0.057	Gene ontology (GO)	0	0.013004006	0.011109954	0.196583117	117	0	6.02%	-1.48E-16	117	5.87	1992	92%	1.024691358	-2.52E-15	0	0.049446818	0.077151675	0.11250879	0.254000254	0.085315082	0.051122237	NA	wordFrequencies(Gene ontology (GO)) for cycle >= 0.057