Gene ontology (GO)	InputFunction	37286.715933
Disruption phenotype	InputFunction	25335.484051
com.sparkbeyond.runtime.feature.functions.TextFunctions.tokenizeByWordBoundary(text: com.sparkbeyond.runtime.feature.types.SemanticWrapper): Vector[String]	ReflectedMethodDef	24865.304506
com.sparkbeyond.runtime.feature.functions.TextFunctions.slidingSubsets(s: com.sparkbeyond.runtime.feature.types.SemanticWrapper): Seq[Set[String]]	ReflectedMethodDef	24853.035293
Keywords	InputFunction	22260.302031
Features	InputFunction	21659.664664
Compositional bias	InputFunction	20080.414493
Entry	InputFunction	18092.914631
Tissue specificity	InputFunction	16551.913849
com.sparkbeyond.runtime.feature.functions.TextFunctions.numericPairs(text: com.sparkbeyond.runtime.feature.types.SemanticWrapper): Vector[(Seq[String],Double)]	ReflectedMethodDef	16532.061846
com.sparkbeyond.runtime.feature.functions.TextFunctions.tokenizeByCommonDelimiters(s: com.sparkbeyond.runtime.feature.types.StringWrapper): Seq[String]	ReflectedMethodDef	12545.658712
com.sparkbeyond.runtime.feature.functions.TextFunctions.tokenize(s: com.sparkbeyond.runtime.feature.types.StringWrapper): Seq[String]	ReflectedMethodDef	12486.686728
Nucleotide binding	InputFunction	12160.456553
Developmental stage	InputFunction	12140.238252
Sequence	InputFunction	11544.242814
com.sparkbeyond.runtime.feature.functions.TextFunctions.stemmedWordsWithoutCommonTerms(text: com.sparkbeyond.runtime.feature.types.SemanticWrapper): Seq[String]	ReflectedMethodDef	11537.912559
com.sparkbeyond.runtime.feature.functions.TextFunctions.wordCounts(text: com.sparkbeyond.runtime.feature.types.Text): com.sparkbeyond.runtime.feature.types.Histogram[String]	ReflectedMethodDef	10753.239945
com.sparkbeyond.runtime.feature.functions.TextFunctions.numericPairsUSFormat(s: com.sparkbeyond.runtime.feature.types.SemanticWrapper): Vector[(Seq[String],Double)]	ReflectedMethodDef	10280.232212
DNA binding	InputFunction	10072.190801
com.sparkbeyond.runtime.feature.functions.TextFunctions.ngrams(s: com.sparkbeyond.runtime.feature.types.SemanticWrapper): List[String]	ReflectedMethodDef	9943.178907
com.sparkbeyond.runtime.feature.functions.ZeroComplexityFunctions.extractKeys[A,B](pairs: TraversableOnce[(A, B)]): Vector[A]	ReflectedMethodDef	8965.522811
com.sparkbeyond.runtime.feature.functions.TextFunctions.wordFrequencies(text: com.sparkbeyond.runtime.feature.types.SemanticWrapper): scala.collection.mutable.HashMap[String,Double]	ReflectedMethodDef	8921.267706
Protein families	InputFunction	8355.962814
Mass	InputFunction	7240.182205
Length	InputFunction	6690.661571
Repeat	InputFunction	6664.766806
com.sparkbeyond.runtime.feature.functions.TextFunctions.skipgrams(s: com.sparkbeyond.runtime.feature.types.SemanticWrapper): Vector[Vector[String]]	ReflectedMethodDef	6623.252466
Post-translational modification	InputFunction	6149.755629
com.sparkbeyond.runtime.feature.functions.TextFunctions.numbers(s: com.sparkbeyond.runtime.feature.types.SemanticWrapper): Seq[Double]	ReflectedMethodDef	6093.421296
com.sparkbeyond.runtime.feature.functions.TextFunctions.normalizedNgrams(s: com.sparkbeyond.runtime.feature.types.SemanticWrapper): List[Seq[String]]	ReflectedMethodDef	6037.566237
com.sparkbeyond.runtime.feature.functions.TextFunctions.skipgramsAndBiGrams(s: com.sparkbeyond.runtime.feature.types.SemanticWrapper): Seq[Seq[String]]	ReflectedMethodDef	5830.278904
com.sparkbeyond.runtime.feature.functions.HistogramFunctions.elementCount[A](it: scala.collection.GenTraversableOnce[A]): com.sparkbeyond.runtime.feature.types.Histogram[A]	ReflectedMethodDef	5773.030072
com.sparkbeyond.runtime.feature.functions.TextFunctions.stemmedWords(text: com.sparkbeyond.runtime.feature.types.SemanticWrapper): Seq[String]	ReflectedMethodDef	5532.62157
com.sparkbeyond.runtime.feature.functions.TextFunctions.sentimentDistribution(text: com.sparkbeyond.runtime.feature.types.SemanticWrapper): com.sparkbeyond.runtime.feature.types.Histogram[Double]	ReflectedMethodDef	4968.519897
com.sparkbeyond.runtime.feature.functions.TextFunctions.normalizedNgramsWithoutStopwords(s: com.sparkbeyond.runtime.feature.types.SemanticWrapper): List[Seq[String]]	ReflectedMethodDef	4661.908217
com.sparkbeyond.runtime.feature.functions.SpecialFunctions.smallSubsets[T](i: scala.collection.GenTraversableOnce[T]): scala.collection.immutable.Seq[List[T]]	ReflectedMethodDef	4074.259231
com.sparkbeyond.runtime.feature.functions.SpecialFunctions.normalizedHistogram[T](values: scala.collection.GenTraversableOnce[T]): scala.collection.immutable.Map[T,Double]	ReflectedMethodDef	3888.410052
Zinc finger	InputFunction	3829.926679
com.sparkbeyond.runtime.feature.functions.TextFunctions.numbersUSFormat(s: com.sparkbeyond.runtime.feature.types.SemanticWrapper): Seq[Double]	ReflectedMethodDef	3591.463978
scala.math.sqrt(x: Double): Double	ReflectedMethodDef	3031.477142
Pathway	InputFunction	3006.887122
com.sparkbeyond.runtime.feature.functions.TextFunctions.prefixes(s: String): scala.collection.immutable.IndexedSeq[String]	ReflectedMethodDef	3001.787488
scala.math.log10(x: Double): Double	ReflectedMethodDef	2990.57676
com.sparkbeyond.runtime.feature.functions.TextFunctions.tokenizeByPunctuation(s: com.sparkbeyond.runtime.feature.types.SemanticWrapper): Seq[String]	ReflectedMethodDef	2202.534485
com.sparkbeyond.runtime.feature.functions.TextFunctions.alphaStringBeforeNumber(s: com.sparkbeyond.runtime.feature.types.SemanticWrapper): String	ReflectedMethodDef	1971.18925
com.sparkbeyond.runtime.feature.functions.SpecialFunctions.splitDigitsAndLetters(s: String): List[String]	ReflectedMethodDef	1866.913637
com.sparkbeyond.runtime.feature.functions.TextFunctions.numberIn(s: com.sparkbeyond.runtime.feature.types.SemanticWrapper): Double	ReflectedMethodDef	1798.295891
com.sparkbeyond.runtime.feature.functions.TextFunctions.numbersWithSuffix(text: com.sparkbeyond.runtime.feature.types.SemanticWrapper): Seq[(String,Double)]	ReflectedMethodDef	1750.492609
com.sparkbeyond.runtime.feature.functions.TextFunctions.numberOfChars(s: com.sparkbeyond.runtime.feature.types.SemanticWrapper): Int	ReflectedMethodDef	1711.112543
com.sparkbeyond.runtime.feature.functions.TextFunctions.numberOfWords(s: com.sparkbeyond.runtime.feature.types.SemanticWrapper): Int	ReflectedMethodDef	1689.041286
com.sparkbeyond.runtime.feature.functions.SpecialFunctions.histogram[T](values: scala.collection.GenTraversableOnce[T]): scala.collection.immutable.Map[T,Double]	ReflectedMethodDef	1653.448979
com.sparkbeyond.runtime.feature.functions.HasLatLongsFunctions.latLongs(source: com.sparkbeyond.runtime.feature.types.HasLatLongs): Seq[com.sparkbeyond.runtime.feature.types.LatLong]	ReflectedMethodDef	1632.51956
scala.math.log1p(x: Double): Double	ReflectedMethodDef	1608.60325
com.sparkbeyond.runtime.feature.functions.SpecialFunctions.inverse(num: Double): Double	ReflectedMethodDef	1596.980344
com.sparkbeyond.runtime.feature.functions.Statistics.size[T](i: scala.collection.GenTraversableOnce[T]): Int	ReflectedMethodDef	1561.70672
scala.collection.SeqLike.indices: scala.collection.immutable.Range	ReflectedMethodDef	1387.568708
com.sparkbeyond.runtime.feature.functions.ImplicitFreeExtensionsChar.max[T](i: Seq[Char]): Char	ReflectedMethodDef	1232.40683
scala.collection.TraversableOnce.toSeq: Seq[A]	ReflectedMethodDef	966.499726
com.sparkbeyond.runtime.feature.functions.TextFunctions.adjectivesHistogram(s: com.sparkbeyond.runtime.feature.types.SemanticWrapper): com.sparkbeyond.runtime.feature.types.Histogram[String]	ReflectedMethodDef	863.315701
com.sparkbeyond.runtime.feature.functions.ImplicitFreeExtensionsDouble.max(i: Seq[Double]): Double	ReflectedMethodDef	772.269074
com.sparkbeyond.runtime.feature.functions.Statistics.average(i: scala.collection.GenTraversableOnce[Double]): Double	ReflectedMethodDef	732.338812
com.sparkbeyond.runtime.feature.functions.SpecialFunctions.tokenizeCamel(x: String): Seq[String]	ReflectedMethodDef	600.566037
com.sparkbeyond.runtime.feature.functions.ImplicitFreeExtensionsDouble.min(i: Seq[Double]): Double	ReflectedMethodDef	559.578495
scala.collection.GenTraversableLike.tail: Repr	ReflectedMethodDef	545.231478
com.sparkbeyond.runtime.feature.functions.ImplicitFreeExtensionsDouble.sum(i: scala.collection.GenTraversableOnce[Double]): Double	ReflectedMethodDef	510.015583
com.sparkbeyond.runtime.feature.functions.ZeroComplexityFunctions.isNaN(d: Double): Boolean	ReflectedMethodDef	462.898633
com.sparkbeyond.runtime.feature.functions.TextFunctions.numberInUSFormat(s: com.sparkbeyond.runtime.feature.types.SemanticWrapper): Double	ReflectedMethodDef	435.187407
com.sparkbeyond.runtime.feature.functions.TextFunctions.countAbstractions(s: com.sparkbeyond.runtime.feature.types.SemanticWrapper): Vector[(String,Double)]	ReflectedMethodDef	357.735828
com.sparkbeyond.runtime.feature.functions.SpecialFunctions.normalizedNgrams(s: String): List[Seq[String]]	ReflectedMethodDef	261.873636
com.sparkbeyond.runtime.feature.functions.TextFunctions.textSentimentScore(text: com.sparkbeyond.runtime.feature.types.SemanticWrapper): Double	ReflectedMethodDef	258.576613
com.sparkbeyond.runtime.feature.functions.Statistics.cardinality[T](i: scala.collection.GenTraversableOnce[T]): Int	ReflectedMethodDef	224.715827
com.sparkbeyond.runtime.feature.functions.SpecialFunctions.squared(num: Double): Double	ReflectedMethodDef	222.331462
com.sparkbeyond.runtime.feature.functions.SpecialFunctions.tokenizeByCommonDelimiters(s: String): Seq[String]	ReflectedMethodDef	218.048866
com.sparkbeyond.runtime.feature.functions.GeoFunctions.deviation(coords: scala.collection.GenTraversableOnce[com.sparkbeyond.runtime.feature.types.LatLong]): Double	ReflectedMethodDef	212.248682
com.sparkbeyond.runtime.feature.functions.GeoFunctions.centroid(i: scala.collection.GenTraversableOnce[com.sparkbeyond.runtime.feature.types.LatLong]): com.sparkbeyond.runtime.feature.types.LatLong	ReflectedMethodDef	201.477939
com.sparkbeyond.runtime.feature.functions.UnIndexedFunctions.traversableOnceToVector[T](t: scala.collection.GenTraversableOnce[T]): Seq[T]	ReflectedMethodDef	181.536814
scala.collection.immutable.StringLike.linesWithSeparators: Iterator[String]	ReflectedMethodDef	181.536814
com.sparkbeyond.runtime.feature.functions.SpecialFunctions.reluHalf(num: Double): Double	ReflectedMethodDef	177.844747
scala.math.cbrt(x: Double): Double	ReflectedMethodDef	175.335135
com.sparkbeyond.runtime.feature.functions.TextFunctions.create(string: String): com.sparkbeyond.runtime.feature.types.Text	ReflectedMethodDef	174.406122
com.sparkbeyond.runtime.feature.functions.SpecialFunctions.normalizedNgramsWithoutStopwords(s: String): List[Seq[String]]	ReflectedMethodDef	157.655838
com.sparkbeyond.runtime.feature.functions.SpecialFunctions.arithmeticNot(num: Double): Double	ReflectedMethodDef	157.325695
com.sparkbeyond.runtime.feature.functions.SpecialFunctions.tokenizeBySpace(s: String): Seq[String]	ReflectedMethodDef	153.178798
com.sparkbeyond.runtime.feature.functions.SpecialFunctions.cubed(num: Double): Double	ReflectedMethodDef	148.469036
com.sparkbeyond.runtime.feature.functions.SpecialFunctions.relu(num: Double): Double	ReflectedMethodDef	143.836904
com.sparkbeyond.runtime.feature.types.Zipcode.apply(string: String): com.sparkbeyond.runtime.feature.types.Zipcode	ReflectedMethodDef	143.470366
scala.math.abs(x: Double): Double	ReflectedMethodDef	137.095449
com.sparkbeyond.runtime.feature.functions.ImplicitFreeExtensionsInt.sum(i: scala.collection.GenTraversableOnce[Int]): Int	ReflectedMethodDef	136.942528
com.sparkbeyond.runtime.feature.functions.SpecialFunctions.roundToInt(num: Double): Int	ReflectedMethodDef	135.681576
com.sparkbeyond.runtime.feature.functions.SpecialFunctions.ngrams2(s: String): List[String]	ReflectedMethodDef	130.627924
scala.collection.GenTraversableOnce.size: Int	ReflectedMethodDef	120.736875
com.sparkbeyond.runtime.feature.functions.ImplicitFreeExtensionsChar.min[T](i: Seq[Char]): Char	ReflectedMethodDef	117.026983
com.sparkbeyond.runtime.feature.functions.TextFunctions.fractions(text: com.sparkbeyond.runtime.feature.types.SemanticWrapper): Vector[Double]	ReflectedMethodDef	113.033178
com.sparkbeyond.runtime.feature.functions.SpecialFunctions.numberIn(s: String): Double	ReflectedMethodDef	112.718311
scala.math.log(x: Double): Double	ReflectedMethodDef	106.334043
java.lang.String.trim(): java.lang.String	ReflectedMethodDef	101.170335
scala.collection.GenSeqLike.distinct: Repr	ReflectedMethodDef	94.588458
Gene encoded by	InputFunction	93.586611
com.sparkbeyond.runtime.feature.functions.SpecialFunctions.stringElementsExtractor(s: String): String	ReflectedMethodDef	90.830478
java.lang.String.toLowerCase(): java.lang.String	ReflectedMethodDef	82.460848
RNA editing	InputFunction	72.759754
com.sparkbeyond.runtime.feature.functions.SpecialFunctions.numericSuffix(s: String): Double	ReflectedMethodDef	69.438745
scala.math.expm1(x: Double): Double	ReflectedMethodDef	69.054355
scala.math.exp(x: Double): Double	ReflectedMethodDef	67.952938
scala.math.abs(x: Int): Int	ReflectedMethodDef	67.115893
Non-standard residue	InputFunction	65.966279
scala.collection.GenTraversableLike.last: A	ReflectedMethodDef	64.868896
com.sparkbeyond.runtime.feature.functions.Statistics.percentUnique[T](i: scala.collection.GenTraversableOnce[T]): Double	ReflectedMethodDef	59.022225
com.sparkbeyond.runtime.feature.functions.ImplicitFreeExtensionsString.sorted(i: String): String	ReflectedMethodDef	54.340406
scala.Int.toDouble: Double	ReflectedMethodDef	46.020938
scala.collection.GenSeqLike.reverse: Repr	ReflectedMethodDef	45.274465
scala.collection.GenTraversableLike.lastOption: Option[A]	ReflectedMethodDef	45.157897
scala.collection.immutable.StringLike.capitalize: String	ReflectedMethodDef	45.009842
com.sparkbeyond.runtime.feature.functions.Statistics.averageInt(i: scala.collection.GenTraversableOnce[Int]): Double	ReflectedMethodDef	44.622449
scala.collection.GenTraversableLike.head: A	ReflectedMethodDef	42.431218
com.sparkbeyond.runtime.feature.functions.Statistics.mostCommonValue[T](i: scala.collection.GenTraversableOnce[T]): Option[T]	ReflectedMethodDef	36.802922
com.sparkbeyond.runtime.feature.functions.SpecialFunctions.evenness(n: Int): Int	ReflectedMethodDef	34.11677
com.sparkbeyond.runtime.feature.functions.SpecialFunctions.tokenizeByCommonDelimitersAndNormalize(s: String): Seq[String]	ReflectedMethodDef	32.423619
scala.collection.GenTraversableLike.headOption: Option[A]	ReflectedMethodDef	24.619378
pH dependence	InputFunction	6.176281
Temperature dependence	InputFunction	1.733714
com.sparkbeyond.runtime.feature.functions.SpecialFunctions.numericPrefix(s: String): Double	ReflectedMethodDef	1.306283
com.sparkbeyond.runtime.feature.functions.SpecialFunctions.fractions(s: String): Vector[Double]	ReflectedMethodDef	0.230875