idx	feature	Input names	Dominant bool_mir_target	RIG	Score	lin. score	Support 0	Support 1	% support 0	% support 1	support	% support	input cardinality	cost	invocation time	% Missing	Lift 0	Lift 1	Min	25th Percentile	Median	75th Percentile	Max	Mean	SD	Estimated Total Values	Summary is Sampled	numericFeatureName	booleanFeatureName
0	Gene ontology (GO) == "zinc ion binding [GO:0008270]"	Gene ontology (GO)	1	0.11148884303227284	0.11128942043388257	0.07905111898135721	1.0	5.0	0.0192%	14.71%	6	0.11      	3227	1.0	0	10%	0.16775620073062872	128.30882352941177	NA	NA	NA	NA	NA	NA	NA	3227.0	false	Gene ontology (GO) == "zinc ion binding [GO:0008270]"	Gene ontology (GO) == "zinc ion binding [GO:0008270]"
1	Keywords == "Proteomics identification. Reference proteome. Repeat. WD repeat"	Keywords	1	0.03917911035963027	0.03910725558416108	0.08358413344366948	11.0	3.0	0.21%	8.82%	14	0.27      	2161	1.0	0	0.0%	0.7908506605872497	32.9936974789916	NA	NA	NA	NA	NA	NA	NA	2161.0	false	Keywords == "Proteomics identification. Reference proteome. Repeat. WD repeat"	Keywords == "Proteomics identification. Reference proteome. Repeat. WD repeat"
2	Length inRange (960 to 1,009)	Length	1	0.06135454354734053	0.03124662390166254	0.09761780675154834	74.0	7.0	1.42%	20.59%	81	1.55      	1544	1.0	0	NA	0.9195525077086315	13.306100217864923	19.0	303.0	486.0	798.0	18562.0	687.0	817.0	NA	false	|Length - 984.5|	Length inRange (960 to 1,009)
3	nonEmpty(Repeat)	Repeat	1	0.054675865347687244	0.028651067394229332	0.08397150613598593	238.0	10.0	4.58%	29.41%	248	4.74      	229	1.0	0	95%	0.9659510267876525	6.20849146110057	NA	NA	NA	NA	NA	NA	NA	229.0	false	nonEmpty(Repeat)	nonEmpty(Repeat)
4	nonEmpty(DNA binding)	DNA binding	1	0.015898638092720928	0.01586937473141678	0.08424612532606503	126.0	4.0	2.42%	11.76%	130	2.48      	121	1.0	0	98%	0.9755668288642717	4.737556561085974	NA	NA	NA	NA	NA	NA	NA	121.0	false	nonEmpty(DNA binding)	nonEmpty(DNA binding)
5	Keywords == "Coiled coil. Metal-binding. Proteomics identification. Reference proteome. Repeat. Zinc. Zinc-finger"	Keywords	1	0.09892170272875396	0.013235843451857429	0.08042663267030825	3.0	5.0	0.0577%	14.71%	8	0.15      	2161	1.0	0	0.0%	0.37745145164391464	96.23161764705883	NA	NA	NA	NA	NA	NA	NA	2161.0	false	Keywords == "Coiled coil. Metal-binding. Proteomics identification. Reference proteome. Repeat. Zinc. Zinc-finger"	Keywords == "Coiled coil. Metal-binding. Proteomics identification. Reference proteome. Repeat. Zinc. Zinc-finger"
6	Mass inRange (104,180.5 to 104,639.5)	Mass	1	0.044744417243269344	0.013048015132410605	0.0976197738369503	7.0	3.0	0.13%	8.82%	10	0.19      	5235	1.0	0	0.0%	0.7045760430686406	46.19117647058824	2057.0	33797.0	54770.0	89621.0	2056723.0	76953.0	90738.0	NA	false	|Mass - 104,410|	Mass inRange (104,180.5 to 104,639.5)
7	nonEmpty(Zinc finger)	Zinc finger	1	0.0140622515301853	0.012950097634798742	0.08426228972619063	142.0	4.0	2.73%	11.76%	146	2.79      	142	1.0	0	97%	0.9789608426198334	4.218372280419017	NA	NA	NA	NA	NA	NA	NA	142.0	false	nonEmpty(Zinc finger)	nonEmpty(Zinc finger)
8	Features == "Compositional bias (13).  Domain (1).  Region (5)"	Features	1	0.011600855152196873	0.011579513329418683	0.08415163641555902	5.0	1.0	0.0961%	2.94%	6	0.11      	2469	1.0	0	5%	0.8387810036531437	25.66176470588235	NA	NA	NA	NA	NA	NA	NA	2469.0	false	Features == "Compositional bias (13).  Domain (1).  Region (5)"	Features == "Compositional bias (13).  Domain (1).  Region (5)"
9	Gene ontology (GO) contains "of transcription by"	Gene ontology (GO)	1	0.10071101869520076	0.08554972745794477	0.08401922554378244	292.0	15.0	5.61%	44.12%	307	5.86      	3227	1.1	13	10%	0.9573578621500375	7.522992910519257	NA	NA	NA	NA	NA	NA	NA	43260.0	false	Gene ontology (GO) contains "of transcription by"	Gene ontology (GO) contains "of transcription by"
10	Gene ontology (GO) contains "0040034"	Gene ontology (GO)	1	0.07649628425281246	0.06054204887477767	0.08260774937584218	11.0	5.0	0.21%	14.71%	16	0.31      	3227	1.04	15	10%	0.6919943280138435	48.11580882352941	NA	NA	NA	NA	NA	NA	NA	7074.0	false	Gene ontology (GO) contains "0040034"	Gene ontology (GO) contains "0040034"
11	Gene ontology (GO) contains "dimerization"	Gene ontology (GO)	1	0.06030636660170244	0.05194379014044111	0.08349876680070015	24.0	5.0	0.46%	14.71%	29	0.55      	3227	1.04	15	10%	0.8329963070762254	26.54665314401623	NA	NA	NA	NA	NA	NA	NA	7074.0	false	Gene ontology (GO) contains "dimerization"	Gene ontology (GO) contains "dimerization"
12	Gene ontology (GO) contains "0017148]."	Gene ontology (GO)	1	0.058849880573221894	0.045661956783595394	0.0833724473232954	10.0	4.0	0.19%	11.76%	14	0.27      	3227	1.1	13	10%	0.7189551459884088	43.991596638655466	NA	NA	NA	NA	NA	NA	NA	43260.0	false	Gene ontology (GO) contains "0017148]."	Gene ontology (GO) contains "0017148]."
13	Gene ontology (GO) contains "0043044"	Gene ontology (GO)	1	0.06238933614076926	0.04337971682358166	0.08288624548387327	8.0	4.0	0.15%	11.76%	12	0.23      	3227	1.04	15	10%	0.6710248029225149	51.3235294117647	NA	NA	NA	NA	NA	NA	NA	7074.0	false	Gene ontology (GO) contains "0043044"	Gene ontology (GO) contains "0043044"
14	Keywords contains "binding"	Keywords	1	0.07503009254821773	0.03958952507928544	0.08422098342258603	1431.0	25.0	27.51%	73.53%	1456	27.81     	2161	1.04	6	0.0%	0.9892546287590509	2.6437257595345836	NA	NA	NA	NA	NA	NA	NA	429.0	false	Keywords contains "binding"	Keywords contains "binding"
15	Developmental stage contains "regulated"	Developmental stage	1	0.044744417243269344	0.03388147037945532	0.08342237692428432	7.0	3.0	0.13%	8.82%	10	0.19      	540	1.04	11	89%	0.7045760430686406	46.19117647058824	NA	NA	NA	NA	NA	NA	NA	1774.0	false	Developmental stage contains "regulated"	Developmental stage contains "regulated"
16	Gene ontology (GO) contains "[go:0010629]."	Gene ontology (GO)	1	0.05942817246977202	0.03313588434160016	0.08377999978714884	25.0	5.0	0.48%	14.71%	30	0.57      	3227	1.1	6	10%	0.8387810036531437	25.66176470588235	NA	NA	NA	NA	NA	NA	NA	8376.0	false	Gene ontology (GO) contains "[go:0010629]."	Gene ontology (GO) contains "[go:0010629]."
17	Disruption phenotype contains "tail tip"	Disruption phenotype	1	0.06675970806480858	0.032733074627491324	0.08278752268301376	6.0	4.0	0.12%	11.76%	10	0.19      	797	1.1	18	85%	0.6039223226302634	61.58823529411765	NA	NA	NA	NA	NA	NA	NA	62574.0	false	Disruption phenotype contains "tail tip"	Disruption phenotype contains "tail tip"
18	Repeat contains "pru00504\"."	Repeat	1	0.13607984694424302	0.031793673915456705	0.07813491797997929	1.0	6.0	0.0192%	17.65%	7	0.13      	229	1.1	31	95%	0.14379102919768175	131.9747899159664	NA	NA	NA	NA	NA	NA	NA	10449.0	false	Repeat contains "pru00504\"."	Repeat contains "pru00504\"."
19	Gene ontology (GO) contains "0006364"	Gene ontology (GO)	1	0.03917911035963027	0.030856150905996516	0.0837474160672713	11.0	3.0	0.21%	8.82%	14	0.27      	3227	1.04	15	10%	0.7908506605872497	32.9936974789916	NA	NA	NA	NA	NA	NA	NA	7074.0	false	Gene ontology (GO) contains "0006364"	Gene ontology (GO) contains "0006364"
20	Gene ontology (GO) contains "snorna"	Gene ontology (GO)	1	0.046567887903173094	0.030720029951067	0.08329560539242148	6.0	3.0	0.12%	8.82%	9	0.17      	3227	1.04	15	10%	0.6710248029225149	51.3235294117647	NA	NA	NA	NA	NA	NA	NA	7074.0	false	Gene ontology (GO) contains "snorna"	Gene ontology (GO) contains "snorna"
21	Gene ontology (GO) contains "specification"	Gene ontology (GO)	1	0.07072883400702105	0.027884326074162365	0.0840959456500358	121.0	9.0	2.33%	26.47%	130	2.48      	3227	1.1	6	10%	0.9368538594648959	10.65950226244344	NA	NA	NA	NA	NA	NA	NA	8376.0	false	Gene ontology (GO) contains "specification"	Gene ontology (GO) contains "specification"
22	Keywords contains "protein. metal"	Keywords	1	0.05587599487156243	0.02675222838719831	0.08355436494195526	12.0	4.0	0.23%	11.76%	16	0.31      	2161	1.1	4	0.0%	0.7549029032878293	38.49264705882353	NA	NA	NA	NA	NA	NA	NA	3224.0	false	Keywords contains "protein. metal"	Keywords contains "protein. metal"
23	Features does not contain "."	Features	0	0.037318071182962494	0.02657724845326757	0.08468707432744627	1052.0	0.0	20.23%	0.0%	1052	20.10     	2469	1.1	6	5%	1.0065372043837724	0.0	NA	NA	NA	NA	NA	NA	NA	790.0	false	Features does not contain "."	Features does not contain "."
24	Keywords contains "repeat. zinc"	Keywords	1	0.09871148599681516	0.025659913005986475	0.08310886155137306	38.0	8.0	0.73%	23.53%	46	0.88      	2161	1.1	4	0.0%	0.8314872557952903	26.77749360613811	NA	NA	NA	NA	NA	NA	NA	3224.0	false	Keywords contains "repeat. zinc"	Keywords contains "repeat. zinc"
25	Gene ontology (GO) contains "binding"	Gene ontology (GO)	1	0.06857698593892826	0.02473043780774684	0.0845593169811961	2534.0	31.0	48.72%	91.18%	2565	49.00     	3227	1.1	6	10%	0.9943724272547677	1.8608531131750947	NA	NA	NA	NA	NA	NA	NA	8376.0	false	Gene ontology (GO) contains "binding"	Gene ontology (GO) contains "binding"
26	Keywords contains "phosphoprotein. proteomics"	Keywords	1	0.03200815473262941	0.024141721338899833	0.08442930806467086	48.0	4.0	0.92%	11.76%	52	0.99      	2161	1.1	4	0.0%	0.9291112655850207	11.843891402714933	NA	NA	NA	NA	NA	NA	NA	3224.0	false	Keywords contains "phosphoprotein. proteomics"	Keywords contains "phosphoprotein. proteomics"
27	Features contains "(1)"	Features	0	0.034006828553225794	0.02106700330727214	0.08465342263237657	2515.0	6.0	48.36%	17.65%	2521	48.16     	2469	1.1	2	5%	1.004141637852117	0.3664512215040717	NA	NA	NA	NA	NA	NA	NA	139.0	false	Features contains "(1)"	Features contains "(1)"
28	Features contains "helix (10"	Features	1	0.033082415021822575	0.0209038719362494	0.08377887684712869	3.0	2.0	0.0577%	5.88%	5	0.10      	2469	1.1	6	5%	0.6039223226302634	61.58823529411765	NA	NA	NA	NA	NA	NA	NA	790.0	false	Features contains "helix (10"	Features contains "helix (10"
29	Keywords contains "developmental"	Keywords	1	0.054323280697241405	0.02028045969871288	0.08413954026521211	240.0	10.0	4.61%	29.41%	250	4.78      	2161	1.04	6	0.0%	0.9662757162084215	6.158823529411765	NA	NA	NA	NA	NA	NA	NA	429.0	false	Keywords contains "developmental"	Keywords contains "developmental"
30	Keywords contains "zinc-finger"	Keywords	1	0.06812751840588475	0.020248178155635628	0.08429309492921504	281.0	12.0	5.4%	35.29%	293	5.60      	2161	1.1	4	0.0%	0.965313837651331	6.305962658100783	NA	NA	NA	NA	NA	NA	NA	494.0	false	Keywords contains "zinc-finger"	Keywords contains "zinc-finger"
31	Features contains "repeat (7"	Features	1	0.05106161600133286	0.020191651056012748	0.08380833573607119	16.0	4.0	0.31%	11.76%	20	0.38      	2469	1.1	6	5%	0.8052297635070179	30.794117647058826	NA	NA	NA	NA	NA	NA	NA	790.0	false	Features contains "repeat (7"	Features contains "repeat (7"
32	Tissue specificity contains "associated"	Tissue specificity	1	0.03089907488739565	0.019702848404843588	0.08370249701312622	4.0	2.0	0.0769%	5.88%	6	0.11      	775	1.04	15	85%	0.6710248029225149	51.3235294117647	NA	NA	NA	NA	NA	NA	NA	2013.0	false	Tissue specificity contains "associated"	Tissue specificity contains "associated"
33	Gene ontology (GO) contains "of left/right"	Gene ontology (GO)	1	0.026366300437397856	0.01956813994371108	0.08422875524830505	7.0	2.0	0.13%	5.88%	9	0.17      	3227	1.1	13	10%	0.7828622700762674	34.21568627450981	NA	NA	NA	NA	NA	NA	NA	43260.0	false	Gene ontology (GO) contains "of left/right"	Gene ontology (GO) contains "of left/right"
34	Gene ontology (GO) contains "neuron development"	Gene ontology (GO)	1	0.0370575733797972	0.01948010887056524	0.0840945181251672	13.0	3.0	0.25%	8.82%	16	0.31      	3227	1.1	13	10%	0.817811478561815	28.86948529411765	NA	NA	NA	NA	NA	NA	NA	43260.0	false	Gene ontology (GO) contains "neuron development"	Gene ontology (GO) contains "neuron development"
35	Gene ontology (GO) contains "development involved in"	Gene ontology (GO)	1	0.021072882967462802	0.01894677378975832	0.08445260653805622	13.0	2.0	0.25%	5.88%	15	0.29      	3227	1.1	13	10%	0.8723322437992694	20.529411764705884	NA	NA	NA	NA	NA	NA	NA	43260.0	false	Gene ontology (GO) contains "development involved in"	Gene ontology (GO) contains "development involved in"
36	Tissue specificity contains "l1 stage"	Tissue specificity	1	0.03089907488739565	0.018700523442719746	0.083947887531432	4.0	2.0	0.0769%	5.88%	6	0.11      	775	1.1	130	85%	0.6710248029225149	51.3235294117647	NA	NA	NA	NA	NA	NA	NA	19949.0	false	Tissue specificity contains "l1 stage"	Tissue specificity contains "l1 stage"
37	Gene ontology (GO) contains "[go:0045893]."	Gene ontology (GO)	1	0.04905577988863515	0.01840958367223035	0.08390047518943844	18.0	4.0	0.35%	11.76%	22	0.42      	3227	1.1	6	10%	0.8235304399503592	27.994652406417114	NA	NA	NA	NA	NA	NA	NA	8376.0	false	Gene ontology (GO) contains "[go:0045893]."	Gene ontology (GO) contains "[go:0045893]."
38	Gene ontology (GO) contains "sensory organ"	Gene ontology (GO)	1	0.027646080771774523	0.018183700634012926	0.08415863805095648	6.0	2.0	0.12%	5.88%	8	0.15      	3227	1.1	13	10%	0.7549029032878293	38.49264705882353	NA	NA	NA	NA	NA	NA	NA	43260.0	false	Gene ontology (GO) contains "sensory organ"	Gene ontology (GO) contains "sensory organ"
39	Gene ontology (GO) contains "memory"	Gene ontology (GO)	1	0.020429145363268283	0.017556902001188174	0.08422661437538727	14.0	2.0	0.27%	5.88%	16	0.31      	3227	1.04	15	10%	0.8807200538358008	19.246323529411764	NA	NA	NA	NA	NA	NA	NA	7074.0	false	Gene ontology (GO) contains "memory"	Gene ontology (GO) contains "memory"
40	Gene ontology (GO) contains "gonad"	Gene ontology (GO)	1	0.02903423165349272	0.01662325839081225	0.08423911978727068	57.0	4.0	1.1%	11.76%	61	1.17      	3227	1.04	15	10%	0.9405347647520496	10.096432015429123	NA	NA	NA	NA	NA	NA	NA	7074.0	false	Gene ontology (GO) contains "gonad"	Gene ontology (GO) contains "gonad"
41	Compositional bias contains "compbias 74."	Compositional bias	1	0.026366300437397856	0.0165126288158132	0.08422875524830505	7.0	2.0	0.13%	5.88%	9	0.17      	2243	1.1	15	55%	0.7828622700762674	34.21568627450981	NA	NA	NA	NA	NA	NA	NA	21971.0	false	Compositional bias contains "compbias 74."	Compositional bias contains "compbias 74."
42	Nucleotide binding contains "/evidence=\"eco:0000255|prosite-prorule:pru00541\""	Nucleotide binding	1	0.026366300437397856	0.0165126288158132	0.08422875524830505	7.0	2.0	0.13%	5.88%	9	0.17      	272	1.1	2	94%	0.7828622700762674	34.21568627450981	NA	NA	NA	NA	NA	NA	NA	567.0	false	Nucleotide binding contains "/evidence=\"eco:0000255|prosite-prorule:pru00541\""	Nucleotide binding contains "/evidence=\"eco:0000255|prosite-prorule:pru00541\""
43	Gene ontology (GO) contains "0005654"	Gene ontology (GO)	1	0.021213314827487277	0.01536342473546039	0.08431377557219297	44.0	3.0	0.85%	8.82%	47	0.90      	3227	1.04	15	10%	0.9422901487848082	9.8279098873592	NA	NA	NA	NA	NA	NA	NA	7074.0	false	Gene ontology (GO) contains "0005654"	Gene ontology (GO) contains "0005654"
44	Disruption phenotype contains "defects of"	Disruption phenotype	1	0.033082415021822575	0.015142521501148653	0.08377887684712869	3.0	2.0	0.0577%	5.88%	5	0.10      	797	1.1	18	85%	0.6039223226302634	61.58823529411765	NA	NA	NA	NA	NA	NA	NA	62574.0	false	Disruption phenotype contains "defects of"	Disruption phenotype contains "defects of"
45	Gene ontology (GO) contains "negative regulation of"	Gene ontology (GO)	1	0.045514163974647436	0.014905241343237674	0.08449517125556294	367.0	11.0	7.06%	32.35%	378	7.22      	3227	1.1	13	10%	0.9772464391768372	4.48062558356676	NA	NA	NA	NA	NA	NA	NA	43260.0	false	Gene ontology (GO) contains "negative regulation of"	Gene ontology (GO) contains "negative regulation of"
46	Keywords contains "proteome. repeat"	Keywords	1	0.058880636768375946	0.014711995894674104	0.08443153677566863	482.0	14.0	9.27%	41.18%	496	9.47      	2161	1.1	4	0.0%	0.9781268800664885	4.345944022770398	NA	NA	NA	NA	NA	NA	NA	3224.0	false	Keywords contains "proteome. repeat"	Keywords contains "proteome. repeat"
47	Features contains "5"	Features	1	0.02161602378881509	0.01466737601752621	0.08440986124269222	556.0	10.0	10.69%	29.41%	566	10.81     	2469	1.04	6	5%	0.9887538615501368	2.7203284140511332	NA	NA	NA	NA	NA	NA	NA	114.0	false	Features contains "5"	Features contains "5"
48	Gene ontology (GO) contains "[go:0007276]."	Gene ontology (GO)	1	0.027646080771774523	0.014613650792937739	0.08415863805095648	6.0	2.0	0.12%	5.88%	8	0.15      	3227	1.1	6	10%	0.7549029032878293	38.49264705882353	NA	NA	NA	NA	NA	NA	NA	8376.0	false	Gene ontology (GO) contains "[go:0007276]."	Gene ontology (GO) contains "[go:0007276]."
49	Repeat contains "/note=\"nhl"	Repeat	1	0.033082415021822575	0.014529467355729127	0.08377887684712869	3.0	2.0	0.0577%	5.88%	5	0.10      	229	1.1	7	95%	0.6039223226302634	61.58823529411765	NA	NA	NA	NA	NA	NA	NA	1618.0	false	Repeat contains "/note=\"nhl"	Repeat contains "/note=\"nhl"
50	Gene ontology (GO) contains "cell differentiation"	Gene ontology (GO)	1	0.04055295116090136	0.014438649469627899	0.08441123731338741	99.0	6.0	1.9%	17.65%	105	2.01      	3227	1.1	13	10%	0.9490207927046996	8.798319327731093	NA	NA	NA	NA	NA	NA	NA	43260.0	false	Gene ontology (GO) contains "cell differentiation"	Gene ontology (GO) contains "cell differentiation"
51	Gene ontology (GO) contains "[go:0018991]."	Gene ontology (GO)	1	0.02786812629635506	0.014297904984359823	0.08450622695053354	61.0	4.0	1.17%	11.76%	65	1.24      	3227	1.1	6	10%	0.9445964533447709	9.475113122171948	NA	NA	NA	NA	NA	NA	NA	8376.0	false	Gene ontology (GO) contains "[go:0018991]."	Gene ontology (GO) contains "[go:0018991]."
52	Disruption phenotype contains "lethality phenotype"	Disruption phenotype	1	0.03089907488739565	0.01427421850947732	0.083947887531432	4.0	2.0	0.0769%	5.88%	6	0.11      	797	1.1	18	85%	0.6710248029225149	51.3235294117647	NA	NA	NA	NA	NA	NA	NA	62574.0	false	Disruption phenotype contains "lethality phenotype"	Disruption phenotype contains "lethality phenotype"
53	Features contains "repeat (5"	Features	1	0.10107256950380622	0.014203529903593328	0.08178221863167176	9.0	6.0	0.17%	17.65%	15	0.29      	2469	1.1	6	5%	0.6039223226302634	61.58823529411765	NA	NA	NA	NA	NA	NA	NA	790.0	false	Features contains "repeat (5"	Features contains "repeat (5"
54	Compositional bias contains "153"	Compositional bias	1	0.02176675316509396	0.014161545256267566	0.08418187188837008	12.0	2.0	0.23%	5.88%	14	0.27      	2243	1.04	15	55%	0.8627461751860905	21.995798319327733	NA	NA	NA	NA	NA	NA	NA	3109.0	false	Compositional bias contains "153"	Compositional bias contains "153"
55	Repeat contains "193"	Repeat	1	0.033082415021822575	0.013991894182068053	0.08353398036888324	3.0	2.0	0.0577%	5.88%	5	0.10      	229	1.04	17	95%	0.6039223226302634	61.58823529411765	NA	NA	NA	NA	NA	NA	NA	1757.0	false	Repeat contains "193"	Repeat contains "193"
56	Repeat contains ".365."	Repeat	1	0.033082415021822575	0.013991055113054072	0.08377887684712869	3.0	2.0	0.0577%	5.88%	5	0.10      	229	1.1	31	95%	0.6039223226302634	61.58823529411765	NA	NA	NA	NA	NA	NA	NA	10449.0	false	Repeat contains ".365."	Repeat contains ".365."
57	Compositional bias contains "112"	Compositional bias	1	0.019267241179302362	0.013291886752924559	0.08426137663548258	16.0	2.0	0.31%	5.88%	18	0.34      	2243	1.04	15	55%	0.8946997372300198	17.107843137254903	NA	NA	NA	NA	NA	NA	NA	3109.0	false	Compositional bias contains "112"	Compositional bias contains "112"
58	Disruption phenotype contains "the l3"	Disruption phenotype	1	0.025242547633436453	0.013174785176342152	0.08428479753109827	8.0	2.0	0.15%	5.88%	10	0.19      	797	1.1	18	85%	0.8052297635070179	30.794117647058826	NA	NA	NA	NA	NA	NA	NA	62574.0	false	Disruption phenotype contains "the l3"	Disruption phenotype contains "the l3"
59	Gene ontology (GO) contains "development [go"	Gene ontology (GO)	1	0.038728093477027783	0.013027208765443424	0.0845599233754871	512.0	12.0	9.84%	35.29%	524	10.01     	3227	1.1	13	10%	0.9834867340543729	3.5260440053884152	NA	NA	NA	NA	NA	NA	NA	43260.0	false	Gene ontology (GO) contains "development [go"	Gene ontology (GO) contains "development [go"
60	Compositional bias contains "822"	Compositional bias	1	0.03089907488739565	0.0129289515541009	0.08370249701312622	4.0	2.0	0.0769%	5.88%	6	0.11      	2243	1.04	15	55%	0.6710248029225149	51.3235294117647	NA	NA	NA	NA	NA	NA	NA	3109.0	false	Compositional bias contains "822"	Compositional bias contains "822"
61	Keywords contains "nucleus. phosphoprotein"	Keywords	1	0.02708723877948056	0.012683952670124931	0.08443730346626685	28.0	3.0	0.54%	8.82%	31	0.59      	2161	1.1	4	0.0%	0.9091303781530847	14.900379506641366	NA	NA	NA	NA	NA	NA	NA	3224.0	false	Keywords contains "nucleus. phosphoprotein"	Keywords contains "nucleus. phosphoprotein"
62	Gene ontology (GO) contains "transport"	Gene ontology (GO)	0	0.020425313682600366	0.012580182400345462	0.0844729188757085	605.0	0.0	11.63%	0.0%	605	11.56     	3227	1.04	15	10%	1.0065372043837724	0.0	NA	NA	NA	NA	NA	NA	NA	7074.0	false	Gene ontology (GO) contains "transport"	Gene ontology (GO) contains "transport"
63	Compositional bias contains "795"	Compositional bias	1	0.025242547633436453	0.012346229469440698	0.08403842218134679	8.0	2.0	0.15%	5.88%	10	0.19      	2243	1.04	15	55%	0.8052297635070179	30.794117647058826	NA	NA	NA	NA	NA	NA	NA	3109.0	false	Compositional bias contains "795"	Compositional bias contains "795"
64	Tissue specificity contains "and ventral nerve"	Tissue specificity	1	0.019829035991299697	0.012266600654697432	0.08449200353640428	15.0	2.0	0.29%	5.88%	17	0.32      	775	1.1	130	85%	0.8881210626915638	18.114186851211073	NA	NA	NA	NA	NA	NA	NA	19949.0	false	Tissue specificity contains "and ventral nerve"	Tissue specificity contains "and ventral nerve"
65	Features contains "region (4"	Features	1	0.022007556429662664	0.012164330461519001	0.08462864800043524	210.0	6.0	4.04%	17.65%	216	4.13      	2469	1.1	6	5%	0.9785778375953342	4.276960784313726	NA	NA	NA	NA	NA	NA	NA	790.0	false	Features contains "region (4"	Features contains "region (4"
66	Keywords contains "transmembrane"	Keywords	0	0.023525574499909694	0.011910357603947713	0.08445496706631524	1095.0	1.0	21.05%	2.94%	1096	20.94     	2161	1.04	6	0.0%	1.0056188310221084	0.14048411335337055	NA	NA	NA	NA	NA	NA	NA	429.0	false	Keywords contains "transmembrane"	Keywords contains "transmembrane"
67	Developmental stage contains "pharynx"	Developmental stage	1	0.02176675316509396	0.011754066064642214	0.08442866778946964	12.0	2.0	0.23%	5.88%	14	0.27      	540	1.1	3	89%	0.8627461751860905	21.995798319327733	NA	NA	NA	NA	NA	NA	NA	2545.0	false	Developmental stage contains "pharynx"	Developmental stage contains "pharynx"
68	Developmental stage contains "the first"	Developmental stage	1	0.027646080771774523	0.011610589317625281	0.08415863805095648	6.0	2.0	0.12%	5.88%	8	0.15      	540	1.1	9	89%	0.7549029032878293	38.49264705882353	NA	NA	NA	NA	NA	NA	NA	18379.0	false	Developmental stage contains "the first"	Developmental stage contains "the first"
69	Gene ontology (GO) contains "0072327"	Gene ontology (GO)	1	0.033082415021822575	0.011539606370745891	0.08353398036888324	3.0	2.0	0.0577%	5.88%	5	0.10      	3227	1.04	15	10%	0.6039223226302634	61.58823529411765	NA	NA	NA	NA	NA	NA	NA	7074.0	false	Gene ontology (GO) contains "0072327"	Gene ontology (GO) contains "0072327"
70	Repeat contains ".242."	Repeat	1	0.027646080771774523	0.01133923285136718	0.08415863805095648	6.0	2.0	0.12%	5.88%	8	0.15      	229	1.1	31	95%	0.7549029032878293	38.49264705882353	NA	NA	NA	NA	NA	NA	NA	10449.0	false	Repeat contains ".242."	Repeat contains ".242."
71	Disruption phenotype contains "laying and"	Disruption phenotype	1	0.02251883650376717	0.011165211016248901	0.0844010304187971	11.0	2.0	0.21%	5.88%	13	0.25      	797	1.1	18	85%	0.8516853267862688	23.687782805429865	NA	NA	NA	NA	NA	NA	NA	62574.0	false	Disruption phenotype contains "laying and"	Disruption phenotype contains "laying and"
72	Features contains "6"	Features	0	0.013012502650143299	0.011136938642115785	0.0844865364192013	394.0	0.0	7.58%	0.0%	394	7.53      	2469	1.04	6	5%	1.0065372043837724	0.0	NA	NA	NA	NA	NA	NA	NA	114.0	false	Features contains "6"	Features contains "6"
73	Disruption phenotype contains "1 double"	Disruption phenotype	1	0.02424145012689317	0.011109072207785954	0.08433061399094016	9.0	2.0	0.17%	5.88%	11	0.21      	797	1.1	18	85%	0.8235304399503592	27.994652406417114	NA	NA	NA	NA	NA	NA	NA	62574.0	false	Disruption phenotype contains "1 double"	Disruption phenotype contains "1 double"
74	Disruption phenotype contains "in a ced"	Disruption phenotype	1	0.025242547633436453	0.011081010898467154	0.08428479753109827	8.0	2.0	0.15%	5.88%	10	0.19      	797	1.1	18	85%	0.8052297635070179	30.794117647058826	NA	NA	NA	NA	NA	NA	NA	62574.0	false	Disruption phenotype contains "in a ced"	Disruption phenotype contains "in a ced"
75	Gene ontology (GO) contains "positive"	Gene ontology (GO)	1	0.04095201681399588	0.01107500834873115	0.08456180525536654	666.0	14.0	12.81%	41.18%	680	12.99     	3227	1.1	6	10%	0.9858143795876358	3.1699826989619377	NA	NA	NA	NA	NA	NA	NA	8376.0	false	Gene ontology (GO) contains "positive"	Gene ontology (GO) contains "positive"
76	Zinc finger contains "atypical"	Zinc finger	1	0.027646080771774523	0.011063513227801754	0.08391263148166073	6.0	2.0	0.12%	5.88%	8	0.15      	142	1.04	9	97%	0.7549029032878293	38.49264705882353	NA	NA	NA	NA	NA	NA	NA	509.0	false	Zinc finger contains "atypical"	Zinc finger contains "atypical"
77	Repeat contains "nhl"	Repeat	1	0.1253105696229159	0.011043928279090733	0.08042561209480398	8.0	7.0	0.15%	20.59%	15	0.29      	229	1.04	17	95%	0.5368198423380119	71.8529411764706	NA	NA	NA	NA	NA	NA	NA	1757.0	false	Repeat contains "nhl"	Repeat contains "nhl"
78	Disruption phenotype contains "percentage"	Disruption phenotype	1	0.029131187887841803	0.010997518826923808	0.0838226451155039	5.0	2.0	0.0961%	5.88%	7	0.13      	797	1.04	37	85%	0.7189551459884088	43.991596638655466	NA	NA	NA	NA	NA	NA	NA	4974.0	false	Disruption phenotype contains "percentage"	Disruption phenotype contains "percentage"
79	Post-translational modification contains "ced"	Post-translational modification	1	0.03089907488739565	0.010969477398946369	0.08370249701312622	4.0	2.0	0.0769%	5.88%	6	0.11      	119	1.04	9	98%	0.6710248029225149	51.3235294117647	NA	NA	NA	NA	NA	NA	NA	840.0	false	Post-translational modification contains "ced"	Post-translational modification contains "ced"
80	Disruption phenotype contains "3."	Disruption phenotype	1	0.03089907488739565	0.01096881957889247	0.083947887531432	4.0	2.0	0.0769%	5.88%	6	0.11      	797	1.1	18	85%	0.6710248029225149	51.3235294117647	NA	NA	NA	NA	NA	NA	NA	62574.0	false	Disruption phenotype contains "3."	Disruption phenotype contains "3."
81	Disruption phenotype contains "impaired egg"	Disruption phenotype	1	0.033082415021822575	0.010940785218067102	0.08377887684712869	3.0	2.0	0.0577%	5.88%	5	0.10      	797	1.1	18	85%	0.6039223226302634	61.58823529411765	NA	NA	NA	NA	NA	NA	NA	62574.0	false	Disruption phenotype contains "impaired egg"	Disruption phenotype contains "impaired egg"
82	Compositional bias contains "compbias 176."	Compositional bias	1	0.02424145012689317	0.01075693751593002	0.08433061399094016	9.0	2.0	0.17%	5.88%	11	0.21      	2243	1.1	15	55%	0.8235304399503592	27.994652406417114	NA	NA	NA	NA	NA	NA	NA	21971.0	false	Compositional bias contains "compbias 176."	Compositional bias contains "compbias 176."
83	Disruption phenotype contains "reduces"	Disruption phenotype	1	0.02731528506909002	0.010540122168766918	0.08426833805618746	63.0	4.0	1.21%	11.76%	67	1.28      	797	1.04	37	85%	0.9464454309877263	9.192273924495172	NA	NA	NA	NA	NA	NA	NA	4974.0	false	Disruption phenotype contains "reduces"	Disruption phenotype contains "reduces"
84	Gene ontology (GO) contains "fate"	Gene ontology (GO)	1	0.046630459885882686	0.010469018593949086	0.08412320873690882	120.0	7.0	2.31%	20.59%	127	2.43      	3227	1.04	15	10%	0.9510587757956904	8.486567855488653	NA	NA	NA	NA	NA	NA	NA	7074.0	false	Gene ontology (GO) contains "fate"	Gene ontology (GO) contains "fate"
85	Gene ontology (GO) contains "dna binding"	Gene ontology (GO)	1	0.05952742298731371	0.010342023567094582	0.08440740892939486	402.0	13.0	7.73%	38.24%	415	7.93      	3227	1.1	13	10%	0.975007123282594	4.8231750531537925	NA	NA	NA	NA	NA	NA	NA	43260.0	false	Gene ontology (GO) contains "dna binding"	Gene ontology (GO) contains "dna binding"
86	Disruption phenotype contains "rna"	Disruption phenotype	1	0.023339345504032633	0.010294809893397231	0.08436876746962185	10.0	2.0	0.19%	5.88%	12	0.23      	797	1.1	6	85%	0.8387810036531437	25.66176470588235	NA	NA	NA	NA	NA	NA	NA	7850.0	false	Disruption phenotype contains "rna"	Disruption phenotype contains "rna"
87	Compositional bias contains "polar"	Compositional bias	1	0.02549405332564111	0.01020958216983077	0.08441884777747555	1790.0	21.0	34.42%	61.76%	1811	34.59     	2243	1.04	15	55%	0.9948655968232758	1.7854126741806606	NA	NA	NA	NA	NA	NA	NA	3109.0	false	Compositional bias contains "polar"	Compositional bias contains "polar"
88	Gene ontology (GO) contains "[go:0048477]."	Gene ontology (GO)	1	0.0328584763500192	0.010028566109862592	0.08426347128042486	18.0	3.0	0.35%	8.82%	21	0.40      	3227	1.1	6	10%	0.8627461751860905	21.995798319327733	NA	NA	NA	NA	NA	NA	NA	8376.0	false	Gene ontology (GO) contains "[go:0048477]."	Gene ontology (GO) contains "[go:0048477]."
89	Gene ontology (GO) contains "of protein secretion"	Gene ontology (GO)	1	0.012551549825055245	0.010007248609339221	0.08452134180849813	4.0	1.0	0.0769%	2.94%	5	0.10      	3227	1.1	13	10%	0.8052297635070179	30.794117647058826	NA	NA	NA	NA	NA	NA	NA	43260.0	false	Gene ontology (GO) contains "of protein secretion"	Gene ontology (GO) contains "of protein secretion"
90	The percent of Q in (Sequence) inRange (6.33 to 7.81)	Sequence	1	0.10411256849174506	0.06373073763255323	0.11841275303685894	333.0	16.0	6.4%	47.06%	349	6.67      	5235	2.0	67	0.0%	0.9603922322630263	7.0588235294117645	0.0	3.0	4.0	5.0	28.0	5.0	2.0	NA	false	|normalizedHistogram(Sequence).valueOf(Q) orIfMissing 0.0 - 7.07|	The percent of Q in (Sequence) inRange (6.33 to 7.81)
91	The percent of K in (Sequence) inRange (3.93 to 4.16)	Sequence	1	0.113972683368389	0.059475366034930865	0.11858222724720924	153.0	13.0	2.94%	38.24%	166	3.17      	5235	2.0	67	0.0%	0.9277120016308263	12.05793763288448	0.0	5.0	6.0	8.0	42.0	6.0	2.0	NA	false	|normalizedHistogram(Sequence).valueOf(K) orIfMissing 0.0 - 4.05|	The percent of K in (Sequence) inRange (3.93 to 4.16)
92	The percent of E in (Sequence) inRange (3.57 to 6.21)	Sequence	1	0.06275746641363221	0.050734721149622665	0.11859418341140349	1757.0	26.0	33.78%	76.47%	1783	34.06     	5235	2.0	67	0.0%	0.9918597129008906	2.245224505954934	0.0	5.0	7.0	8.0	24.0	7.0	3.0	NA	false	|normalizedHistogram(Sequence).valueOf(E) orIfMissing 0.0 - 4.89|	The percent of E in (Sequence) inRange (3.57 to 6.21)
93	numberOfWords(Gene ontology (GO)) notInRange (6 to 59)	Gene ontology (GO)	1	0.07505820293867008	0.04874275873382099	0.10228475261948373	1567.0	26.0	30.13%	76.47%	1593	30.43     	3227	2.0	12	NA	0.9901091018640121	2.5130165060374434	0.0	11.0	24.0	45.0	343.0	33.0	32.0	NA	false	|numberOfWords(Gene ontology (GO)) - 32.5|	numberOfWords(Gene ontology (GO)) notInRange (6 to 59)
94	numericPairs(Gene ontology (GO)) for (of, regulation) inRange (10,568 to 1,005,110)	Gene ontology (GO)	1	0.09052488834882216	0.03957328266133788	0.11864914769354774	548.0	18.0	10.54%	52.94%	566	10.81     	3227	2.0	447	80%	0.9745271872832283	4.896591145292039	0.0	6995.0	31581.0	46872.0	2000766.0	178849.0	511835.0	NA	false	|numericPairs(Gene ontology (GO)).valueOf("(of, regulation)") orIfMissing 0.0 - 507,839|	numericPairs(Gene ontology (GO)) for (of, regulation) inRange (10,568 to 1,005,110)
95	numericPairs(Features) for (region, repeat) inRange (0.5 to 2.5)	Features	1	0.09854529972562798	0.03905791568278149	0.11862075431734485	87.0	10.0	1.67%	29.41%	97	1.85      	2469	2.0	108	97%	0.9027704822823526	15.873256519102487	0.0	1.0	2.0	5.0	46.0	4.0	5.0	NA	false	|numericPairs(Features).valueOf("(region, repeat)") orIfMissing 0.0 - 1.5|	numericPairs(Features) for (region, repeat) inRange (0.5 to 2.5)
96	numberOfWords(Repeat) inRange (55 to 78)	Repeat	1	0.15029065249526197	0.0387727403174751	0.10237209579999551	15.0	9.0	0.29%	26.47%	24	0.46      	229	2.0	15	NA	0.6290857527398577	57.7389705882353	0.0	0.0	0.0	0.0	1672.0	3.0	28.0	NA	false	|numberOfWords(Repeat) - 66.25|	numberOfWords(Repeat) inRange (55 to 78)
97	The percent of S in (Sequence) >= 10.374	Sequence	1	0.0655646757855971	0.0384034288463477	0.10235240742836593	763.0	18.0	14.67%	52.94%	781	14.92     	5235	2.0	67	0.0%	0.9833391638217904	3.548617910672592	0.0	6.0	8.0	9.0	29.0	8.0	3.0	NA	false	The percent of S in (Sequence)	The percent of S in (Sequence) >= 10.374
98	numericPairs(Gene ontology (GO)) for (oviposition) inRange (2,064 to 5,162)	Gene ontology (GO)	1	0.06444701494992969	0.03776745166392986	0.11867911104845025	7.0	4.0	0.13%	11.76%	11	0.21      	3227	2.0	447	98%	0.640523675516946	55.98930481283423	0.0	2119.0	40011.0	46662.0	1905490.0	316590.0	683787.0	NA	false	|numericPairs(Gene ontology (GO)).valueOf("(oviposition)") orIfMissing 0.0 - 3,613|	numericPairs(Gene ontology (GO)) for (oviposition) inRange (2,064 to 5,162)
99	elementCount(Sequence) for N inRange (44.5 to 50.5)	Sequence	1	0.08272624707232366	0.034952234012150814	0.1186053374736191	212.0	12.0	4.08%	35.29%	224	4.28      	5235	2.0	55	0.0%	0.9526155684346417	8.2484243697479	0.0	13.0	23.0	39.0	600.0	32.0	36.0	NA	false	|elementCount(Sequence).valueOf("N") orIfMissing 0.0 - 47.5|	elementCount(Sequence) for N inRange (44.5 to 50.5)
100	The percent of M in (Sequence) >= 3.067	Sequence	1	0.05225383010633966	0.03472926314177955	0.1024290836054754	1648.0	24.0	31.69%	70.59%	1672	31.94     	5235	2.0	67	0.0%	0.992089301928503	2.2101041373487194	0.0	2.0	3.0	3.0	12.0	3.0	1.0	NA	false	The percent of M in (Sequence)	The percent of M in (Sequence) >= 3.067
101	numericPairs(Gene ontology (GO)) for (of) >= 17132.0	Gene ontology (GO)	1	0.06682717718867166	0.032066385714896194	0.10250226037468517	750.0	18.0	14.42%	52.94%	768	14.67     	3227	2.0	447	57%	0.9829464886560276	3.608685661764706	0.0	8406.0	16021.0	43565.0	2001240.0	93086.0	356280.0	NA	false	numericPairs(Gene ontology (GO)) for (of)	numericPairs(Gene ontology (GO)) for (of) >= 17132.0
102	elementCount(Sequence) for S inRange (140.5 to 152.5)	Sequence	1	0.0410854952568419	0.03096165656805249	0.11858266853332369	58.0	5.0	1.12%	14.71%	63	1.20      	5235	2.0	55	0.0%	0.9266532992739491	12.219887955182072	0.0	20.0	37.0	68.0	1601.0	56.0	71.0	NA	false	|elementCount(Sequence).valueOf("S") orIfMissing 0.0 - 146.5|	elementCount(Sequence) for S inRange (140.5 to 152.5)
103	numericPairs(Gene ontology (GO)) for (positive) inRange (42,927.5 to 48,517)	Gene ontology (GO)	1	0.065339866632986	0.030689456112050727	0.11867356585543977	65.0	7.0	1.25%	20.59%	72	1.38      	3227	2.0	447	87%	0.9086794206242389	14.96936274509804	0.0	6886.0	18105.0	45132.0	2001294.0	111866.0	398782.0	NA	false	|numericPairs(Gene ontology (GO)).valueOf("(positive)") orIfMissing 0.0 - 45,722.25|	numericPairs(Gene ontology (GO)) for (positive) inRange (42,927.5 to 48,517)
104	elementCount(Sequence) for I inRange (38.5 to 57.5)	Sequence	1	0.062472774238142084	0.029119619536455418	0.11864310916708402	796.0	18.0	15.3%	52.94%	814	15.55     	5235	2.0	55	0.0%	0.9842796249256545	3.4047550224020813	0.0	15.0	27.0	44.0	872.0	37.0	43.0	NA	false	|elementCount(Sequence).valueOf("I") orIfMissing 0.0 - 48|	elementCount(Sequence) for I inRange (38.5 to 57.5)
105	numericPairs(Gene ontology (GO)) for (negative, regulation) inRange (7,525 to 30,196.5)	Gene ontology (GO)	1	0.07137306808120561	0.028940584954956786	0.11867915969028442	83.0	8.0	1.6%	23.53%	91	1.74      	3227	2.0	447	93%	0.918050417185199	13.535875888817067	0.0	7052.0	16236.0	43055.0	1990949.0	56931.0	249741.0	NA	false	|numericPairs(Gene ontology (GO)).valueOf("(negative, regulation)") orIfMissing 0.0 - 18,860.75|	numericPairs(Gene ontology (GO)) for (negative, regulation) inRange (7,525 to 30,196.5)
106	slidingSubsets(Gene ontology (GO)) contains ("0045893", "regulation", "of", "transcription")	Gene ontology (GO)	1	0.07618009176428815	0.02746764616379652	0.08557872333915464	3.0	4.0	0.0577%	11.76%	7	0.13      	3227	2.0	471	10%	0.43137308759304527	87.98319327731093	NA	NA	NA	NA	NA	NA	NA	214296.0	false	slidingSubsets(Gene ontology (GO)) contains ("0045893", "regulation", "of", "transcription")	slidingSubsets(Gene ontology (GO)) contains ("0045893", "regulation", "of", "transcription")
107	The percent of F in (Sequence) notInRange (1.58 to 4.94)	Sequence	0	0.03837043428262783	0.027087614131834584	0.11861946440411632	1776.0	2.0	34.15%	5.88%	1778	33.96     	5235	2.0	67	0.0%	1.0054049915554442	0.1731952623569113	0.0	3.0	4.0	5.0	17.0	4.0	2.0	NA	false	|normalizedHistogram(Sequence).valueOf(F) orIfMissing 0.0 - 3.26|	The percent of F in (Sequence) notInRange (1.58 to 4.94)
108	numericPairs(Compositional bias) for (/note="polar, compbias) inRange (0.5 to 304.5)	Compositional bias	1	0.061344290766177	0.026631509036911534	0.11864794231071886	1126.0	21.0	21.65%	61.76%	1147	21.91     	2243	2.0	218	65%	0.9881088859076963	2.818990717472691	0.0	39.0	189.0	464.0	4852.0	355.0	524.0	NA	false	|numericPairs(Compositional bias).valueOf("(/note="polar, compbias)") orIfMissing 0.0 - 152.5|	numericPairs(Compositional bias) for (/note="polar, compbias) inRange (0.5 to 304.5)
109	elementCount(Sequence) for R notInRange (7.5 to 76.5)	Sequence	0	0.035104983613637016	0.025632291448569013	0.11866269153433795	996.0	0.0	19.15%	0.0%	996	19.03     	5235	2.0	55	0.0%	1.0065372043837724	0.0	0.0	14.0	25.0	46.0	505.0	37.0	41.0	NA	false	|elementCount(Sequence).valueOf("R") orIfMissing 0.0 - 42|	elementCount(Sequence) for R notInRange (7.5 to 76.5)
110	The percent of W in (Sequence) < 0.599	Sequence	1	0.03710907359674127	0.02522930147048352	0.10249053145300523	1524.0	21.0	29.3%	61.76%	1545	29.51     	5235	2.0	67	9%	0.9928561161688473	2.0928041119360365	0.0	0.6	1.0	1.5	8.1	1.1	0.8	NA	false	The percent of W in (Sequence)	The percent of W in (Sequence) < 0.599
111	numericPairs(Gene ontology (GO)) contains (("rna"), 3729.0)	Gene ontology (GO)	1	0.03807760110346502	0.024761702311934038	0.08781996704760184	12.0	3.0	0.23%	8.82%	15	0.29      	3227	2.0	447	10%	0.8052297635070179	30.794117647058826	NA	NA	NA	NA	NA	NA	NA	58612.0	false	numericPairs(Gene ontology (GO)) contains (("rna"), 3729.0)	numericPairs(Gene ontology (GO)) contains (("rna"), 3729.0)
112	numericPairs(Compositional bias) for (/note="basic, compbias) >= 164.0	Compositional bias	0	0.03080378212935928	0.024658587505913765	0.10248924097077526	885.0	0.0	17.02%	0.0%	885	16.91     	2243	2.0	218	73%	1.0065372043837724	0.0	0.0	76.0	263.0	577.0	4724.0	423.0	512.0	NA	false	numericPairs(Compositional bias) for (/note="basic, compbias)	numericPairs(Compositional bias) for (/note="basic, compbias) >= 164.0
113	numericPairs(Gene ontology (GO)) for (processing) >= 33857.5	Gene ontology (GO)	1	0.05331277284437741	0.024539700775988302	0.10218825693732671	14.0	4.0	0.27%	11.76%	18	0.34      	3227	2.0	447	97%	0.7828622700762674	34.21568627450981	0.0	706.0	5634.0	8340.0	2000635.0	93052.0	392575.0	NA	false	numericPairs(Gene ontology (GO)) for (processing)	numericPairs(Gene ontology (GO)) for (processing) >= 33857.5
114	textSentimentScore(Disruption phenotype) inRange (-0.0195 to -0.0124)	Disruption phenotype	1	0.04776343295666769	0.023389156589423962	0.10249594605406416	75.0	6.0	1.44%	17.65%	81	1.55      	797	2.0	100	0.0%	0.9319788929479373	11.405228758169935	-9.223372036854777E-31	0.0	0.0	0.0	9.223372036854777E-31	-9.223372036854777E-31	9.223372036854777E-31	NA	false	|textSentimentScore(Disruption phenotype) - -0.016|	textSentimentScore(Disruption phenotype) inRange (-0.0195 to -0.0124)
115	numericPairs(Features) for (mutagenesis) inRange (7.5 to 11)	Features	1	0.04313144198433218	0.02308191153683224	0.1183340142614189	8.0	3.0	0.15%	8.82%	11	0.21      	2469	2.0	108	91%	0.7320270577336526	41.99197860962567	0.0	1.0	1.0	3.0	34.0	3.0	4.0	NA	false	|numericPairs(Features).valueOf("(mutagenesis)") orIfMissing 0.0 - 9.25|	numericPairs(Features) for (mutagenesis) inRange (7.5 to 11)
116	The percent of C in (Sequence) inRange (2.89 to 3.13)	Sequence	1	0.055421903107652416	0.023065281124230785	0.11859860109717277	131.0	8.0	2.52%	23.53%	139	2.66      	5235	2.0	67	5%	0.9486070055703179	8.861616589081677	0.0	1.0	2.0	2.0	29.0	2.0	2.0	NA	false	|normalizedHistogram(Sequence).valueOf(C) orIfMissing 0.0 - 3.01|	The percent of C in (Sequence) inRange (2.89 to 3.13)
117	elementCount(Sequence) for D inRange (43.5 to 71.5)	Sequence	1	0.059359280165218	0.022955574356056836	0.11865378422533518	831.0	18.0	15.98%	52.94%	849	16.22     	5235	2.0	55	0.0%	0.9851971929834097	3.2643940968613596	0.0	15.0	27.0	46.0	1455.0	40.0	58.0	NA	false	|elementCount(Sequence).valueOf("D") orIfMissing 0.0 - 57.5|	elementCount(Sequence) for D inRange (43.5 to 71.5)
118	elementCount(Sequence) for V inRange (63.5 to 79.5)	Sequence	1	0.05325656740203263	0.022535238903864215	0.11864891808778652	309.0	11.0	5.94%	32.35%	320	6.11      	5235	2.0	55	0.0%	0.9719374879830801	5.292738970588236	0.0	17.0	29.0	49.0	1525.0	43.0	58.0	NA	false	|elementCount(Sequence).valueOf("V") orIfMissing 0.0 - 71.5|	elementCount(Sequence) for V inRange (63.5 to 79.5)
119	slidingSubsets(Features) contains ("mutagenesis", "1", "region", "3")	Features	1	0.03475292571497416	0.021581001299897526	0.08815659752169723	41.0	4.0	0.79%	11.76%	45	0.86      	2469	2.0	132	5%	0.9170672306607703	13.686274509803923	NA	NA	NA	NA	NA	NA	NA	10071.0	false	slidingSubsets(Features) contains ("mutagenesis", "1", "region", "3")	slidingSubsets(Features) contains ("mutagenesis", "1", "region", "3")
120	latLongs(Keywords) == (LatLong(35.36, -88.61), LatLong(36.29, -92.92))	Keywords	1	0.08778571694572834	0.02138963656171655	0.08761485243423288	111.0	10.0	2.13%	29.41%	121	2.31      	2161	2.1	977	49%	0.9233523114594937	12.724842002916871	NA	NA	NA	NA	NA	NA	NA	169.0	false	latLongs(Keywords) == (LatLong(35.36, -88.61), LatLong(36.29, -92.92))	latLongs(Keywords) == (LatLong(35.36, -88.61), LatLong(36.29, -92.92))
121	numericPairs(Gene ontology (GO)) for (protein) inRange (17,125 to 18,998)	Gene ontology (GO)	1	0.04168564092756907	0.02134381323684925	0.11867776714533582	9.0	3.0	0.17%	8.82%	12	0.23      	3227	2.0	447	78%	0.7549029032878293	38.49264705882353	0.0	5524.0	16255.0	43248.0	2000251.0	84139.0	331928.0	NA	false	|numericPairs(Gene ontology (GO)).valueOf("(protein)") orIfMissing 0.0 - 18,061.5|	numericPairs(Gene ontology (GO)) for (protein) inRange (17,125 to 18,998)
122	slidingSubsets(Gene ontology (GO)) contains ("0000122", "development")	Gene ontology (GO)	1	0.05113246541739992	0.02128371965936702	0.08690913141367096	4.0	3.0	0.0769%	8.82%	7	0.13      	3227	2.0	471	10%	0.575164116790727	65.9873949579832	NA	NA	NA	NA	NA	NA	NA	214296.0	false	slidingSubsets(Gene ontology (GO)) contains ("0000122", "development")	slidingSubsets(Gene ontology (GO)) contains ("0000122", "development")
123	The percent of A in (Sequence) inRange (7 to 7.05)	Sequence	1	0.060603837258599545	0.02120914603048359	0.11863619442926344	46.0	6.0	0.88%	17.65%	52	0.99      	5235	2.0	67	0.0%	0.8903982961856447	17.7658371040724	0.0	5.0	7.0	8.0	30.0	7.0	3.0	NA	false	|normalizedHistogram(Sequence).valueOf(A) orIfMissing 0.0 - 7.02|	The percent of A in (Sequence) inRange (7 to 7.05)
124	numericPairs(Gene ontology (GO)) for (nematode) inRange (61 to 18,072)	Gene ontology (GO)	1	0.04449951639696779	0.021135078410207394	0.11867986447996917	85.0	6.0	1.63%	17.65%	91	1.74      	3227	2.0	447	96%	0.9401721139848424	10.1519069166128	0.0	6886.0	16539.0	40027.0	2001295.0	85194.0	345473.0	NA	false	|numericPairs(Gene ontology (GO)).valueOf("(nematode)") orIfMissing 0.0 - 9,066.5|	numericPairs(Gene ontology (GO)) for (nematode) inRange (61 to 18,072)
125	slidingSubsets(Keywords) contains ("binding", "developmental")	Keywords	1	0.07137306808120561	0.02021283897547494	0.08775303423319522	83.0	8.0	1.6%	23.53%	91	1.74      	2161	2.0	174	0.0%	0.918050417185199	13.535875888817067	NA	NA	NA	NA	NA	NA	NA	24791.0	false	slidingSubsets(Keywords) contains ("binding", "developmental")	slidingSubsets(Keywords) contains ("binding", "developmental")
126	numericPairs(Gene ontology (GO)) contains (("binding"), 3.0)	Gene ontology (GO)	1	0.05841167159317677	0.01944302288752085	0.08780656389328391	50.0	6.0	0.96%	17.65%	56	1.07      	3227	2.0	447	10%	0.8986939324855111	16.4968487394958	NA	NA	NA	NA	NA	NA	NA	58612.0	false	numericPairs(Gene ontology (GO)) contains (("binding"), 3.0)	numericPairs(Gene ontology (GO)) contains (("binding"), 3.0)
127	numericPairs(Gene ontology (GO)) for (binding, protein) inRange (42,814 to 43,333.5)	Gene ontology (GO)	1	0.033082415021822575	0.01930984483814015	0.11867192611668045	3.0	2.0	0.0577%	5.88%	5	0.10      	3227	2.0	447	93%	0.6039223226302634	61.58823529411765	0.0	5524.0	32034.0	46872.0	140297.0	30380.0	24458.0	NA	false	|numericPairs(Gene ontology (GO)).valueOf("(binding, protein)") orIfMissing 0.0 - 43,073.75|	numericPairs(Gene ontology (GO)) for (binding, protein) inRange (42,814 to 43,333.5)
128	The percent of Y in (Sequence) inRange (1.73 to 1.77)	Sequence	1	0.07662617627143306	0.019188760184465557	0.11860869363542889	45.0	7.0	0.87%	20.59%	52	0.99      	5235	2.0	67	1%	0.8710418114859568	20.726809954751133	0.0	2.0	3.0	4.0	16.0	3.0	1.0	NA	false	|normalizedHistogram(Sequence).valueOf(Y) orIfMissing 0.0 - 1.75|	The percent of Y in (Sequence) inRange (1.73 to 1.77)
129	smallSubsets(Entry) contains ('F', '5', 'Y')	Entry	1	0.033082415021822575	0.019179588555305202	0.08753966957567236	3.0	2.0	0.0577%	5.88%	5	0.10      	5235	2.0	0	0.0%	0.6039223226302634	61.58823529411765	NA	NA	NA	NA	NA	NA	NA	6936.0	false	smallSubsets(Entry) contains ('F', '5', 'Y')	smallSubsets(Entry) contains ('F', '5', 'Y')
130	isEmpty(latLongs(Keywords))	Keywords	0	0.0435278772120304	0.019135910549498657	0.08842545096694389	2558.0	5.0	49.18%	14.71%	2563	48.96     	2161	2.1	977	49%	1.0045736124907099	0.30037180693580595	NA	NA	NA	NA	NA	NA	NA	169.0	false	isEmpty(latLongs(Keywords))	isEmpty(latLongs(Keywords))
131	textSentimentScore(Gene ontology (GO)) inRange (-0.0155 to -0.0148)	Gene ontology (GO)	1	0.0370575733797972	0.01887511758556799	0.10249981485750394	13.0	3.0	0.25%	8.82%	16	0.31      	3227	2.0	49	0.0%	0.817811478561815	28.86948529411765	-9.223372036854777E-6	0.0	0.0	9.223372036854777E-6	9.223372036854777E-6	9.223372036854777E-6	9.223372036854777E-6	NA	false	|textSentimentScore(Gene ontology (GO)) - -0.0152|	textSentimentScore(Gene ontology (GO)) inRange (-0.0155 to -0.0148)
132	normalizedHistogram(Sequence) contains ('G', 5.66)	Sequence	1	0.03089907488739565	0.01822665149912586	0.08771626706677582	4.0	2.0	0.0769%	5.88%	6	0.11      	5235	2.0	67	0.0%	0.6710248029225149	51.3235294117647	NA	NA	NA	NA	NA	NA	NA	73526.0	false	normalizedHistogram(Sequence) contains ('G', 5.66)	normalizedHistogram(Sequence) contains ('G', 5.66)
133	smallSubsets(Entry) contains ('3', 'R', 'M')	Entry	1	0.03089907488739565	0.01822665149912586	0.08771626706677582	4.0	2.0	0.0769%	5.88%	6	0.11      	5235	2.0	0	0.0%	0.6710248029225149	51.3235294117647	NA	NA	NA	NA	NA	NA	NA	6936.0	false	smallSubsets(Entry) contains ('3', 'R', 'M')	smallSubsets(Entry) contains ('3', 'R', 'M')
134	numericPairs(Gene ontology (GO)) contains (("activity"), 3.0)	Gene ontology (GO)	1	0.02435188228209784	0.01797415418881579	0.08835638376620507	75.0	4.0	1.44%	11.76%	79	1.51      	3227	2.0	447	10%	0.9555732953010496	7.795979151154133	NA	NA	NA	NA	NA	NA	NA	58612.0	false	numericPairs(Gene ontology (GO)) contains (("activity"), 3.0)	numericPairs(Gene ontology (GO)) contains (("activity"), 3.0)
135	sentimentDistribution(Gene ontology (GO)) for -1 inRange (2.5 to 4.5)	Gene ontology (GO)	1	0.043106115730706836	0.017802230312804198	0.1184687712971678	135.0	7.0	2.6%	20.59%	142	2.71      	3227	2.0	54	74%	0.9569191731817553	7.59009942004971	0.0	1.0	1.0	2.0	9.0	2.0	1.0	NA	false	|sentimentDistribution(Gene ontology (GO)).valueOf("-1") orIfMissing 0.0 - 3.5|	sentimentDistribution(Gene ontology (GO)) for -1 inRange (2.5 to 4.5)
136	sentimentDistribution(Gene ontology (GO)) contains (1.0, 3.0)	Gene ontology (GO)	1	0.03716416525357397	0.0177993530857661	0.08825294289935229	113.0	6.0	2.17%	17.65%	119	2.27      	3227	2.0	54	0.0%	0.9557874293728258	7.763222936233317	NA	NA	NA	NA	NA	NA	NA	200.0	false	sentimentDistribution(Gene ontology (GO)) contains (1.0, 3.0)	sentimentDistribution(Gene ontology (GO)) contains (1.0, 3.0)
137	elementCount(Sequence) for M >= 26.5	Sequence	1	0.02979702764387429	0.017724873265985683	0.10247314450698519	936.0	15.0	18%	44.12%	951	18.17     	5235	2.0	55	0.0%	0.9906612232420725	2.4285581740582667	1.0	7.0	13.0	22.0	206.0	17.0	17.0	NA	false	elementCount(Sequence) for M	elementCount(Sequence) for M >= 26.5
138	numericPairs(Gene ontology (GO)) contains (("ii", "positive"), 45944.0)	Gene ontology (GO)	1	0.05331277284437741	0.01765916262467564	0.08745261721035269	14.0	4.0	0.27%	11.76%	18	0.34      	3227	2.0	447	10%	0.7828622700762674	34.21568627450981	NA	NA	NA	NA	NA	NA	NA	58612.0	false	numericPairs(Gene ontology (GO)) contains (("ii", "positive"), 45944.0)	numericPairs(Gene ontology (GO)) contains (("ii", "positive"), 45944.0)
139	The percent of L in (Sequence) inRange (8.07 to 8.36)	Sequence	1	0.042244843689012906	0.017591739772487184	0.11861131812498071	254.0	9.0	4.88%	26.47%	263	5.02      	5235	2.0	67	0.0%	0.9720929654504874	5.268955490941624	0.0	7.0	8.0	10.0	19.0	8.0	2.0	NA	false	|normalizedHistogram(Sequence).valueOf(L) orIfMissing 0.0 - 8.21|	The percent of L in (Sequence) inRange (8.07 to 8.36)
140	numericSuffix(Entry) inRange (17,383.5 to 21,445)	Entry	0	0.021651433819477605	0.01713463034742115	0.10251072848088871	639.0	0.0	12.29%	0.0%	639	12.21     	5235	2.0	1	0.0%	1.0065372043837724	0.0	0.0	5.0	33.0	19140.0	98061.0	12307.0	22156.0	NA	false	|numericSuffix(Entry) - 19,414.25|	numericSuffix(Entry) inRange (17,383.5 to 21,445)
141	numericPairs(Gene ontology (GO)) for (binding, dna) inRange (881.5 to 16,547.5)	Gene ontology (GO)	1	0.07540055473787137	0.017048623540153154	0.1186799870035729	301.0	13.0	5.79%	38.24%	314	6.00      	3227	2.0	447	92%	0.964865281909285	6.37457849381791	0.0	978.0	3684.0	5673.0	2000677.0	34756.0	216944.0	NA	false	|numericPairs(Gene ontology (GO)).valueOf("(binding, dna)") orIfMissing 0.0 - 8,714.5|	numericPairs(Gene ontology (GO)) for (binding, dna) inRange (881.5 to 16,547.5)
142	elementCount(Sequence) contains ('C', 3.0)	Sequence	1	0.021645149196271335	0.01704454205671416	0.08844036225184776	289.0	7.0	5.56%	20.59%	296	5.65      	5235	2.0	55	0.0%	0.9827339596855075	3.641196343402226	NA	NA	NA	NA	NA	NA	NA	4087.0	false	elementCount(Sequence) contains ('C', 3.0)	elementCount(Sequence) contains ('C', 3.0)
143	slidingSubsets(Disruption phenotype) contains ("abnormalities", "in")	Disruption phenotype	1	0.029131187887841803	0.01702673757980463	0.08784217660844786	5.0	2.0	0.0961%	5.88%	7	0.13      	797	2.0	1006	85%	0.7189551459884088	43.991596638655466	NA	NA	NA	NA	NA	NA	NA	212329.0	false	slidingSubsets(Disruption phenotype) contains ("abnormalities", "in")	slidingSubsets(Disruption phenotype) contains ("abnormalities", "in")
144	numericPairs(Gene ontology (GO)) for (metabolic, process) >= 16070.5	Gene ontology (GO)	1	0.02576355325502492	0.016747427680173663	0.10252084480341325	69.0	4.0	1.33%	11.76%	73	1.39      	3227	2.0	447	95%	0.9513844808558951	8.43674456083793	0.0	6012.0	6637.0	19217.0	1903189.0	33400.0	189562.0	NA	false	numericPairs(Gene ontology (GO)) for (metabolic, process)	numericPairs(Gene ontology (GO)) for (metabolic, process) >= 16070.5
145	sentimentDistribution(Disruption phenotype) == ((-1.0, 1.0), (0.0, 34.0))	Disruption phenotype	1	0.029131187887841803	0.016674215554237513	0.08784217660844786	5.0	2.0	0.0961%	5.88%	7	0.13      	797	2.1	89	0.0%	0.7189551459884088	43.991596638655466	NA	NA	NA	NA	NA	NA	NA	536.0	false	sentimentDistribution(Disruption phenotype) == ((-1.0, 1.0), (0.0, 34.0))	sentimentDistribution(Disruption phenotype) == ((-1.0, 1.0), (0.0, 34.0))
146	alphaStringBeforeNumber(Gene ontology (GO)) == "protein"	Gene ontology (GO)	1	0.030849371775878105	0.016597228013229316	0.08811648639316377	21.0	3.0	0.4%	8.82%	24	0.46      	3227	2.0	1	18%	0.8807200538358008	19.246323529411764	NA	NA	NA	NA	NA	NA	NA	315.0	false	alphaStringBeforeNumber(Gene ontology (GO)) == "protein"	alphaStringBeforeNumber(Gene ontology (GO)) == "protein"
147	latLongs(Tissue specificity) == (LatLong(47.83, 0.78))	Tissue specificity	1	0.02701970003173086	0.01651675471599509	0.0883551859113535	112.0	5.0	2.15%	14.71%	117	2.23      	775	2.1	2373	89%	0.9635227939400214	6.579939668174963	NA	NA	NA	NA	NA	NA	NA	286.0	false	latLongs(Tissue specificity) == (LatLong(47.83, 0.78))	latLongs(Tissue specificity) == (LatLong(47.83, 0.78))
148	elementCount(Sequence) for T inRange (59.5 to 61.5)	Sequence	1	0.030290360029228535	0.016339793983155094	0.11866110223463416	53.0	4.0	1.02%	11.76%	57	1.09      	5235	2.0	55	0.0%	0.935903014602455	10.804953560371517	0.0	15.0	27.0	47.0	1265.0	40.0	58.0	NA	false	|elementCount(Sequence).valueOf("T") orIfMissing 0.0 - 60.5|	elementCount(Sequence) for T inRange (59.5 to 61.5)
149	elementCount(Sequence) contains ('N', 49.0)	Sequence	1	0.06030636660170244	0.01603543928415191	0.08750276741789517	24.0	5.0	0.46%	14.71%	29	0.55      	5235	2.0	55	0.0%	0.8329963070762254	26.54665314401623	NA	NA	NA	NA	NA	NA	NA	4087.0	false	elementCount(Sequence) contains ('N', 49.0)	elementCount(Sequence) contains ('N', 49.0)
150	The percent of G in (Sequence) >= 8.114	Sequence	0	0.023178684133369765	0.01597500685657951	0.10251973389033682	681.0	0.0	13.09%	0.0%	681	13.01     	5235	2.0	67	0.0%	1.0065372043837724	0.0	0.0	4.0	5.0	7.0	57.0	6.0	4.0	NA	false	The percent of G in (Sequence)	The percent of G in (Sequence) >= 8.114
151	The percent of N in (Sequence) >= 4.65	Sequence	1	0.026237805921061324	0.015966754367991807	0.10246290705825777	2544.0	26.0	48.91%	76.47%	2570	49.09     	5235	2.0	67	0.0%	0.996354337724637	1.5576791027695127	0.0	4.0	5.0	6.0	18.0	5.0	1.0	NA	false	The percent of N in (Sequence)	The percent of N in (Sequence) >= 4.65
152	numericPairs(Gene ontology (GO)) for (cell) inRange (7,533 to 9,969)	Gene ontology (GO)	1	0.04071310646927632	0.01595168887863764	0.11867937924007423	59.0	5.0	1.13%	14.71%	64	1.22      	3227	2.0	447	84%	0.9279014852912901	12.028952205882353	0.0	5887.0	16020.0	43068.0	2000738.0	70840.0	293435.0	NA	false	|numericPairs(Gene ontology (GO)).valueOf("(cell)") orIfMissing 0.0 - 8,751|	numericPairs(Gene ontology (GO)) for (cell) inRange (7,533 to 9,969)
153	numericPairs(Gene ontology (GO)) for (organ) >= 3387.5	Gene ontology (GO)	1	0.033922375103720696	0.015892160426736465	0.10249585893259419	43.0	4.0	0.83%	11.76%	47	0.90      	3227	2.0	447	99%	0.9208744635851551	13.103879849812012	0.0	978.0	7506.0	46622.0	90597.0	26995.0	32273.0	NA	false	numericPairs(Gene ontology (GO)) for (organ)	numericPairs(Gene ontology (GO)) for (organ) >= 3387.5
154	numericPairs(Disruption phenotype) for (a, in) inRange (1.5 to 3.5)	Disruption phenotype	1	0.0370575733797972	0.01557669141015356	0.1186794801658057	13.0	3.0	0.25%	8.82%	16	0.31      	797	2.0	310	98%	0.817811478561815	28.86948529411765	0.0	1.0	3.0	40.0	3.3372658E7	4248448.0	9423721.0	NA	false	|numericPairs(Disruption phenotype).valueOf("(a, in)") orIfMissing 0.0 - 2.5|	numericPairs(Disruption phenotype) for (a, in) inRange (1.5 to 3.5)
155	elementCount(Sequence) contains ('G', 31.0)	Sequence	1	0.02007781016687387	0.015548661923468637	0.08841334772042472	97.0	4.0	1.87%	11.76%	101	1.93      	5235	2.0	55	0.0%	0.966674344804217	6.09784507862551	NA	NA	NA	NA	NA	NA	NA	4087.0	false	elementCount(Sequence) contains ('G', 31.0)	elementCount(Sequence) contains ('G', 31.0)
156	The percent of I in (Sequence) < 4.941	Sequence	1	0.031176549774071426	0.015225298072841044	0.10246730949057191	1937.0	23.0	37.24%	67.65%	1960	37.44     	5235	2.0	67	0.0%	0.9947257984139628	1.8067977190876352	0.0	4.0	5.0	7.0	16.0	5.0	2.0	NA	false	The percent of I in (Sequence)	The percent of I in (Sequence) < 4.941
157	elementCount(Sequence) for C inRange (27.5 to 30.5)	Sequence	1	0.055430539548722166	0.014855671699984939	0.1186266287068913	56.0	6.0	1.08%	17.65%	62	1.18      	5235	2.0	55	5%	0.9091303781530847	14.900379506641366	0.0	4.0	8.0	15.0	363.0	13.0	20.0	NA	false	|elementCount(Sequence).valueOf("C") orIfMissing 0.0 - 29|	elementCount(Sequence) for C inRange (27.5 to 30.5)
158	numericPairs(Gene ontology (GO)) for (specification) inRange (7,296 to 60,577)	Gene ontology (GO)	1	0.08338158409838432	0.014855426793314322	0.11763547978828666	59.0	8.0	1.13%	23.53%	67	1.28      	3227	2.0	447	98%	0.8863536575916802	18.384547848990344	0.0	1708.0	9948.0	42659.0	97402.0	20226.0	23837.0	NA	false	|numericPairs(Gene ontology (GO)).valueOf("(specification)") orIfMissing 0.0 - 33,936.5|	numericPairs(Gene ontology (GO)) for (specification) inRange (7,296 to 60,577)
159	numberIn(Repeat) >= 162.0	Repeat	1	0.08116362799238894	0.014785740399238244	0.08855870872949612	129.0	10.0	2.48%	29.41%	139	2.66      	229	2.0	1	95%	0.9341244558669541	11.077020736352095	0.0	0.0	0.0	0.0	4599.0	18.0	153.0	NA	false	numberIn(Repeat)	numberIn(Repeat) >= 162.0
160	normalizedHistogram(Sequence) contains ('M', 3.774)	Sequence	1	0.02424145012689317	0.014731402430265085	0.08811617392950861	9.0	2.0	0.17%	5.88%	11	0.21      	5235	2.0	67	0.0%	0.8235304399503592	27.994652406417114	NA	NA	NA	NA	NA	NA	NA	73526.0	false	normalizedHistogram(Sequence) contains ('M', 3.774)	normalizedHistogram(Sequence) contains ('M', 3.774)
161	!hasXAtLeastYAtLeast(sentimentDistribution(Features), 0.0, 6)	Features	0	0.0444061138467007	0.014717238017241787	0.1023833542703741	1923.0	2.0	36.97%	5.88%	1925	36.77     	2469	2.0	25	0.0%	1.0054914514441529	0.1599694423223835	(-1.0,1.0)	(-1.0,1.0)	(0.0,6.0)	(0.0,11.0)	(1.0,39.0)	(-0.3,7.0)	(0.6,6.0)	NA	true	!hasXAtLeastYAtLeast(sentimentDistribution(Features), 0.0, 6)	!hasXAtLeastYAtLeast(sentimentDistribution(Features), 0.0, 6)
162	textSentimentScore(Features) inRange (-0.0851 to -0.0351)	Features	1	0.0473273346484147	0.014715413768765598	0.10244319500045777	592.0	14.0	11.38%	41.18%	606	11.58     	2469	2.0	18	0.0%	0.9832838696290318	3.5570762958648805	-0.25	-0.1	0.0	0.0	0.33333333333333	-0.04780217371424	0.06968834750105	NA	false	|textSentimentScore(Features) - -0.0601|	textSentimentScore(Features) inRange (-0.0851 to -0.0351)
163	The percent of R in (Sequence) inRange (3.5 to 3.68)	Sequence	1	0.0524509163480531	0.014669676025699716	0.11867557783501649	99.0	7.0	1.9%	20.59%	106	2.02      	5235	2.0	67	0.0%	0.9400677663584289	10.167869034406216	0.0	4.0	5.0	6.0	29.0	5.0	2.0	NA	false	|normalizedHistogram(Sequence).valueOf(R) orIfMissing 0.0 - 3.59|	The percent of R in (Sequence) inRange (3.5 to 3.68)
164	last(Sequence) == 'I'	Sequence	1	0.03288990361610491	0.014572115816586797	0.08835580567773244	257.0	8.0	4.94%	23.53%	265	5.06      	5235	2.0	0	0.0%	0.9761511755721868	4.648168701442842	NA	NA	NA	NA	NA	NA	NA	20.0	false	last(Sequence) == 'I'	last(Sequence) == 'I'
165	slidingSubsets(Gene ontology (GO)) contains ("regulation", "of", "development")	Gene ontology (GO)	1	0.06518130879813347	0.01455875253440161	0.08789151327211267	99.0	8.0	1.9%	23.53%	107	2.04      	3227	2.0	471	10%	0.9312820862990043	11.511819681143486	NA	NA	NA	NA	NA	NA	NA	214296.0	false	slidingSubsets(Gene ontology (GO)) contains ("regulation", "of", "development")	slidingSubsets(Gene ontology (GO)) contains ("regulation", "of", "development")
166	slidingSubsets(Keywords) contains ("binding", "homeobox", "nucleus", "reference")	Keywords	1	0.04037590336159577	0.014523727324539996	0.08769794871436255	10.0	3.0	0.19%	8.82%	13	0.25      	2161	2.0	174	0.0%	0.7742593879875173	35.5316742081448	NA	NA	NA	NA	NA	NA	NA	24791.0	false	slidingSubsets(Keywords) contains ("binding", "homeobox", "nucleus", "reference")	slidingSubsets(Keywords) contains ("binding", "homeobox", "nucleus", "reference")
167	numericPairs(Gene ontology (GO)) for (determination, of) inRange (6,897 to 61,101)	Gene ontology (GO)	1	0.03161315808023461	0.014445953566392467	0.11840918763040532	90.0	5.0	1.73%	14.71%	95	1.81      	3227	2.0	447	97%	0.9535615620477843	8.103715170278639	0.0	4364.0	30036.0	50829.0	106311.0	28156.0	26484.0	NA	false	|numericPairs(Gene ontology (GO)).valueOf("(determination, of)") orIfMissing 0.0 - 33,999|	numericPairs(Gene ontology (GO)) for (determination, of) inRange (6,897 to 61,101)
168	prefixes(Sequence) contains "MSM"	Sequence	1	0.023339345504032633	0.014273452736641767	0.08815604009915246	10.0	2.0	0.19%	5.88%	12	0.23      	5235	2.0	0	0.0%	0.8387810036531437	25.66176470588235	NA	NA	NA	NA	NA	NA	NA	211835.0	false	prefixes(Sequence) contains "MSM"	prefixes(Sequence) contains "MSM"
169	normalizedHistogram(Sequence) contains ('I', 4.167)	Sequence	1	0.02424145012689317	0.01412685475211168	0.08811617392950861	9.0	2.0	0.17%	5.88%	11	0.21      	5235	2.0	67	0.0%	0.8235304399503592	27.994652406417114	NA	NA	NA	NA	NA	NA	NA	73526.0	false	normalizedHistogram(Sequence) contains ('I', 4.167)	normalizedHistogram(Sequence) contains ('I', 4.167)
170	slidingSubsets(Tissue specificity) contains ("and", "cells", "of")	Tissue specificity	1	0.02424145012689317	0.01412685475211168	0.08811617392950861	9.0	2.0	0.17%	5.88%	11	0.21      	775	2.0	850	85%	0.8235304399503592	27.994652406417114	NA	NA	NA	NA	NA	NA	NA	58451.0	false	slidingSubsets(Tissue specificity) contains ("and", "cells", "of")	slidingSubsets(Tissue specificity) contains ("and", "cells", "of")
171	elementCount(Entry) contains ('O', 1.0)	Entry	0	0.018106210439230438	0.014031437925285682	0.08852816591811122	540.0	0.0	10.38%	0.0%	540	10.32     	5235	2.0	3	0.0%	1.0065372043837724	0.0	NA	NA	NA	NA	NA	NA	NA	94.0	false	elementCount(Entry) contains ('O', 1.0)	elementCount(Entry) contains ('O', 1.0)
172	The percent of H in (Sequence) < 1.483	Sequence	0	0.02010339626388527	0.014004430146932858	0.10250664304556319	994.0	1.0	19.11%	2.94%	995	19.01     	5235	2.0	67	2%	1.0055256092034872	0.15474430978421522	0.0	2.0	2.0	3.0	36.0	2.0	1.0	NA	false	The percent of H in (Sequence)	The percent of H in (Sequence) < 1.483
173	slidingSubsets(Developmental stage) contains ("first", "at", "the")	Developmental stage	1	0.026366300437397856	0.013997720426190347	0.08800974279782918	7.0	2.0	0.13%	5.88%	9	0.17      	540	2.0	401	89%	0.7828622700762674	34.21568627450981	NA	NA	NA	NA	NA	NA	NA	56201.0	false	slidingSubsets(Developmental stage) contains ("first", "at", "the")	slidingSubsets(Developmental stage) contains ("first", "at", "the")
174	mostCommonValue(Sequence) == S	Sequence	1	0.03617353932250293	0.01398340900177878	0.08840896073678169	1165.0	18.0	22.4%	52.94%	1183	22.60     	5235	2.0	0	0.0%	0.9912221835224808	2.342747749987569	NA	NA	NA	NA	NA	NA	NA	19.0	false	mostCommonValue(Sequence) == S	mostCommonValue(Sequence) == S
175	slidingSubsets(Repeat) contains ("prosite", "prorule", "repeat")	Repeat	1	0.07906606376634683	0.013854695463874932	0.08769456976436223	98.0	9.0	1.88%	26.47%	107	2.04      	229	2.0	754	95%	0.9218751965384083	12.95079714128642	NA	NA	NA	NA	NA	NA	NA	38031.0	false	slidingSubsets(Repeat) contains ("prosite", "prorule", "repeat")	slidingSubsets(Repeat) contains ("prosite", "prorule", "repeat")
176	alphaStringBeforeNumber(Keywords) == "Nucleus"	Keywords	1	0.020366891541714692	0.01362357783599923	0.08837181221349615	47.0	3.0	0.9%	8.82%	50	0.96      	2161	2.0	1	20%	0.946144972120746	9.238235294117647	NA	NA	NA	NA	NA	NA	NA	131.0	false	alphaStringBeforeNumber(Keywords) == "Nucleus"	alphaStringBeforeNumber(Keywords) == "Nucleus"
177	elementCount(Sequence) for Q inRange (56.5 to 63.5)	Sequence	1	0.037850483958664465	0.013565716465602522	0.11864744910062401	110.0	6.0	2.11%	17.65%	116	2.22      	5235	2.0	55	0.0%	0.9544749351915083	7.963995943204869	0.0	11.0	20.0	37.0	856.0	32.0	42.0	NA	false	|elementCount(Sequence).valueOf("Q") orIfMissing 0.0 - 60|	elementCount(Sequence) for Q inRange (56.5 to 63.5)
178	numericPairs(Gene ontology (GO)) for (cell, differentiation) inRange (977.5 to 45,645.5)	Gene ontology (GO)	1	0.05318176297763588	0.013518848326419383	0.1186802214988139	61.0	6.0	1.17%	17.65%	67	1.28      	3227	2.0	447	98%	0.9163995442897032	13.788410886742756	0.0	4714.0	9948.0	45687.0	2000738.0	77737.0	316163.0	NA	false	|numericPairs(Gene ontology (GO)).valueOf("(cell, differentiation)") orIfMissing 0.0 - 23,311.5|	numericPairs(Gene ontology (GO)) for (cell, differentiation) inRange (977.5 to 45,645.5)
179	slidingSubsets(Disruption phenotype) contains ("double", "mutant")	Disruption phenotype	1	0.03438638606101069	0.013426500536981335	0.08798660632276965	16.0	3.0	0.31%	8.82%	19	0.36      	797	2.0	1006	85%	0.8476102773758083	24.311145510835914	NA	NA	NA	NA	NA	NA	NA	212329.0	false	slidingSubsets(Disruption phenotype) contains ("double", "mutant")	slidingSubsets(Disruption phenotype) contains ("double", "mutant")
180	elementCount(Sequence) for P >= 234.5	Sequence	1	0.02150921848315269	0.013376542424190395	0.1024866616424448	43.0	3.0	0.83%	8.82%	46	0.88      	5235	2.0	55	0.0%	0.9408934736630916	10.04156010230179	0.0	13.0	24.0	43.0	1479.0	36.0	51.0	NA	false	elementCount(Sequence) for P	elementCount(Sequence) for P >= 234.5
181	elementCount(Sequence) contains ('E', 12.0)	Sequence	1	0.019259864612377494	0.013272523533190026	0.08842293475613817	102.0	4.0	1.96%	11.76%	106	2.02      	5235	2.0	55	0.0%	0.9685546683692904	5.810210876803552	NA	NA	NA	NA	NA	NA	NA	4087.0	false	elementCount(Sequence) contains ('E', 12.0)	elementCount(Sequence) contains ('E', 12.0)
182	slidingSubsets(Developmental stage) contains ("in", "cell", "stage")	Developmental stage	1	0.023339345504032633	0.01325508595692865	0.08815604009915246	10.0	2.0	0.19%	5.88%	12	0.23      	540	2.0	401	89%	0.8387810036531437	25.66176470588235	NA	NA	NA	NA	NA	NA	NA	56201.0	false	slidingSubsets(Developmental stage) contains ("in", "cell", "stage")	slidingSubsets(Developmental stage) contains ("in", "cell", "stage")
183	smallSubsets(Entry) contains ('0', '5')	Entry	0	0.01792915475560657	0.013195461027065978	0.08852850941482704	535.0	0.0	10.29%	0.0%	535	10.22     	5235	2.0	0	0.0%	1.0065372043837724	0.0	NA	NA	NA	NA	NA	NA	NA	6936.0	false	smallSubsets(Entry) contains ('0', '5')	smallSubsets(Entry) contains ('0', '5')
184	slidingSubsets(Features) contains ("helix", "metal")	Features	1	0.02251883650376717	0.013120912047086458	0.08818975131630676	11.0	2.0	0.21%	5.88%	13	0.25      	2469	2.0	132	5%	0.8516853267862688	23.687782805429865	NA	NA	NA	NA	NA	NA	NA	10071.0	false	slidingSubsets(Features) contains ("helix", "metal")	slidingSubsets(Features) contains ("helix", "metal")
185	numericPairs(Features) for (region, sequence) inRange (0.5 to 4.5)	Features	1	0.029650259591900364	0.012969091059543664	0.11844898065822329	55.0	4.0	1.06%	11.76%	59	1.13      	2469	2.0	108	99%	0.9382973939170759	10.438683948155534	0.0	1.0	2.0	3.0	11.0	3.0	2.0	NA	false	|numericPairs(Features).valueOf("(region, sequence)") orIfMissing 0.0 - 2.5|	numericPairs(Features) for (region, sequence) inRange (0.5 to 4.5)
186	smallSubsets(Entry) contains ('3', '4', 'M')	Entry	1	0.018739363660834864	0.012606019462533202	0.08831727282246213	17.0	2.0	0.33%	5.88%	19	0.36      	5235	2.0	0	0.0%	0.9005859197117964	16.207430340557277	NA	NA	NA	NA	NA	NA	NA	6936.0	false	smallSubsets(Entry) contains ('3', '4', 'M')	smallSubsets(Entry) contains ('3', '4', 'M')
187	normalizedHistogram(Entry) contains ('3', 10.0)	Entry	1	0.03655462080959313	0.012576773591204696	0.08833743368249027	297.0	9.0	5.71%	26.47%	306	5.85      	5235	2.0	7	0.0%	0.9769331689607202	4.528546712802768	NA	NA	NA	NA	NA	NA	NA	161.0	false	normalizedHistogram(Entry) contains ('3', 10.0)	normalizedHistogram(Entry) contains ('3', 10.0)
188	slidingSubsets(Keywords) contains ("cytoplasm", "metal")	Keywords	1	0.03313047737409386	0.012524160029218745	0.0881946363776553	45.0	4.0	0.87%	11.76%	49	0.94      	2161	2.0	174	0.0%	0.9243709019850971	12.569027611044417	NA	NA	NA	NA	NA	NA	NA	24791.0	false	slidingSubsets(Keywords) contains ("cytoplasm", "metal")	slidingSubsets(Keywords) contains ("cytoplasm", "metal")
189	elementCount(Sequence) contains ('K', 14.0)	Sequence	1	0.01761409756966736	0.01250109206694454	0.08844107003649522	113.0	4.0	2.17%	11.76%	117	2.23      	5235	2.0	55	0.0%	0.9721256760287716	5.263951734539971	NA	NA	NA	NA	NA	NA	NA	4087.0	false	elementCount(Sequence) contains ('K', 14.0)	elementCount(Sequence) contains ('K', 14.0)
190	slidingSubsets(Gene ontology (GO)) contains ("complex", "go", "nucleoplasm")	Gene ontology (GO)	1	0.04866486666559622	0.012442797389935015	0.08712350400339744	5.0	3.0	0.0961%	8.82%	8	0.15      	3227	2.0	471	10%	0.6290857527398577	57.7389705882353	NA	NA	NA	NA	NA	NA	NA	214296.0	false	slidingSubsets(Gene ontology (GO)) contains ("complex", "go", "nucleoplasm")	slidingSubsets(Gene ontology (GO)) contains ("complex", "go", "nucleoplasm")
191	slidingSubsets(Keywords) contains ("nucleus", "phosphoprotein", "proteomics", "identification")	Keywords	1	0.05797370229341307	0.012358820661543535	0.08621950051852663	2.0	3.0	0.0385%	8.82%	5	0.10      	2161	2.0	174	0.0%	0.40261488175350896	92.38235294117648	NA	NA	NA	NA	NA	NA	NA	24791.0	false	slidingSubsets(Keywords) contains ("nucleus", "phosphoprotein", "proteomics", "identification")	slidingSubsets(Keywords) contains ("nucleus", "phosphoprotein", "proteomics", "identification")
192	The percent of P in (Sequence) inRange (13.73 to 13.98)	Sequence	1	0.05113246541739992	0.012340570991945868	0.11855564636571889	4.0	3.0	0.0769%	8.82%	7	0.13      	5235	2.0	67	0.0%	0.575164116790727	65.9873949579832	0.0	4.0	5.0	6.0	31.0	5.0	3.0	NA	false	|normalizedHistogram(Sequence).valueOf(P) orIfMissing 0.0 - 13.85|	The percent of P in (Sequence) inRange (13.73 to 13.98)
193	numberIn(Protein families) < -23.5	Protein families	1	0.023339345504032633	0.012236809526366643	0.08876938064445147	10.0	2.0	0.19%	5.88%	12	0.23      	1259	2.0	0	78%	0.8387810036531437	25.66176470588235	-104.0	0.0	0.0	0.0	560.0	5.0	33.0	NA	false	numberIn(Protein families)	numberIn(Protein families) < -23.5
194	slidingSubsets(Features) contains ("1", "mutagenesis", "9")	Features	1	0.026366300437397856	0.012177001416390972	0.08800974279782918	7.0	2.0	0.13%	5.88%	9	0.17      	2469	2.0	132	5%	0.7828622700762674	34.21568627450981	NA	NA	NA	NA	NA	NA	NA	10071.0	false	slidingSubsets(Features) contains ("1", "mutagenesis", "9")	slidingSubsets(Features) contains ("1", "mutagenesis", "9")
195	slidingSubsets(Features) contains ("4", "mutagenesis", "2", "region")	Features	1	0.021072882967462802	0.012121311986371055	0.08824364266228622	13.0	2.0	0.25%	5.88%	15	0.29      	2469	2.0	132	5%	0.8723322437992694	20.529411764705884	NA	NA	NA	NA	NA	NA	NA	10071.0	false	slidingSubsets(Features) contains ("4", "mutagenesis", "2", "region")	slidingSubsets(Features) contains ("4", "mutagenesis", "2", "region")
196	numericPairs(Disruption phenotype) for (at) inRange (2.5 to 5.5)	Disruption phenotype	1	0.030241620594918805	0.012010876143514043	0.11868025787017905	22.0	3.0	0.42%	8.82%	25	0.48      	797	2.0	310	98%	0.8857527398577196	18.476470588235294	0.0	1.0	4.0	25.0	2.7669035E7	1182555.0	4876699.0	NA	false	|numericPairs(Disruption phenotype).valueOf("(at)") orIfMissing 0.0 - 4|	numericPairs(Disruption phenotype) for (at) inRange (2.5 to 5.5)
197	numberIn(Post-translational modification) inRange (-3.5 to -1.5)	Post-translational modification	1	0.03917911035963027	0.011989757162549252	0.10277119797080604	11.0	3.0	0.21%	8.82%	14	0.27      	119	2.0	1	98%	0.7908506605872497	32.9936974789916	-1019.0	0.0	0.0	0.0	2.66876E7	11555.0	506037.0	NA	false	|numberIn(Post-translational modification) - -2.5|	numberIn(Post-translational modification) inRange (-3.5 to -1.5)
198	numericPairs(Disruption phenotype) for (stage) inRange (0.5 to 3.5)	Disruption phenotype	1	0.02786812629635506	0.0119866764787789	0.11868006684919902	61.0	4.0	1.17%	11.76%	65	1.24      	797	2.0	310	98%	0.9445964533447709	9.475113122171948	0.0	1.0	2.0	4.0	2.7689799E7	1745103.0	5628613.0	NA	false	|numericPairs(Disruption phenotype).valueOf("(stage)") orIfMissing 0.0 - 2|	numericPairs(Disruption phenotype) for (stage) inRange (0.5 to 3.5)
199	numericPairs(Gene ontology (GO)) contains (("of"), 10628.0)	Gene ontology (GO)	1	0.03089907488739565	0.011982808742372321	0.08771626706677582	4.0	2.0	0.0769%	5.88%	6	0.11      	3227	2.0	447	10%	0.6710248029225149	51.3235294117647	NA	NA	NA	NA	NA	NA	NA	58612.0	false	numericPairs(Gene ontology (GO)) contains (("of"), 10628.0)	numericPairs(Gene ontology (GO)) contains (("of"), 10628.0)
200	numericPairs(Gene ontology (GO)) contains (("transcription"), 981.0)	Gene ontology (GO)	1	0.03089907488739565	0.011982808742372321	0.08771626706677582	4.0	2.0	0.0769%	5.88%	6	0.11      	3227	2.0	447	10%	0.6710248029225149	51.3235294117647	NA	NA	NA	NA	NA	NA	NA	58612.0	false	numericPairs(Gene ontology (GO)) contains (("transcription"), 981.0)	numericPairs(Gene ontology (GO)) contains (("transcription"), 981.0)
201	numberOfChars(Protein families) >= 47	Protein families	0	0.017011501873328803	0.011970825965932649	0.08853503902962741	509.0	0.0	9.79%	0.0%	509	9.72      	1259	2.0	0	NA	1.0065372043837724	0.0	0.0	0.0	0.0	28.0	135.0	16.0	22.0	NA	false	numberOfChars(Protein families)	numberOfChars(Protein families) >= 47
202	numericPairs(Gene ontology (GO)) for (complex) >= 98763.0	Gene ontology (GO)	1	0.02966048882662602	0.011806274243817255	0.1022195031767469	23.0	3.0	0.44%	8.82%	26	0.50      	3227	2.0	447	83%	0.8903982961856446	17.765837104072418	0.0	5634.0	5856.0	31519.0	1990907.0	59328.0	282463.0	NA	false	numericPairs(Gene ontology (GO)) for (complex)	numericPairs(Gene ontology (GO)) for (complex) >= 98763.0
203	slidingSubsets(Gene ontology (GO)) contains ("binding", "go", "embryo")	Gene ontology (GO)	1	0.017325164125499587	0.011653797627089067	0.08835485352857954	20.0	2.0	0.38%	5.88%	22	0.42      	3227	2.0	471	10%	0.9150338221670657	13.997326203208557	NA	NA	NA	NA	NA	NA	NA	214296.0	false	slidingSubsets(Gene ontology (GO)) contains ("binding", "go", "embryo")	slidingSubsets(Gene ontology (GO)) contains ("binding", "go", "embryo")
204	numberIn(Compositional bias) >= 304.5	Compositional bias	0	0.026052892636543715	0.011650697296120819	0.08876434577899447	759.0	0.0	14.59%	0.0%	759	14.50     	2243	2.0	0	55%	1.0065372043837724	0.0	0.0	0.0	0.0	108.0	4852.0	134.0	345.0	NA	false	numberIn(Compositional bias)	numberIn(Compositional bias) >= 304.5
205	numericPairs(Gene ontology (GO)) contains (("cell"), 978.0)	Gene ontology (GO)	1	0.029131187887841803	0.011576274845576667	0.08784217660844786	5.0	2.0	0.0961%	5.88%	7	0.13      	3227	2.0	447	10%	0.7189551459884088	43.991596638655466	NA	NA	NA	NA	NA	NA	NA	58612.0	false	numericPairs(Gene ontology (GO)) contains (("cell"), 978.0)	numericPairs(Gene ontology (GO)) contains (("cell"), 978.0)
206	slidingSubsets(Gene ontology (GO)) contains ("go", "0016514", "dna", "binding")	Gene ontology (GO)	1	0.05797370229341307	0.011571195299631434	0.08621950051852663	2.0	3.0	0.0385%	8.82%	5	0.10      	3227	2.0	471	10%	0.40261488175350896	92.38235294117648	NA	NA	NA	NA	NA	NA	NA	214296.0	false	slidingSubsets(Gene ontology (GO)) contains ("go", "0016514", "dna", "binding")	slidingSubsets(Gene ontology (GO)) contains ("go", "0016514", "dna", "binding")
207	normalizedHistogram(Sequence) contains ('C', 1.563)	Sequence	1	0.012551549825055245	0.011515051948727824	0.08831546342533678	4.0	1.0	0.0769%	2.94%	5	0.10      	5235	2.0	67	0.0%	0.8052297635070179	30.794117647058826	NA	NA	NA	NA	NA	NA	NA	73526.0	false	normalizedHistogram(Sequence) contains ('C', 1.563)	normalizedHistogram(Sequence) contains ('C', 1.563)
208	numericPairs(Gene ontology (GO)) for (mrna) inRange (5,733.5 to 1,065,302)	Gene ontology (GO)	1	0.030467713094139648	0.011449438585348384	0.11866950499581139	95.0	5.0	1.83%	14.71%	100	1.91      	3227	2.0	447	96%	0.9562103441645837	7.6985294117647065	0.0	3723.0	5844.0	43928.0	1990904.0	154614.0	499515.0	NA	false	|numericPairs(Gene ontology (GO)).valueOf("(mrna)") orIfMissing 0.0 - 535,517.75|	numericPairs(Gene ontology (GO)) for (mrna) inRange (5,733.5 to 1,065,302)
209	slidingSubsets(Tissue specificity) contains ("ring", "and", "ventral")	Tissue specificity	1	0.027646080771774523	0.01142698468819294	0.0879364780738503	6.0	2.0	0.12%	5.88%	8	0.15      	775	2.0	850	85%	0.7549029032878293	38.49264705882353	NA	NA	NA	NA	NA	NA	NA	58451.0	false	slidingSubsets(Tissue specificity) contains ("ring", "and", "ventral")	slidingSubsets(Tissue specificity) contains ("ring", "and", "ventral")
210	latLongs(Features) contains LatLong(47.43, 5.79)	Features	0	0.017152348961892848	0.011407014272000427	0.08853001214273143	513.0	0.0	9.86%	0.0%	513	9.80      	2469	2.0	726	11%	1.0065372043837724	0.0	NA	NA	NA	NA	NA	NA	NA	24.0	false	latLongs(Features) contains LatLong(47.43, 5.79)	latLongs(Features) contains LatLong(47.43, 5.79)
211	sentimentDistribution(Compositional bias) contains (0.0, 111.0)	Compositional bias	1	0.02251883650376717	0.011392846983847777	0.08818975131630676	11.0	2.0	0.21%	5.88%	13	0.25      	2243	2.0	51	0.0%	0.8516853267862688	23.687782805429865	NA	NA	NA	NA	NA	NA	NA	146.0	false	sentimentDistribution(Compositional bias) contains (0.0, 111.0)	sentimentDistribution(Compositional bias) contains (0.0, 111.0)
212	numericPairs(Gene ontology (GO)) for (membrane) >= 6279.0	Gene ontology (GO)	0	0.022631284171045183	0.01131751331363648	0.10251831027110375	1069.0	1.0	20.55%	2.94%	1070	20.44     	3227	2.0	447	71%	1.0055965154077127	0.1438977460142936	0.0	5887.0	16021.0	16323.0	1990573.0	36711.0	195137.0	NA	false	numericPairs(Gene ontology (GO)) for (membrane)	numericPairs(Gene ontology (GO)) for (membrane) >= 6279.0
213	prefixes(Sequence) contains "MGR"	Sequence	1	0.020429145363268283	0.011289372378838283	0.08826551733006505	14.0	2.0	0.27%	5.88%	16	0.31      	5235	2.0	0	0.0%	0.8807200538358008	19.246323529411764	NA	NA	NA	NA	NA	NA	NA	211835.0	false	prefixes(Sequence) contains "MGR"	prefixes(Sequence) contains "MGR"
214	slidingSubsets(Gene ontology (GO)) contains ("0000977", "development")	Gene ontology (GO)	1	0.03089907488739565	0.011190197343066225	0.08771626706677582	4.0	2.0	0.0769%	5.88%	6	0.11      	3227	2.0	471	10%	0.6710248029225149	51.3235294117647	NA	NA	NA	NA	NA	NA	NA	214296.0	false	slidingSubsets(Gene ontology (GO)) contains ("0000977", "development")	slidingSubsets(Gene ontology (GO)) contains ("0000977", "development")
215	numericPairs(Developmental stage) contains (("from"), 3.0)	Developmental stage	1	0.023339345504032633	0.011127125001057277	0.08815604009915246	10.0	2.0	0.19%	5.88%	12	0.23      	540	2.0	110	90%	0.8387810036531437	25.66176470588235	NA	NA	NA	NA	NA	NA	NA	4131.0	false	numericPairs(Developmental stage) contains (("from"), 3.0)	numericPairs(Developmental stage) contains (("from"), 3.0)
216	slidingSubsets(Disruption phenotype) contains ("animals", "with")	Disruption phenotype	1	0.023339345504032633	0.011127125001057277	0.08815604009915246	10.0	2.0	0.19%	5.88%	12	0.23      	797	2.0	1006	85%	0.8387810036531437	25.66176470588235	NA	NA	NA	NA	NA	NA	NA	212329.0	false	slidingSubsets(Disruption phenotype) contains ("animals", "with")	slidingSubsets(Disruption phenotype) contains ("animals", "with")
217	numericPairs(Disruption phenotype) contains (("expression"), 3.0)	Disruption phenotype	1	0.026366300437397856	0.0110430167646574	0.08800974279782918	7.0	2.0	0.13%	5.88%	9	0.17      	797	2.0	310	85%	0.7828622700762674	34.21568627450981	NA	NA	NA	NA	NA	NA	NA	16341.0	false	numericPairs(Disruption phenotype) contains (("expression"), 3.0)	numericPairs(Disruption phenotype) contains (("expression"), 3.0)
218	slidingSubsets(Disruption phenotype) contains ("and", "production", "of")	Disruption phenotype	1	0.026366300437397856	0.0110430167646574	0.08800974279782918	7.0	2.0	0.13%	5.88%	9	0.17      	797	2.0	1006	85%	0.7828622700762674	34.21568627450981	NA	NA	NA	NA	NA	NA	NA	212329.0	false	slidingSubsets(Disruption phenotype) contains ("and", "production", "of")	slidingSubsets(Disruption phenotype) contains ("and", "production", "of")
219	slidingSubsets(Tissue specificity) contains ("cells", "in", "head")	Tissue specificity	1	0.021072882967462802	0.01102815283542903	0.08824364266228622	13.0	2.0	0.25%	5.88%	15	0.29      	775	2.0	850	85%	0.8723322437992694	20.529411764705884	NA	NA	NA	NA	NA	NA	NA	58451.0	false	slidingSubsets(Tissue specificity) contains ("cells", "in", "head")	slidingSubsets(Tissue specificity) contains ("cells", "in", "head")
220	slidingSubsets(Disruption phenotype) contains ("animals", "defects")	Disruption phenotype	1	0.027646080771774523	0.011014991462461156	0.0879364780738503	6.0	2.0	0.12%	5.88%	8	0.15      	797	2.0	1006	85%	0.7549029032878293	38.49264705882353	NA	NA	NA	NA	NA	NA	NA	212329.0	false	slidingSubsets(Disruption phenotype) contains ("animals", "defects")	slidingSubsets(Disruption phenotype) contains ("animals", "defects")
221	mostCommonValue(Sequence) == R	Sequence	1	0.012880282464941023	0.01099919914657839	0.08847352844362984	86.0	3.0	1.65%	8.82%	89	1.70      	5235	2.0	0	0.0%	0.9726089840112857	5.1900198281559815	NA	NA	NA	NA	NA	NA	NA	19.0	false	mostCommonValue(Sequence) == R	mostCommonValue(Sequence) == R
222	slidingSubsets(Gene ontology (GO)) contains ("0005085", "binding")	Gene ontology (GO)	1	0.019829035991299697	0.01099230965896051	0.08828480817258488	15.0	2.0	0.29%	5.88%	17	0.32      	3227	2.0	471	10%	0.8881210626915638	18.114186851211073	NA	NA	NA	NA	NA	NA	NA	214296.0	false	slidingSubsets(Gene ontology (GO)) contains ("0005085", "binding")	slidingSubsets(Gene ontology (GO)) contains ("0005085", "binding")
223	slidingSubsets(Disruption phenotype) contains ("laying", "of")	Disruption phenotype	1	0.033082415021822575	0.01093094785670845	0.08753966957567236	3.0	2.0	0.0577%	5.88%	5	0.10      	797	2.0	1006	85%	0.6039223226302634	61.58823529411765	NA	NA	NA	NA	NA	NA	NA	212329.0	false	slidingSubsets(Disruption phenotype) contains ("laying", "of")	slidingSubsets(Disruption phenotype) contains ("laying", "of")
224	slidingSubsets(Developmental stage) contains ("tail", "expressed")	Developmental stage	1	0.033082415021822575	0.01093094785670845	0.08753966957567236	3.0	2.0	0.0577%	5.88%	5	0.10      	540	2.0	401	89%	0.6039223226302634	61.58823529411765	NA	NA	NA	NA	NA	NA	NA	56201.0	false	slidingSubsets(Developmental stage) contains ("tail", "expressed")	slidingSubsets(Developmental stage) contains ("tail", "expressed")
225	wordFrequencies(Gene ontology (GO)) for dna inRange (0.12 to 0.21)	Gene ontology (GO)	1	0.10996700365347967	0.04724680504142837	0.11857692680029366	164.0	13.0	3.15%	38.24%	177	3.38      	3227	2.1	53	89%	0.9326107430448513	11.308574277168496	0.0	0.103975049	0.161164593	0.234082294	0.622752369	0.179617909	0.106000732	NA	false	|wordFrequencies(Gene ontology (GO)).valueOf(dna) orIfMissing 0.0 - 0.16|	wordFrequencies(Gene ontology (GO)) for dna inRange (0.12 to 0.21)
226	wordCounts(Gene ontology (GO)) for regulation >= 1.5	Gene ontology (GO)	1	0.10379490571231503	0.04529147314706252	0.10235623035778092	694.0	21.0	13.36%	61.76%	715	13.68     	3227	2.05	31	72%	0.9770158617970974	4.515897140979303	0.0	1.0	2.0	3.0	22.0	2.0	2.0	NA	false	wordCounts(Gene ontology (GO)) for regulation	wordCounts(Gene ontology (GO)) for regulation >= 1.5
227	wordFrequencies(Gene ontology (GO)) for 0003729 inRange (0.035 to 0.0501)	Gene ontology (GO)	1	0.08723032798886206	0.04261323957109624	0.11912762451575766	1.0	4.0	0.0192%	11.76%	5	0.10      	3227	2.1	53	99%	0.20130744087675448	123.1764705882353	0.0	0.04879500364743	0.10206207261597	0.14586499149789	0.33333333333333	0.0986293389458	0.07079070555064	NA	false	|wordFrequencies(Gene ontology (GO)).valueOf(0003729) orIfMissing 0.0 - 0.0425|	wordFrequencies(Gene ontology (GO)) for 0003729 inRange (0.035 to 0.0501)
228	wordFrequencies(Keywords) contains ("binding", 0.267)	Keywords	1	0.11533624837235616	0.04002788133820124	0.08687867886498962	39.0	9.0	0.75%	26.47%	48	0.92      	2161	2.1	19	0.0%	0.817811478561815	28.86948529411765	NA	NA	NA	NA	NA	NA	NA	6089.0	false	wordFrequencies(Keywords) contains ("binding", 0.267)	wordFrequencies(Keywords) contains ("binding", 0.267)
229	wordFrequencies(Gene ontology (GO)) for process inRange (0.0559 to 0.0629)	Gene ontology (GO)	1	0.062170738040369454	0.03775884808982404	0.11915602755256799	22.0	5.0	0.42%	14.71%	27	0.52      	3227	2.1	53	84%	0.8201414257941848	28.513071895424837	0.0	0.07602859213	0.12909944487	0.19418390935	0.4670993665	0.14328803578	0.0842956843	NA	false	|wordFrequencies(Gene ontology (GO)).valueOf(process) orIfMissing 0.0 - 0.0594|	wordFrequencies(Gene ontology (GO)) for process inRange (0.0559 to 0.0629)
230	wordFrequencies(Gene ontology (GO)) for 0005634 inRange (0.0402 to 0.0689)	Gene ontology (GO)	1	0.08578208186223583	0.03750676212294807	0.11915424199531212	200.0	12.0	3.85%	35.29%	212	4.05      	3227	2.1	53	82%	0.9495634003620494	8.715316315205328	0.0	0.0584206237836986	0.0816496580927726	0.1221694443563052	0.5773502691896258	0.0982281320621671	0.0619656285543687	NA	false	|wordFrequencies(Gene ontology (GO)).valueOf(0005634) orIfMissing 0.0 - 0.0546|	wordFrequencies(Gene ontology (GO)) for 0005634 inRange (0.0402 to 0.0689)
231	max(numbers(Disruption phenotype)) inRange (30,938,665 to 31,026,968)	Disruption phenotype	1	0.08083798850587473	0.03458868756273985	0.10296548799754857	2.0	4.0	0.0385%	11.76%	6	0.11      	797	2.05	16	85%	0.33551240146125744	102.6470588235294	0.0	0.0	0.0	0.0	3.3826611E7	3419630.0	8313132.0	NA	false	|max(numbers(Disruption phenotype)) - 30,982,817|	max(numbers(Disruption phenotype)) inRange (30,938,665 to 31,026,968)
232	wordFrequencies(Gene ontology (GO)) for determination inRange (0.0402 to 0.0575)	Gene ontology (GO)	1	0.06493440058892863	0.03346064114479181	0.11903728353156283	39.0	6.0	0.75%	17.65%	45	0.86      	3227	2.1	53	96%	0.8723322437992694	20.529411764705884	0.0	0.040128617695256406	0.06085806194501846	0.086710996952412	0.4082482904638631	0.07114399154714929	0.051283663883118696	NA	false	|wordFrequencies(Gene ontology (GO)).valueOf(determination) orIfMissing 0.0 - 0.0489|	wordFrequencies(Gene ontology (GO)) for determination inRange (0.0402 to 0.0575)
233	deviation(latLongs(Keywords)) inRange (111.5 to 1,968.08)	Keywords	1	0.089636177958912	0.03225164326841498	0.10272740994300361	721.0	20.0	13.86%	58.82%	741	14.15     	2161	2.05	1000	0.0%	0.9793702083140349	4.155751369373661	0.0	0.0	0.0	296.0	7464.0	570.0	1086.0	NA	false	|deviation(latLongs(Keywords)) - 1,039.79|	deviation(latLongs(Keywords)) inRange (111.5 to 1,968.08)
234	average(numbers(Features)) < 1.155	Features	0	0.06207355096812474	0.03199367082159724	0.08897525756373692	1630.0	0.0	31.34%	0.0%	1630	31.14     	2469	2.05	4	5%	1.0065372043837724	0.0	0.0	1.0	2.0	3.0	38.0	2.0	2.0	NA	false	average(numbers(Features))	average(numbers(Features)) < 1.155
235	wordFrequencies(Keywords) contains ("nucleus", 0.408)	Keywords	1	0.07836866069830618	0.03048499890483919	0.0868519782541631	10.0	5.0	0.19%	14.71%	15	0.29      	2161	2.1	19	0.0%	0.6710248029225149	51.3235294117647	NA	NA	NA	NA	NA	NA	NA	6089.0	false	wordFrequencies(Keywords) contains ("nucleus", 0.408)	wordFrequencies(Keywords) contains ("nucleus", 0.408)
236	average(numbers(Repeat)) inRange (285.97 to 669.9)	Repeat	1	0.11071418585886388	0.030266051532461362	0.10302220394255089	66.0	10.0	1.27%	29.41%	76	1.45      	229	2.05	15	95%	0.8740980985438024	20.259287925696594	0.0	0.0	0.0	0.0	3485332.0	1256.0	56311.0	NA	false	|average(numbers(Repeat)) - 477.93|	average(numbers(Repeat)) inRange (285.97 to 669.9)
237	wordFrequencies(Gene ontology (GO)) for regulatory inRange (0.0463 to 0.0755)	Gene ontology (GO)	1	0.10052957549101593	0.029942162495406214	0.11813575086187027	57.0	9.0	1.1%	26.47%	66	1.26      	3227	2.1	53	96%	0.8692821310587124	20.995989304812834	0.0	9.223372036854775E-8	9.223372036854775E-8	9.223372036854775E-8	9.223372036854775E-8	9.223372036854775E-8	9.223372036854775E-8	NA	false	|wordFrequencies(Gene ontology (GO)).valueOf(regulatory) orIfMissing 0.0 - 0.0609|	wordFrequencies(Gene ontology (GO)) for regulatory inRange (0.0463 to 0.0755)
238	sum(numbers(Repeat)) inRange (6,008 to 13,900.5)	Repeat	1	0.13136151544366148	0.028533036330441866	0.10277130048382084	41.0	10.0	0.79%	29.41%	51	0.97      	229	2.05	15	0.0%	0.8091769682300916	30.190311418685123	0.0	0.0	0.0	0.0	2.648852427E9	537405.0	3.6644829E7	NA	false	|sum(numbers(Repeat)) - 9,954.25|	sum(numbers(Repeat)) inRange (6,008 to 13,900.5)
239	wordFrequencies(Disruption phenotype) for phenotype inRange (0.26 to 0.28)	Disruption phenotype	1	0.03807760110346502	0.027091875222496804	0.11918199730745163	12.0	3.0	0.23%	8.82%	15	0.29      	797	2.1	96	85%	0.8052297635070179	30.794117647058826	0.0	0.07312724241	0.12126781252	0.1889822365	0.60302268916	0.1397936215	0.0896302604	NA	false	|wordFrequencies(Disruption phenotype).valueOf(phenotype) orIfMissing 0.0 - 0.27|	wordFrequencies(Disruption phenotype) for phenotype inRange (0.26 to 0.28)
240	wordFrequencies(Gene ontology (GO)) for nematode inRange (0.061 to 0.0754)	Gene ontology (GO)	1	0.05697992743616125	0.02696845967268061	0.11884348748455144	28.0	5.0	0.54%	14.71%	33	0.63      	3227	2.1	53	96%	0.8540315673559281	23.328877005347596	0.0	9.223372036854775E-7	9.223372036854775E-7	9.223372036854775E-7	9.223372036854775E-7	9.223372036854775E-7	9.223372036854775E-7	NA	false	|wordFrequencies(Gene ontology (GO)).valueOf(nematode) orIfMissing 0.0 - 0.0682|	wordFrequencies(Gene ontology (GO)) for nematode inRange (0.061 to 0.0754)
241	wordFrequencies(Tissue specificity) for specificity inRange (0.11 to 0.12)	Tissue specificity	1	0.04866486666559622	0.0268787901239284	0.11921095081777387	5.0	3.0	0.0961%	8.82%	8	0.15      	775	2.1	39	85%	0.6290857527398577	57.7389705882353	0.0	0.12216944436	0.1889822365	0.26726124191	0.57735026919	0.19422198317	0.0894094766	NA	false	|wordFrequencies(Tissue specificity).valueOf(specificity) orIfMissing 0.0 - 0.11|	wordFrequencies(Tissue specificity) for specificity inRange (0.11 to 0.12)
242	wordFrequencies(Gene ontology (GO)) for protein inRange (0.0553 to 0.0754)	Gene ontology (GO)	1	0.055421903107652416	0.026131173928998004	0.11921206604154061	131.0	8.0	2.52%	23.53%	139	2.66      	3227	2.1	53	74%	0.9486070055703179	8.861616589081677	0.0	0.085125653	0.147441956	0.231869448	0.577350269	0.16745966	0.101112646	NA	false	|wordFrequencies(Gene ontology (GO)).valueOf(protein) orIfMissing 0.0 - 0.0653|	wordFrequencies(Gene ontology (GO)) for protein inRange (0.0553 to 0.0754)
243	wordFrequencies(Gene ontology (GO)) for of inRange (0.18 to 0.23)	Gene ontology (GO)	1	0.05078333326538751	0.025285253710940522	0.1191440534415228	474.0	13.0	9.11%	38.24%	487	9.30      	3227	2.1	53	49%	0.9796686547800988	4.110097837903129	0.0	0.10976425999	0.16038538795	0.22645540683	0.57735026919	0.17684178592	0.08711844943	NA	false	|wordFrequencies(Gene ontology (GO)).valueOf(of) orIfMissing 0.0 - 0.21|	wordFrequencies(Gene ontology (GO)) for of inRange (0.18 to 0.23)
244	sum(numbers(Compositional bias)) inRange (697.5 to 1,063.5)	Compositional bias	1	0.05557198411939795	0.023711042795146797	0.1027711338440696	233.0	10.0	4.48%	29.41%	243	4.64      	2243	2.05	13	0.0%	0.9651159202527528	6.336238198983297	0.0	0.0	0.0	1668.0	2269397.0	3583.0	40097.0	NA	false	|sum(numbers(Compositional bias)) - 880.5|	sum(numbers(Compositional bias)) inRange (697.5 to 1,063.5)
245	wordFrequencies(Gene ontology (GO)) contains ("activity", 0.224)	Gene ontology (GO)	1	0.04905577988863515	0.023516697765662613	0.08809549894891036	18.0	4.0	0.35%	11.76%	22	0.42      	3227	2.1	53	10%	0.8235304399503592	27.994652406417114	NA	NA	NA	NA	NA	NA	NA	74856.0	false	wordFrequencies(Gene ontology (GO)) contains ("activity", 0.224)	wordFrequencies(Gene ontology (GO)) contains ("activity", 0.224)
246	wordFrequencies(Gene ontology (GO)) for 0018991 inRange (0.0558 to 0.076)	Gene ontology (GO)	1	0.050031346890233294	0.023197812187929653	0.11877158586123683	17.0	4.0	0.33%	11.76%	21	0.40      	3227	2.1	53	99%	0.8148158321201967	29.327731092436974	0.0	9.223372036854776E-19	9.223372036854776E-19	9.223372036854776E-19	9.223372036854776E-19	9.223372036854776E-19	9.223372036854776E-19	NA	false	|wordFrequencies(Gene ontology (GO)).valueOf(0018991) orIfMissing 0.0 - 0.0659|	wordFrequencies(Gene ontology (GO)) for 0018991 inRange (0.0558 to 0.076)
247	wordFrequencies(Features) for 1 inRange (0.37 to 0.71)	Features	1	0.040120168865861165	0.02214245216592863	0.11916789940937242	2193.0	26.0	42.16%	76.47%	2219	42.39     	2469	2.1	24	20%	0.9947436183927953	1.804071786443284	0.0	0.48507	0.63246	0.75	0.92376	0.60034	0.18324	NA	false	|wordFrequencies(Features).valueOf(1) orIfMissing 0.0 - 0.54|	wordFrequencies(Features) for 1 inRange (0.37 to 0.71)
248	wordCounts(Gene ontology (GO)) contains ("binding", 4.0)	Gene ontology (GO)	1	0.053706904476078364	0.021482644244742104	0.08824846896508828	95.0	7.0	1.83%	20.59%	102	1.95      	3227	2.05	31	10%	0.9374611217299841	10.566608996539793	NA	NA	NA	NA	NA	NA	NA	8754.0	false	wordCounts(Gene ontology (GO)) contains ("binding", 4.0)	wordCounts(Gene ontology (GO)) contains ("binding", 4.0)
249	wordFrequencies(Gene ontology (GO)) for transcription inRange (0.0356 to 0.25)	Gene ontology (GO)	1	0.0803002055898262	0.021449514551385822	0.11875851640552532	335.0	14.0	6.44%	41.18%	349	6.67      	3227	2.1	53	91%	0.9661603537781196	6.176470588235295	0.0	0.1195228609	0.1889822365	0.2474358297	0.4879500365	0.1890889342	0.096110662	NA	false	|wordFrequencies(Gene ontology (GO)).valueOf(transcription) orIfMissing 0.0 - 0.14|	wordFrequencies(Gene ontology (GO)) for transcription inRange (0.0356 to 0.25)