source	generator	objectname	details	object type
"context: 3_utr_parsedFeats.csv.gz"	"Lookup"	"3_utr_parsedFeats.csv.gz_3_UTR_1_len_by_Gene_name"	"SharedIndexOnDiskMultiLookup"	"com.sparkbeyond.runtime.feature.context.MultiLookupContext[com.sparkbeyond.runtime.feature.types.Id[java.lang.String("Gid")],Int]"
"context: 3_utr_parsedFeats.csv.gz"	"Lookup"	"3_utr_parsedFeats.csv.gz_3_UTR_1_len_by_UniProtKBTrEMBL_ID"	"SharedIndexOnDiskMultiLookup"	"com.sparkbeyond.runtime.feature.context.MultiLookupContext[com.sparkbeyond.runtime.feature.types.Id[java.lang.String("Pid")],Int]"
"context: 3_utr_parsedFeats.csv.gz"	"Lookup"	"3_utr_parsedFeats.csv.gz_3_UTR_2_len_by_Gene_name"	"SharedIndexOnDiskMultiLookup"	"com.sparkbeyond.runtime.feature.context.MultiLookupContext[com.sparkbeyond.runtime.feature.types.Id[java.lang.String("Gid")],Int]"
"context: 3_utr_parsedFeats.csv.gz"	"Lookup"	"3_utr_parsedFeats.csv.gz_3_UTR_2_len_by_UniProtKBTrEMBL_ID"	"SharedIndexOnDiskMultiLookup"	"com.sparkbeyond.runtime.feature.context.MultiLookupContext[com.sparkbeyond.runtime.feature.types.Id[java.lang.String("Pid")],Int]"
"context: 3_utr_parsedFeats.csv.gz"	"Lookup"	"3_utr_parsedFeats.csv.gz_3_UTR_3_len_by_Gene_name"	"SharedIndexOnDiskMultiLookup"	"com.sparkbeyond.runtime.feature.context.MultiLookupContext[com.sparkbeyond.runtime.feature.types.Id[java.lang.String("Gid")],Double]"
"context: 3_utr_parsedFeats.csv.gz"	"Lookup"	"3_utr_parsedFeats.csv.gz_3_UTR_3_len_by_UniProtKBTrEMBL_ID"	"SharedIndexOnDiskMultiLookup"	"com.sparkbeyond.runtime.feature.context.MultiLookupContext[com.sparkbeyond.runtime.feature.types.Id[java.lang.String("Pid")],Double]"
"context: 3_utr_parsedFeats.csv.gz"	"Lookup"	"3_utr_parsedFeats.csv.gz_3_UTR_end_1_by_Gene_name"	"SharedIndexOnDiskMultiLookup"	"com.sparkbeyond.runtime.feature.context.MultiLookupContext[com.sparkbeyond.runtime.feature.types.Id[java.lang.String("Gid")],Double]"
"context: 3_utr_parsedFeats.csv.gz"	"Lookup"	"3_utr_parsedFeats.csv.gz_3_UTR_end_1_by_UniProtKBTrEMBL_ID"	"SharedIndexOnDiskMultiLookup"	"com.sparkbeyond.runtime.feature.context.MultiLookupContext[com.sparkbeyond.runtime.feature.types.Id[java.lang.String("Pid")],Double]"
"context: 3_utr_parsedFeats.csv.gz"	"Lookup"	"3_utr_parsedFeats.csv.gz_3_UTR_end_2_by_Gene_name"	"SharedIndexOnDiskMultiLookup"	"com.sparkbeyond.runtime.feature.context.MultiLookupContext[com.sparkbeyond.runtime.feature.types.Id[java.lang.String("Gid")],Double]"
"context: 3_utr_parsedFeats.csv.gz"	"Lookup"	"3_utr_parsedFeats.csv.gz_3_UTR_end_2_by_UniProtKBTrEMBL_ID"	"SharedIndexOnDiskMultiLookup"	"com.sparkbeyond.runtime.feature.context.MultiLookupContext[com.sparkbeyond.runtime.feature.types.Id[java.lang.String("Pid")],Double]"
"context: 3_utr_parsedFeats.csv.gz"	"Lookup"	"3_utr_parsedFeats.csv.gz_3_UTR_end_3_by_Gene_name"	"SharedIndexOnDiskMultiLookup"	"com.sparkbeyond.runtime.feature.context.MultiLookupContext[com.sparkbeyond.runtime.feature.types.Id[java.lang.String("Gid")],Double]"
"context: 3_utr_parsedFeats.csv.gz"	"Lookup"	"3_utr_parsedFeats.csv.gz_3_UTR_end_3_by_UniProtKBTrEMBL_ID"	"SharedIndexOnDiskMultiLookup"	"com.sparkbeyond.runtime.feature.context.MultiLookupContext[com.sparkbeyond.runtime.feature.types.Id[java.lang.String("Pid")],Double]"
"context: 3_utr_parsedFeats.csv.gz"	"Lookup"	"3_utr_parsedFeats.csv.gz_3_UTR_end_by_Gene_name"	"SharedIndexOnDiskMultiLookup"	"com.sparkbeyond.runtime.feature.context.MultiLookupContext[com.sparkbeyond.runtime.feature.types.Id[java.lang.String("Gid")],String]"
"context: 3_utr_parsedFeats.csv.gz"	"Lookup"	"3_utr_parsedFeats.csv.gz_3_UTR_end_by_UniProtKBTrEMBL_ID"	"SharedIndexOnDiskMultiLookup"	"com.sparkbeyond.runtime.feature.context.MultiLookupContext[com.sparkbeyond.runtime.feature.types.Id[java.lang.String("Pid")],String]"
"context: 3_utr_parsedFeats.csv.gz"	"Lookup"	"3_utr_parsedFeats.csv.gz_3_UTR_start_1_by_Gene_name"	"SharedIndexOnDiskMultiLookup"	"com.sparkbeyond.runtime.feature.context.MultiLookupContext[com.sparkbeyond.runtime.feature.types.Id[java.lang.String("Gid")],Double]"
"context: 3_utr_parsedFeats.csv.gz"	"Lookup"	"3_utr_parsedFeats.csv.gz_3_UTR_start_1_by_UniProtKBTrEMBL_ID"	"SharedIndexOnDiskMultiLookup"	"com.sparkbeyond.runtime.feature.context.MultiLookupContext[com.sparkbeyond.runtime.feature.types.Id[java.lang.String("Pid")],Double]"
"context: 3_utr_parsedFeats.csv.gz"	"Lookup"	"3_utr_parsedFeats.csv.gz_3_UTR_start_2_by_Gene_name"	"SharedIndexOnDiskMultiLookup"	"com.sparkbeyond.runtime.feature.context.MultiLookupContext[com.sparkbeyond.runtime.feature.types.Id[java.lang.String("Gid")],Double]"
"context: 3_utr_parsedFeats.csv.gz"	"Lookup"	"3_utr_parsedFeats.csv.gz_3_UTR_start_2_by_UniProtKBTrEMBL_ID"	"SharedIndexOnDiskMultiLookup"	"com.sparkbeyond.runtime.feature.context.MultiLookupContext[com.sparkbeyond.runtime.feature.types.Id[java.lang.String("Pid")],Double]"
"context: 3_utr_parsedFeats.csv.gz"	"Lookup"	"3_utr_parsedFeats.csv.gz_3_UTR_start_3_by_Gene_name"	"SharedIndexOnDiskMultiLookup"	"com.sparkbeyond.runtime.feature.context.MultiLookupContext[com.sparkbeyond.runtime.feature.types.Id[java.lang.String("Gid")],Double]"
"context: 3_utr_parsedFeats.csv.gz"	"Lookup"	"3_utr_parsedFeats.csv.gz_3_UTR_start_3_by_UniProtKBTrEMBL_ID"	"SharedIndexOnDiskMultiLookup"	"com.sparkbeyond.runtime.feature.context.MultiLookupContext[com.sparkbeyond.runtime.feature.types.Id[java.lang.String("Pid")],Double]"
"context: 3_utr_parsedFeats.csv.gz"	"Lookup"	"3_utr_parsedFeats.csv.gz_3_UTR_start_by_Gene_name"	"SharedIndexOnDiskMultiLookup"	"com.sparkbeyond.runtime.feature.context.MultiLookupContext[com.sparkbeyond.runtime.feature.types.Id[java.lang.String("Gid")],String]"
"context: 3_utr_parsedFeats.csv.gz"	"Lookup"	"3_utr_parsedFeats.csv.gz_3_UTR_start_by_UniProtKBTrEMBL_ID"	"SharedIndexOnDiskMultiLookup"	"com.sparkbeyond.runtime.feature.context.MultiLookupContext[com.sparkbeyond.runtime.feature.types.Id[java.lang.String("Pid")],String]"
"context: 3_utr_parsedFeats.csv.gz"	"Lookup"	"3_utr_parsedFeats.csv.gz_3_utr_len_by_Gene_name"	"SharedIndexOnDiskMultiLookup"	"com.sparkbeyond.runtime.feature.context.MultiLookupContext[com.sparkbeyond.runtime.feature.types.Id[java.lang.String("Gid")],Double]"
"context: 3_utr_parsedFeats.csv.gz"	"Lookup"	"3_utr_parsedFeats.csv.gz_3_utr_len_by_UniProtKBTrEMBL_ID"	"SharedIndexOnDiskMultiLookup"	"com.sparkbeyond.runtime.feature.context.MultiLookupContext[com.sparkbeyond.runtime.feature.types.Id[java.lang.String("Pid")],Double]"
"context: 3_utr_parsedFeats.csv.gz"	"Lookup"	"3_utr_parsedFeats.csv.gz_3_utr_seq_by_Gene_name"	"SharedIndexOnDiskMultiLookup"	"com.sparkbeyond.runtime.feature.context.MultiLookupContext[com.sparkbeyond.runtime.feature.types.Id[java.lang.String("Gid")],String]"
"context: 3_utr_parsedFeats.csv.gz"	"Lookup"	"3_utr_parsedFeats.csv.gz_3_utr_seq_by_UniProtKBTrEMBL_ID"	"SharedIndexOnDiskMultiLookup"	"com.sparkbeyond.runtime.feature.context.MultiLookupContext[com.sparkbeyond.runtime.feature.types.Id[java.lang.String("Pid")],String]"
"context: 3_utr_parsedFeats.csv.gz"	"Lookup"	"3_utr_parsedFeats.csv.gz_3utr_counts_by_Gene_name"	"SharedIndexOnDiskMultiLookup"	"com.sparkbeyond.runtime.feature.context.MultiLookupContext[com.sparkbeyond.runtime.feature.types.Id[java.lang.String("Gid")],Int]"
"context: 3_utr_parsedFeats.csv.gz"	"Lookup"	"3_utr_parsedFeats.csv.gz_3utr_counts_by_UniProtKBTrEMBL_ID"	"SharedIndexOnDiskMultiLookup"	"com.sparkbeyond.runtime.feature.context.MultiLookupContext[com.sparkbeyond.runtime.feature.types.Id[java.lang.String("Pid")],Int]"
"context: 3_utr_parsedFeats.csv.gz"	"Lookup"	"3_utr_parsedFeats.csv.gz_5_UTR_1_len_by_Gene_name"	"SharedIndexOnDiskMultiLookup"	"com.sparkbeyond.runtime.feature.context.MultiLookupContext[com.sparkbeyond.runtime.feature.types.Id[java.lang.String("Gid")],Int]"
"context: 3_utr_parsedFeats.csv.gz"	"Lookup"	"3_utr_parsedFeats.csv.gz_5_UTR_1_len_by_UniProtKBTrEMBL_ID"	"SharedIndexOnDiskMultiLookup"	"com.sparkbeyond.runtime.feature.context.MultiLookupContext[com.sparkbeyond.runtime.feature.types.Id[java.lang.String("Pid")],Int]"
"context: 3_utr_parsedFeats.csv.gz"	"Lookup"	"3_utr_parsedFeats.csv.gz_5_UTR_2_len_by_Gene_name"	"SharedIndexOnDiskMultiLookup"	"com.sparkbeyond.runtime.feature.context.MultiLookupContext[com.sparkbeyond.runtime.feature.types.Id[java.lang.String("Gid")],Int]"
"context: 3_utr_parsedFeats.csv.gz"	"Lookup"	"3_utr_parsedFeats.csv.gz_5_UTR_2_len_by_UniProtKBTrEMBL_ID"	"SharedIndexOnDiskMultiLookup"	"com.sparkbeyond.runtime.feature.context.MultiLookupContext[com.sparkbeyond.runtime.feature.types.Id[java.lang.String("Pid")],Int]"
"context: 3_utr_parsedFeats.csv.gz"	"Lookup"	"3_utr_parsedFeats.csv.gz_5_UTR_3_len_by_Gene_name"	"SharedIndexOnDiskMultiLookup"	"com.sparkbeyond.runtime.feature.context.MultiLookupContext[com.sparkbeyond.runtime.feature.types.Id[java.lang.String("Gid")],Double]"
"context: 3_utr_parsedFeats.csv.gz"	"Lookup"	"3_utr_parsedFeats.csv.gz_5_UTR_3_len_by_UniProtKBTrEMBL_ID"	"SharedIndexOnDiskMultiLookup"	"com.sparkbeyond.runtime.feature.context.MultiLookupContext[com.sparkbeyond.runtime.feature.types.Id[java.lang.String("Pid")],Double]"
"context: 3_utr_parsedFeats.csv.gz"	"Lookup"	"3_utr_parsedFeats.csv.gz_5_UTR_end_1_by_Gene_name"	"SharedIndexOnDiskMultiLookup"	"com.sparkbeyond.runtime.feature.context.MultiLookupContext[com.sparkbeyond.runtime.feature.types.Id[java.lang.String("Gid")],Double]"
"context: 3_utr_parsedFeats.csv.gz"	"Lookup"	"3_utr_parsedFeats.csv.gz_5_UTR_end_1_by_UniProtKBTrEMBL_ID"	"SharedIndexOnDiskMultiLookup"	"com.sparkbeyond.runtime.feature.context.MultiLookupContext[com.sparkbeyond.runtime.feature.types.Id[java.lang.String("Pid")],Double]"
"context: 3_utr_parsedFeats.csv.gz"	"Lookup"	"3_utr_parsedFeats.csv.gz_5_UTR_end_2_by_Gene_name"	"SharedIndexOnDiskMultiLookup"	"com.sparkbeyond.runtime.feature.context.MultiLookupContext[com.sparkbeyond.runtime.feature.types.Id[java.lang.String("Gid")],Double]"
"context: 3_utr_parsedFeats.csv.gz"	"Lookup"	"3_utr_parsedFeats.csv.gz_5_UTR_end_2_by_UniProtKBTrEMBL_ID"	"SharedIndexOnDiskMultiLookup"	"com.sparkbeyond.runtime.feature.context.MultiLookupContext[com.sparkbeyond.runtime.feature.types.Id[java.lang.String("Pid")],Double]"
"context: 3_utr_parsedFeats.csv.gz"	"Lookup"	"3_utr_parsedFeats.csv.gz_5_UTR_end_3_by_Gene_name"	"SharedIndexOnDiskMultiLookup"	"com.sparkbeyond.runtime.feature.context.MultiLookupContext[com.sparkbeyond.runtime.feature.types.Id[java.lang.String("Gid")],Double]"
"context: 3_utr_parsedFeats.csv.gz"	"Lookup"	"3_utr_parsedFeats.csv.gz_5_UTR_end_3_by_UniProtKBTrEMBL_ID"	"SharedIndexOnDiskMultiLookup"	"com.sparkbeyond.runtime.feature.context.MultiLookupContext[com.sparkbeyond.runtime.feature.types.Id[java.lang.String("Pid")],Double]"
"context: 3_utr_parsedFeats.csv.gz"	"Lookup"	"3_utr_parsedFeats.csv.gz_5_UTR_end_by_Gene_name"	"SharedIndexOnDiskMultiLookup"	"com.sparkbeyond.runtime.feature.context.MultiLookupContext[com.sparkbeyond.runtime.feature.types.Id[java.lang.String("Gid")],String]"
"context: 3_utr_parsedFeats.csv.gz"	"Lookup"	"3_utr_parsedFeats.csv.gz_5_UTR_end_by_UniProtKBTrEMBL_ID"	"SharedIndexOnDiskMultiLookup"	"com.sparkbeyond.runtime.feature.context.MultiLookupContext[com.sparkbeyond.runtime.feature.types.Id[java.lang.String("Pid")],String]"
"context: 3_utr_parsedFeats.csv.gz"	"Lookup"	"3_utr_parsedFeats.csv.gz_5_UTR_start_1_by_Gene_name"	"SharedIndexOnDiskMultiLookup"	"com.sparkbeyond.runtime.feature.context.MultiLookupContext[com.sparkbeyond.runtime.feature.types.Id[java.lang.String("Gid")],Double]"
"context: 3_utr_parsedFeats.csv.gz"	"Lookup"	"3_utr_parsedFeats.csv.gz_5_UTR_start_1_by_UniProtKBTrEMBL_ID"	"SharedIndexOnDiskMultiLookup"	"com.sparkbeyond.runtime.feature.context.MultiLookupContext[com.sparkbeyond.runtime.feature.types.Id[java.lang.String("Pid")],Double]"
"context: 3_utr_parsedFeats.csv.gz"	"Lookup"	"3_utr_parsedFeats.csv.gz_5_UTR_start_2_by_Gene_name"	"SharedIndexOnDiskMultiLookup"	"com.sparkbeyond.runtime.feature.context.MultiLookupContext[com.sparkbeyond.runtime.feature.types.Id[java.lang.String("Gid")],Double]"
"context: 3_utr_parsedFeats.csv.gz"	"Lookup"	"3_utr_parsedFeats.csv.gz_5_UTR_start_2_by_UniProtKBTrEMBL_ID"	"SharedIndexOnDiskMultiLookup"	"com.sparkbeyond.runtime.feature.context.MultiLookupContext[com.sparkbeyond.runtime.feature.types.Id[java.lang.String("Pid")],Double]"
"context: 3_utr_parsedFeats.csv.gz"	"Lookup"	"3_utr_parsedFeats.csv.gz_5_UTR_start_3_by_Gene_name"	"SharedIndexOnDiskMultiLookup"	"com.sparkbeyond.runtime.feature.context.MultiLookupContext[com.sparkbeyond.runtime.feature.types.Id[java.lang.String("Gid")],Double]"
"context: 3_utr_parsedFeats.csv.gz"	"Lookup"	"3_utr_parsedFeats.csv.gz_5_UTR_start_3_by_UniProtKBTrEMBL_ID"	"SharedIndexOnDiskMultiLookup"	"com.sparkbeyond.runtime.feature.context.MultiLookupContext[com.sparkbeyond.runtime.feature.types.Id[java.lang.String("Pid")],Double]"
"context: 3_utr_parsedFeats.csv.gz"	"Lookup"	"3_utr_parsedFeats.csv.gz_5_UTR_start_by_Gene_name"	"SharedIndexOnDiskMultiLookup"	"com.sparkbeyond.runtime.feature.context.MultiLookupContext[com.sparkbeyond.runtime.feature.types.Id[java.lang.String("Gid")],String]"
"context: 3_utr_parsedFeats.csv.gz"	"Lookup"	"3_utr_parsedFeats.csv.gz_5_UTR_start_by_UniProtKBTrEMBL_ID"	"SharedIndexOnDiskMultiLookup"	"com.sparkbeyond.runtime.feature.context.MultiLookupContext[com.sparkbeyond.runtime.feature.types.Id[java.lang.String("Pid")],String]"
"context: 3_utr_parsedFeats.csv.gz"	"Lookup"	"3_utr_parsedFeats.csv.gz_5utr_counts_by_Gene_name"	"SharedIndexOnDiskMultiLookup"	"com.sparkbeyond.runtime.feature.context.MultiLookupContext[com.sparkbeyond.runtime.feature.types.Id[java.lang.String("Gid")],Int]"
"context: 3_utr_parsedFeats.csv.gz"	"Lookup"	"3_utr_parsedFeats.csv.gz_5utr_counts_by_UniProtKBTrEMBL_ID"	"SharedIndexOnDiskMultiLookup"	"com.sparkbeyond.runtime.feature.context.MultiLookupContext[com.sparkbeyond.runtime.feature.types.Id[java.lang.String("Pid")],Int]"
"context: 3_utr_parsedFeats.csv.gz"	"Lookup"	"3_utr_parsedFeats.csv.gz_A_by_Gene_name"	"SharedIndexOnDiskMultiLookup"	"com.sparkbeyond.runtime.feature.context.MultiLookupContext[com.sparkbeyond.runtime.feature.types.Id[java.lang.String("Gid")],Double]"
"context: 3_utr_parsedFeats.csv.gz"	"Lookup"	"3_utr_parsedFeats.csv.gz_A_by_UniProtKBTrEMBL_ID"	"SharedIndexOnDiskMultiLookup"	"com.sparkbeyond.runtime.feature.context.MultiLookupContext[com.sparkbeyond.runtime.feature.types.Id[java.lang.String("Pid")],Double]"
"context: 3_utr_parsedFeats.csv.gz"	"Lookup"	"3_utr_parsedFeats.csv.gz_A_freq_by_Gene_name"	"SharedIndexOnDiskMultiLookup"	"com.sparkbeyond.runtime.feature.context.MultiLookupContext[com.sparkbeyond.runtime.feature.types.Id[java.lang.String("Gid")],Double]"
"context: 3_utr_parsedFeats.csv.gz"	"Lookup"	"3_utr_parsedFeats.csv.gz_A_freq_by_UniProtKBTrEMBL_ID"	"SharedIndexOnDiskMultiLookup"	"com.sparkbeyond.runtime.feature.context.MultiLookupContext[com.sparkbeyond.runtime.feature.types.Id[java.lang.String("Pid")],Double]"
"context: 3_utr_parsedFeats.csv.gz"	"Lookup"	"3_utr_parsedFeats.csv.gz_CDS_Length_by_Gene_name"	"SharedIndexOnDiskMultiLookup"	"com.sparkbeyond.runtime.feature.context.MultiLookupContext[com.sparkbeyond.runtime.feature.types.Id[java.lang.String("Gid")],Int]"
"context: 3_utr_parsedFeats.csv.gz"	"Lookup"	"3_utr_parsedFeats.csv.gz_CDS_Length_by_UniProtKBTrEMBL_ID"	"SharedIndexOnDiskMultiLookup"	"com.sparkbeyond.runtime.feature.context.MultiLookupContext[com.sparkbeyond.runtime.feature.types.Id[java.lang.String("Pid")],Int]"
"context: 3_utr_parsedFeats.csv.gz"	"Lookup"	"3_utr_parsedFeats.csv.gz_C_by_Gene_name"	"SharedIndexOnDiskMultiLookup"	"com.sparkbeyond.runtime.feature.context.MultiLookupContext[com.sparkbeyond.runtime.feature.types.Id[java.lang.String("Gid")],Double]"
"context: 3_utr_parsedFeats.csv.gz"	"Lookup"	"3_utr_parsedFeats.csv.gz_C_by_UniProtKBTrEMBL_ID"	"SharedIndexOnDiskMultiLookup"	"com.sparkbeyond.runtime.feature.context.MultiLookupContext[com.sparkbeyond.runtime.feature.types.Id[java.lang.String("Pid")],Double]"
"context: 3_utr_parsedFeats.csv.gz"	"Lookup"	"3_utr_parsedFeats.csv.gz_C_freq_by_Gene_name"	"SharedIndexOnDiskMultiLookup"	"com.sparkbeyond.runtime.feature.context.MultiLookupContext[com.sparkbeyond.runtime.feature.types.Id[java.lang.String("Gid")],Double]"
"context: 3_utr_parsedFeats.csv.gz"	"Lookup"	"3_utr_parsedFeats.csv.gz_C_freq_by_UniProtKBTrEMBL_ID"	"SharedIndexOnDiskMultiLookup"	"com.sparkbeyond.runtime.feature.context.MultiLookupContext[com.sparkbeyond.runtime.feature.types.Id[java.lang.String("Pid")],Double]"
"context: 3_utr_parsedFeats.csv.gz"	"Lookup"	"3_utr_parsedFeats.csv.gz_GC_freq_by_Gene_name"	"SharedIndexOnDiskMultiLookup"	"com.sparkbeyond.runtime.feature.context.MultiLookupContext[com.sparkbeyond.runtime.feature.types.Id[java.lang.String("Gid")],Double]"
"context: 3_utr_parsedFeats.csv.gz"	"Lookup"	"3_utr_parsedFeats.csv.gz_GC_freq_by_UniProtKBTrEMBL_ID"	"SharedIndexOnDiskMultiLookup"	"com.sparkbeyond.runtime.feature.context.MultiLookupContext[com.sparkbeyond.runtime.feature.types.Id[java.lang.String("Pid")],Double]"
"context: 3_utr_parsedFeats.csv.gz"	"Lookup"	"3_utr_parsedFeats.csv.gz_G_by_Gene_name"	"SharedIndexOnDiskMultiLookup"	"com.sparkbeyond.runtime.feature.context.MultiLookupContext[com.sparkbeyond.runtime.feature.types.Id[java.lang.String("Gid")],Double]"
"context: 3_utr_parsedFeats.csv.gz"	"Lookup"	"3_utr_parsedFeats.csv.gz_G_by_UniProtKBTrEMBL_ID"	"SharedIndexOnDiskMultiLookup"	"com.sparkbeyond.runtime.feature.context.MultiLookupContext[com.sparkbeyond.runtime.feature.types.Id[java.lang.String("Pid")],Double]"
"context: 3_utr_parsedFeats.csv.gz"	"Lookup"	"3_utr_parsedFeats.csv.gz_G_freq_by_Gene_name"	"SharedIndexOnDiskMultiLookup"	"com.sparkbeyond.runtime.feature.context.MultiLookupContext[com.sparkbeyond.runtime.feature.types.Id[java.lang.String("Gid")],Double]"
"context: 3_utr_parsedFeats.csv.gz"	"Lookup"	"3_utr_parsedFeats.csv.gz_G_freq_by_UniProtKBTrEMBL_ID"	"SharedIndexOnDiskMultiLookup"	"com.sparkbeyond.runtime.feature.context.MultiLookupContext[com.sparkbeyond.runtime.feature.types.Id[java.lang.String("Pid")],Double]"
"context: 3_utr_parsedFeats.csv.gz"	"Lookup"	"3_utr_parsedFeats.csv.gz_Gene_description_by_Gene_name"	"SharedIndexOnDiskMultiLookup"	"com.sparkbeyond.runtime.feature.context.MultiLookupContext[com.sparkbeyond.runtime.feature.types.Id[java.lang.String("Gid")],com.sparkbeyond.runtime.feature.types.Text]"
"context: 3_utr_parsedFeats.csv.gz"	"Lookup"	"3_utr_parsedFeats.csv.gz_Gene_description_by_UniProtKBTrEMBL_ID"	"SharedIndexOnDiskMultiLookup"	"com.sparkbeyond.runtime.feature.context.MultiLookupContext[com.sparkbeyond.runtime.feature.types.Id[java.lang.String("Pid")],com.sparkbeyond.runtime.feature.types.Text]"
"context: 3_utr_parsedFeats.csv.gz"	"Lookup"	"3_utr_parsedFeats.csv.gz_Gene_name_by_UniProtKBTrEMBL_ID"	"SharedIndexOnDiskMultiLookup"	"com.sparkbeyond.runtime.feature.context.MultiLookupContext[com.sparkbeyond.runtime.feature.types.Id[java.lang.String("Pid")],com.sparkbeyond.runtime.feature.types.Id[java.lang.String("Gid")]]"
"context: 3_utr_parsedFeats.csv.gz"	"Lookup"	"3_utr_parsedFeats.csv.gz_Gene_start_bp_by_Gene_name"	"SharedIndexOnDiskMultiLookup"	"com.sparkbeyond.runtime.feature.context.MultiLookupContext[com.sparkbeyond.runtime.feature.types.Id[java.lang.String("Gid")],Int]"
"context: 3_utr_parsedFeats.csv.gz"	"Lookup"	"3_utr_parsedFeats.csv.gz_Gene_start_bp_by_UniProtKBTrEMBL_ID"	"SharedIndexOnDiskMultiLookup"	"com.sparkbeyond.runtime.feature.context.MultiLookupContext[com.sparkbeyond.runtime.feature.types.Id[java.lang.String("Pid")],Int]"
"context: 3_utr_parsedFeats.csv.gz"	"Lookup"	"3_utr_parsedFeats.csv.gz_T_by_Gene_name"	"SharedIndexOnDiskMultiLookup"	"com.sparkbeyond.runtime.feature.context.MultiLookupContext[com.sparkbeyond.runtime.feature.types.Id[java.lang.String("Gid")],Double]"
"context: 3_utr_parsedFeats.csv.gz"	"Lookup"	"3_utr_parsedFeats.csv.gz_T_by_UniProtKBTrEMBL_ID"	"SharedIndexOnDiskMultiLookup"	"com.sparkbeyond.runtime.feature.context.MultiLookupContext[com.sparkbeyond.runtime.feature.types.Id[java.lang.String("Pid")],Double]"
"context: 3_utr_parsedFeats.csv.gz"	"Lookup"	"3_utr_parsedFeats.csv.gz_T_freq_by_Gene_name"	"SharedIndexOnDiskMultiLookup"	"com.sparkbeyond.runtime.feature.context.MultiLookupContext[com.sparkbeyond.runtime.feature.types.Id[java.lang.String("Gid")],Double]"
"context: 3_utr_parsedFeats.csv.gz"	"Lookup"	"3_utr_parsedFeats.csv.gz_T_freq_by_UniProtKBTrEMBL_ID"	"SharedIndexOnDiskMultiLookup"	"com.sparkbeyond.runtime.feature.context.MultiLookupContext[com.sparkbeyond.runtime.feature.types.Id[java.lang.String("Pid")],Double]"
"context: 3_utr_parsedFeats.csv.gz"	"Lookup"	"3_utr_parsedFeats.csv.gz_Transcript_length_including_UTRs_and_CDS_by_Gene_name"	"SharedIndexOnDiskMultiLookup"	"com.sparkbeyond.runtime.feature.context.MultiLookupContext[com.sparkbeyond.runtime.feature.types.Id[java.lang.String("Gid")],Int]"
"context: 3_utr_parsedFeats.csv.gz"	"Lookup"	"3_utr_parsedFeats.csv.gz_Transcript_length_including_UTRs_and_CDS_by_UniProtKBTrEMBL_ID"	"SharedIndexOnDiskMultiLookup"	"com.sparkbeyond.runtime.feature.context.MultiLookupContext[com.sparkbeyond.runtime.feature.types.Id[java.lang.String("Pid")],Int]"
"context: 3_utr_parsedFeats.csv.gz"	"Lookup"	"3_utr_parsedFeats.csv.gz_UniProtKBTrEMBL_ID_by_Gene_name"	"SharedIndexOnDiskMultiLookup"	"com.sparkbeyond.runtime.feature.context.MultiLookupContext[com.sparkbeyond.runtime.feature.types.Id[java.lang.String("Gid")],com.sparkbeyond.runtime.feature.types.Id[java.lang.String("Pid")]]"
"context: 3_utr_parsedFeats.csv.gz"	"Lookup"	"3_utr_parsedFeats.csv.gz_mode_ratio_freq_by_Gene_name"	"SharedIndexOnDiskMultiLookup"	"com.sparkbeyond.runtime.feature.context.MultiLookupContext[com.sparkbeyond.runtime.feature.types.Id[java.lang.String("Gid")],Double]"
"context: 3_utr_parsedFeats.csv.gz"	"Lookup"	"3_utr_parsedFeats.csv.gz_mode_ratio_freq_by_UniProtKBTrEMBL_ID"	"SharedIndexOnDiskMultiLookup"	"com.sparkbeyond.runtime.feature.context.MultiLookupContext[com.sparkbeyond.runtime.feature.types.Id[java.lang.String("Pid")],Double]"
"context: 3_utr_parsedFeats.csv.gz"	"Lookup"	"3_utr_parsedFeats.csv.gz_tot_3utr_len_by_Gene_name"	"SharedIndexOnDiskMultiLookup"	"com.sparkbeyond.runtime.feature.context.MultiLookupContext[com.sparkbeyond.runtime.feature.types.Id[java.lang.String("Gid")],Double]"
"context: 3_utr_parsedFeats.csv.gz"	"Lookup"	"3_utr_parsedFeats.csv.gz_tot_3utr_len_by_UniProtKBTrEMBL_ID"	"SharedIndexOnDiskMultiLookup"	"com.sparkbeyond.runtime.feature.context.MultiLookupContext[com.sparkbeyond.runtime.feature.types.Id[java.lang.String("Pid")],Double]"
"context: 3_utr_parsedFeats.csv.gz"	"Lookup"	"3_utr_parsedFeats.csv.gz_tot_5utr_len_by_Gene_name"	"SharedIndexOnDiskMultiLookup"	"com.sparkbeyond.runtime.feature.context.MultiLookupContext[com.sparkbeyond.runtime.feature.types.Id[java.lang.String("Gid")],Double]"
"context: 3_utr_parsedFeats.csv.gz"	"Lookup"	"3_utr_parsedFeats.csv.gz_tot_5utr_len_by_UniProtKBTrEMBL_ID"	"SharedIndexOnDiskMultiLookup"	"com.sparkbeyond.runtime.feature.context.MultiLookupContext[com.sparkbeyond.runtime.feature.types.Id[java.lang.String("Pid")],Double]"
