[{"jsonClass":"com.sparkbeyond.engine.report.FeatureStability","code":"approximatePercentile(inverse(sum(T of Gene names  (primary )))) >= 0.654","htmlCode":{"content":"<div style='white-space: nowrap' class='feature-name-container'><span>approximatePercentile(<span style='color: white' title='1 / num\n\nExample: inverse(14.0) = 0.07142857142857142\n\nReturn type: Double\n\nParameters: (num:Double)\n\nCost: 1.0'>inverse</span>(<span style='color: white' title='Example: List(1.0, 2.0, 3.0).sum = 6.0\n\nReturn type: Double\n\nParameters: (i:scala.collection.GenTraversableOnce[Double])\n\nCost: 0.05'>sum</span>(<span style='color:#3EE77B' title='A Map from key col: Gene_name to values: T\nfrom table: 3_utr_parsedFeats.csv.gz. Type: MultiLookupContext, cost:1.0'>T</span> of <span style='color: #0095F0' title=' Input parameter of type Id, cost:1.0'>Gene names  (primary )</span>)))</span> <span style='color: #B9C5E6'>&ge;</span> <span style='color:#C1A6FC' title='0.654'>0.654</span></div>"},"paramsList":["Gene names  (primary )"],"trainRig":0.03858427726555184,"testRig":0.044756941222503746,"trainSupport":4876.0,"trainTotalWeight":14998.0,"testSupport":1242.0,"testTotalWeight":3810.0,"overFitting":0.15997873730974047,"lifts":[1.534186807604841,1.5787817274858769,0.825873330418261,0.8154870297630692]},{"jsonClass":"com.sparkbeyond.engine.report.FeatureStability","code":"l2Norm(T of Gene names  (primary )) < 128.004","htmlCode":{"content":"<div style='white-space: nowrap' class='feature-name-container'><span><span style='color: white' title='Euclidean - L2 normalization. Returns square-root((x =&gt; x * x)).sum)\n\nExample: l2Norm(List(1.0, 2.0, 3.0)) = 3.7416573867739413\n\nReturn type: Double\n\nParameters: (i:scala.collection.GenTraversable[Double])\n\nCost: 1.0'>l2Norm</span>(<span style='color:#3EE77B' title='A Map from key col: Gene_name to values: T\nfrom table: 3_utr_parsedFeats.csv.gz. Type: MultiLookupContext, cost:1.0'>T</span> of <span style='color: #0095F0' title=' Input parameter of type Id, cost:1.0'>Gene names  (primary )</span>)</span> <span style='color: #B9C5E6'>&lt;</span> <span style='color:#C1A6FC' title='128.004'>128.004</span></div>"},"paramsList":["Gene names  (primary )"],"trainRig":0.03776924486127656,"testRig":0.040049477560364546,"trainSupport":7164.0,"trainTotalWeight":14998.0,"testSupport":1860.0,"testTotalWeight":3810.0,"overFitting":0.06037273732803245,"lifts":[1.3741052549006068,1.3789359391965255,0.8780544536452535,0.879196953963309]},{"jsonClass":"com.sparkbeyond.engine.report.FeatureStability","code":"sum(numbers(Gene_description of Gene names  (primary ))) notInRange (3 to 31,259.5)","htmlCode":{"content":"<div style='white-space: nowrap' class='feature-name-container'><span><span style='color: white' title='Example: List(1.0, 2.0, 3.0).sum = 6.0\n\nReturn type: Double\n\nParameters: (i:scala.collection.GenTraversableOnce[Double])\n\nCost: 0.05'>sum</span>(<span style='color: white' title='Returns all numbers appearing in the provided text\n\nExample: numbers(Lorem Ipsum 2) = ArrayBuffer(2.0)\n\nReturn type: Seq[Double]\n\nParameters: (s:com.sparkbeyond.runtime.feature.types.SemanticWrapper)\n\nCost: 1.0'>numbers</span>(<span style='color:#3EE77B' title='A Map from key col: Gene_name to values: Gene_description\nfrom table: 3_utr_parsedFeats.csv.gz. Type: MultiLookupContext, cost:1.0'>Gene_description</span> of <span style='color: #0095F0' title=' Input parameter of type Id, cost:1.0'>Gene names  (primary )</span>)) <span style='color: white' title='Returns false if: from &le; number &le; to\n\nReturn type: Boolean\n\nParameters: (value:Double, range:com.sparkbeyond.runtime.feature.types.Segment)\n\nCost: 1.0'>notInRange</span> <span style='color:#3EE77B' title='Constant. Type: Segment, cost:1.0'>(3 to 31,259.5)</span></span> <span style='color: #B9C5E6'></span> <span style='color:#C1A6FC' ></span></div>"},"paramsList":["Gene names  (primary )"],"trainRig":0.037408447103387095,"testRig":0.04620926354838172,"trainSupport":3963.0,"trainTotalWeight":14998.000000000002,"testSupport":1005.0,"testTotalWeight":3810.0000000000005,"overFitting":0.23526281164977228,"lifts":[1.6156261256054358,1.6917691671933492,0.799326891954094,0.7794671502301576]},{"jsonClass":"com.sparkbeyond.engine.report.FeatureStability","code":"sum(3_utr_len of Gene names  (primary )) >= 799.5","htmlCode":{"content":"<div style='white-space: nowrap' class='feature-name-container'><span><span style='color: white' title='Example: List(1.0, 2.0, 3.0).sum = 6.0\n\nReturn type: Double\n\nParameters: (i:scala.collection.GenTraversableOnce[Double])\n\nCost: 0.05'>sum</span>(<span style='color:#3EE77B' title='A Map from key col: Gene_name to values: 3_utr_len\nfrom table: 3_utr_parsedFeats.csv.gz. Type: MultiLookupContext, cost:1.0'>3_utr_len</span> of <span style='color: #0095F0' title=' Input parameter of type Id, cost:1.0'>Gene names  (primary )</span>)</span> <span style='color: #B9C5E6'>&ge;</span> <span style='color:#C1A6FC' title='799.5'>799.5</span></div>"},"paramsList":["Gene names  (primary )"],"trainRig":0.03632856432428567,"testRig":0.039035680587419436,"trainSupport":7365.0,"trainTotalWeight":14998.0,"testSupport":1812.0,"testTotalWeight":3810.0,"overFitting":0.07451756802082207,"lifts":[0.6445525286455355,0.6186947674209575,1.1158637456355682,1.1215583659416053]},{"jsonClass":"com.sparkbeyond.engine.report.FeatureStability","code":"max(3_utr_len of Gene names  (primary )) < 396.5","htmlCode":{"content":"<div style='white-space: nowrap' class='feature-name-container'><span><span style='color: white' title='Return type: Double\n\nParameters: (i:Seq[Double])\n\nCost: 0.05'>max</span>(<span style='color:#3EE77B' title='A Map from key col: Gene_name to values: 3_utr_len\nfrom table: 3_utr_parsedFeats.csv.gz. Type: MultiLookupContext, cost:1.0'>3_utr_len</span> of <span style='color: #0095F0' title=' Input parameter of type Id, cost:1.0'>Gene names  (primary )</span>)</span> <span style='color: #B9C5E6'>&lt;</span> <span style='color:#C1A6FC' title='396.5'>396.5</span></div>"},"paramsList":["Gene names  (primary )"],"trainRig":0.036143602514416874,"testRig":0.03818984463053346,"trainSupport":7025.0,"trainTotalWeight":14998.0,"testSupport":1826.0,"testTotalWeight":3810.0,"overFitting":0.05661422696590317,"lifts":[1.373499696442343,1.3774256041043058,0.878251845037316,0.8796784418899045]},{"jsonClass":"com.sparkbeyond.engine.report.FeatureStability","code":"sum(tot_3utr_len of Gene names  (primary )) >= 827.5","htmlCode":{"content":"<div style='white-space: nowrap' class='feature-name-container'><span><span style='color: white' title='Example: List(1.0, 2.0, 3.0).sum = 6.0\n\nReturn type: Double\n\nParameters: (i:scala.collection.GenTraversableOnce[Double])\n\nCost: 0.05'>sum</span>(<span style='color:#3EE77B' title='A Map from key col: Gene_name to values: tot_3utr_len\nfrom table: 3_utr_parsedFeats.csv.gz. Type: MultiLookupContext, cost:1.0'>tot_3utr_len</span> of <span style='color: #0095F0' title=' Input parameter of type Id, cost:1.0'>Gene names  (primary )</span>)</span> <span style='color: #B9C5E6'>&ge;</span> <span style='color:#C1A6FC' title='827.5'>827.5</span></div>"},"paramsList":["Gene names  (primary )"],"trainRig":0.036103395532380296,"testRig":0.03556859406009308,"trainSupport":6844.0,"trainTotalWeight":14998.0,"testSupport":1696.0,"testTotalWeight":3810.0,"overFitting":-0.014813051913844688,"lifts":[0.6222958324040252,0.6146671993116587,1.1231186690766828,1.1228423362526694]},{"jsonClass":"com.sparkbeyond.engine.report.FeatureStability","code":"sum(Transcript_length_including_UTRs_and_CDS of Gene names  (primary )) < 2811","htmlCode":{"content":"<div style='white-space: nowrap' class='feature-name-container'><span><span style='color: white' title='Example: List(1, 2, 3).sum = 6\n\nReturn type: Int\n\nParameters: (i:scala.collection.GenTraversableOnce[Int])\n\nCost: 0.05'>sum</span>(<span style='color:#3EE77B' title='A Map from key col: Gene_name to values: Transcript_length_including_UTRs_and_CDS\nfrom table: 3_utr_parsedFeats.csv.gz. Type: MultiLookupContext, cost:1.0'>Transcript_length_including_UTRs_and_CDS</span> of <span style='color: #0095F0' title=' Input parameter of type Id, cost:1.0'>Gene names  (primary )</span>)</span> <span style='color: #B9C5E6'>&lt;</span> <span style='color:#C1A6FC' title='2811'>2811</span></div>"},"paramsList":["Gene names  (primary )"],"trainRig":0.03558471751229971,"testRig":0.03982223737613863,"trainSupport":7363.0,"trainTotalWeight":14998.0,"testSupport":1879.0,"testTotalWeight":3810.0,"overFitting":0.11908257701846973,"lifts":[1.3529887837062442,1.3737988707695028,0.8849377026324002,0.8808346279062955]},{"jsonClass":"com.sparkbeyond.engine.report.FeatureStability","code":"max(tot_3utr_len of Gene names  (primary )) < 282.5","htmlCode":{"content":"<div style='white-space: nowrap' class='feature-name-container'><span><span style='color: white' title='Return type: Double\n\nParameters: (i:Seq[Double])\n\nCost: 0.05'>max</span>(<span style='color:#3EE77B' title='A Map from key col: Gene_name to values: tot_3utr_len\nfrom table: 3_utr_parsedFeats.csv.gz. Type: MultiLookupContext, cost:1.0'>tot_3utr_len</span> of <span style='color: #0095F0' title=' Input parameter of type Id, cost:1.0'>Gene names  (primary )</span>)</span> <span style='color: #B9C5E6'>&lt;</span> <span style='color:#C1A6FC' title='282.5'>282.5</span></div>"},"paramsList":["Gene names  (primary )"],"trainRig":0.03550197542400637,"testRig":0.0358472580685525,"trainSupport":6423.0,"trainTotalWeight":14998.0,"testSupport":1698.0,"testTotalWeight":3810.0,"overFitting":0.009725730481821236,"lifts":[1.4040674868223648,1.39355363466504,0.8682877885320432,0.8745368994370019]},{"jsonClass":"com.sparkbeyond.engine.report.FeatureStability","code":"stddev(3_utr_len of Gene names  (primary )) >= 135.999","htmlCode":{"content":"<div style='white-space: nowrap' class='feature-name-container'><span><span style='color: white' title='compute the standard deviation of the histogram\n\nExample: stddev(List(1.0, 2.0, 3.0)) = 0.816496580927726\n\nReturn type: Double\n\nParameters: (xs:scala.collection.GenTraversableOnce[Double])\n\nCost: 1.0'>stddev</span>(<span style='color:#3EE77B' title='A Map from key col: Gene_name to values: 3_utr_len\nfrom table: 3_utr_parsedFeats.csv.gz. Type: MultiLookupContext, cost:1.0'>3_utr_len</span> of <span style='color: #0095F0' title=' Input parameter of type Id, cost:1.0'>Gene names  (primary )</span>)</span> <span style='color: #B9C5E6'>&ge;</span> <span style='color:#C1A6FC' title='135.999'>135.999</span></div>"},"paramsList":["Gene names  (primary )"],"trainRig":0.03371717495584598,"testRig":0.03647681511400238,"trainSupport":6619.0,"trainTotalWeight":14998.0,"testSupport":1669.0,"testTotalWeight":3810.0000000000005,"overFitting":0.0818467194173373,"lifts":[0.6243980506184721,0.6047819697374816,1.1224334176792232,1.125993702274759]},{"jsonClass":"com.sparkbeyond.engine.report.FeatureStability","code":"product(getOrEmpty(3_utr_parsedFeats.csv.gz_3_UTR_1_len_by_Gene_name, Gene names  (primary ))) inRange (1 to 742)","htmlCode":{"content":"<div style='white-space: nowrap' class='feature-name-container'><span><span style='color: white' title='Example: List(1, 2, 3).product = 6\n\nReturn type: Int\n\nParameters: (i:scala.collection.GenTraversableOnce[Int])\n\nCost: 1.0'>product</span>(<span style='color: white' title='Returns the collection of values corresponding to the given key or empty collection if the key is missing.\n\nReturn type: Seq[TMember]\n\nParameters: (MultiLookupContext:com.sparkbeyond.runtime.feature.context.MultiLookupContext[TKey,TMember], key:TKey)\n\nCost: 0.05'>getOrEmpty</span>(<span style='color:#3EE77B' title='SharedIndexOnDiskMultiLookup. Type: MultiLookupContext, cost:1.0'>3_utr_parsedFeats.csv.gz_3_UTR_1_len_by_Gene_name</span>, <span style='color: #0095F0' title=' Input parameter of type Id, cost:1.0'>Gene names  (primary )</span>)) <span style='color: white' title='Returns true if: from &le; number &le; to\n\nReturn type: Boolean\n\nParameters: (value:Double, range:com.sparkbeyond.runtime.feature.types.Segment)\n\nCost: 1.0'>inRange</span> <span style='color:#3EE77B' title='Constant. Type: Segment, cost:1.0'>(1 to 742)</span></span> <span style='color: #B9C5E6'></span> <span style='color:#C1A6FC' ></span></div>"},"paramsList":["Gene names  (primary )"],"trainRig":0.03338775589174647,"testRig":0.03538622340933893,"trainSupport":4895.0,"trainTotalWeight":14998.0,"testSupport":1225.0,"testTotalWeight":3810.0,"overFitting":0.05985629953903204,"lifts":[1.4949913466218858,1.5196436880941302,0.8386497131115823,0.8343399665162015]},{"jsonClass":"com.sparkbeyond.engine.report.FeatureStability","code":"sum(3_UTR_1_len of Gene names  (primary )) >= 785","htmlCode":{"content":"<div style='white-space: nowrap' class='feature-name-container'><span><span style='color: white' title='Example: List(1, 2, 3).sum = 6\n\nReturn type: Int\n\nParameters: (i:scala.collection.GenTraversableOnce[Int])\n\nCost: 0.05'>sum</span>(<span style='color:#3EE77B' title='A Map from key col: Gene_name to values: 3_UTR_1_len\nfrom table: 3_utr_parsedFeats.csv.gz. Type: MultiLookupContext, cost:1.0'>3_UTR_1_len</span> of <span style='color: #0095F0' title=' Input parameter of type Id, cost:1.0'>Gene names  (primary )</span>)</span> <span style='color: #B9C5E6'>&ge;</span> <span style='color:#C1A6FC' title='785'>785</span></div>"},"paramsList":["Gene names  (primary )"],"trainRig":0.03312174830685049,"testRig":0.033754764937350884,"trainSupport":5880.0,"trainTotalWeight":14998.0,"testSupport":1474.0,"testTotalWeight":3810.0,"overFitting":0.01911181211317489,"lifts":[0.5914921705053054,0.5809492661065416,1.1331596116476828,1.1335914592993683]},{"jsonClass":"com.sparkbeyond.engine.report.FeatureStability","code":"averageInt(Transcript_length_including_UTRs_and_CDS of Gene names  (primary )) < 543.125","htmlCode":{"content":"<div style='white-space: nowrap' class='feature-name-container'><span><span style='color: white' title='compute the average (mean) of a sequence of numbers\n\nExample: averageInt(List(1, 2, 3)) = 2.0\n\nReturn type: Double\n\nParameters: (i:scala.collection.GenTraversableOnce[Int])\n\nCost: 0.05'>averageInt</span>(<span style='color:#3EE77B' title='A Map from key col: Gene_name to values: Transcript_length_including_UTRs_and_CDS\nfrom table: 3_utr_parsedFeats.csv.gz. Type: MultiLookupContext, cost:1.0'>Transcript_length_including_UTRs_and_CDS</span> of <span style='color: #0095F0' title=' Input parameter of type Id, cost:1.0'>Gene names  (primary )</span>)</span> <span style='color: #B9C5E6'>&lt;</span> <span style='color:#C1A6FC' title='543.125'>543.125</span></div>"},"paramsList":["Gene names  (primary )"],"trainRig":0.03248643484902244,"testRig":0.03267906568591709,"trainSupport":4181.0,"trainTotalWeight":14998.000000000002,"testSupport":1096.0,"testTotalWeight":3810.0,"overFitting":0.005929577615699696,"lifts":[1.5508448820516334,1.5437540122209277,0.8204433666232541,0.8266537053459763]},{"jsonClass":"com.sparkbeyond.engine.report.FeatureStability","code":"stddev(3_UTR_start_1 of Gene names  (primary )) < 411.075","htmlCode":{"content":"<div style='white-space: nowrap' class='feature-name-container'><span><span style='color: white' title='compute the standard deviation of the histogram\n\nExample: stddev(List(1.0, 2.0, 3.0)) = 0.816496580927726\n\nReturn type: Double\n\nParameters: (xs:scala.collection.GenTraversableOnce[Double])\n\nCost: 1.0'>stddev</span>(<span style='color:#3EE77B' title='A Map from key col: Gene_name to values: 3_UTR_start_1\nfrom table: 3_utr_parsedFeats.csv.gz. Type: MultiLookupContext, cost:1.0'>3_UTR_start_1</span> of <span style='color: #0095F0' title=' Input parameter of type Id, cost:1.0'>Gene names  (primary )</span>)</span> <span style='color: #B9C5E6'>&lt;</span> <span style='color:#C1A6FC' title='411.075'>411.075</span></div>"},"paramsList":["Gene names  (primary )"],"trainRig":0.03214728374790314,"testRig":0.02839998622553433,"trainSupport":7497.0,"trainTotalWeight":14998.0,"testSupport":1913.0,"testTotalWeight":3809.9999999999995,"overFitting":-0.1165665364375687,"lifts":[1.3293483020185743,1.3104576777100279,0.8926436929058011,0.9010275108442589]},{"jsonClass":"com.sparkbeyond.engine.report.FeatureStability","code":"sum(5_UTR_start_1 of Gene names  (primary )) < 2396123.5","htmlCode":{"content":"<div style='white-space: nowrap' class='feature-name-container'><span><span style='color: white' title='Example: List(1.0, 2.0, 3.0).sum = 6.0\n\nReturn type: Double\n\nParameters: (i:scala.collection.GenTraversableOnce[Double])\n\nCost: 0.05'>sum</span>(<span style='color:#3EE77B' title='A Map from key col: Gene_name to values: 5_UTR_start_1\nfrom table: 3_utr_parsedFeats.csv.gz. Type: MultiLookupContext, cost:1.0'>5_UTR_start_1</span> of <span style='color: #0095F0' title=' Input parameter of type Id, cost:1.0'>Gene names  (primary )</span>)</span> <span style='color: #B9C5E6'>&lt;</span> <span style='color:#C1A6FC' title='2396123.5'>2396123.5</span></div>"},"paramsList":["Gene names  (primary )"],"trainRig":0.0308998033089953,"testRig":0.03876384195809472,"trainSupport":4637.0,"trainTotalWeight":14998.0,"testSupport":1187.0,"testTotalWeight":3810.0,"overFitting":0.25450125266040463,"lifts":[1.4965876001564988,1.5578374848041623,0.8381293889331614,0.8221639586346023]},{"jsonClass":"com.sparkbeyond.engine.report.FeatureStability","code":"average(l2Normalize(tot_5utr_len of Gene names  (primary ))) notInRange (0.039 to 0.71)","htmlCode":{"content":"<div style='white-space: nowrap' class='feature-name-container'><span><span style='color: white' title='returns the average of the elements in the provided collection of numbers\n\nExample: average(List(1.0, 2.0, 3.0)) = 2.0\n\nReturn type: Double\n\nParameters: (i:scala.collection.GenTraversableOnce[Double])\n\nCost: 0.05'>average</span>(<span style='color: white' title='L2 (Euclidean) normalization. Returns square-root((x =&gt; x * x)).sum) normalization\n\nExample: l2Normalize(List(1.0, 2.0, 3.0)) = List(0.2672612419124244, 0.5345224838248488, 0.8017837257372732)\n\nReturn type: scala.collection.GenTraversable[Double]\n\nParameters: (i:scala.collection.GenTraversable[Double])\n\nCost: 1.0'>l2Normalize</span>(<span style='color:#3EE77B' title='A Map from key col: Gene_name to values: tot_5utr_len\nfrom table: 3_utr_parsedFeats.csv.gz. Type: MultiLookupContext, cost:1.0'>tot_5utr_len</span> of <span style='color: #0095F0' title=' Input parameter of type Id, cost:1.0'>Gene names  (primary )</span>)) <span style='color: white' title='Returns false if: from &le; number &le; to\n\nReturn type: Boolean\n\nParameters: (value:Double, range:com.sparkbeyond.runtime.feature.types.Segment)\n\nCost: 1.0'>notInRange</span> <span style='color:#3EE77B' title='Constant. Type: Segment, cost:1.0'>(0.039 to 0.71)</span></span> <span style='color: #B9C5E6'></span> <span style='color:#C1A6FC' ></span></div>"},"paramsList":["Gene names  (primary )"],"trainRig":0.030757860420791098,"testRig":0.03421879715529947,"trainSupport":6727.0,"trainTotalWeight":14998.0,"testSupport":1709.0,"testTotalWeight":3810.0000000000005,"overFitting":0.11252202484698563,"lifts":[1.3599665903959726,1.3821634077493554,0.8826631757766819,0.8781680517351483]},{"jsonClass":"com.sparkbeyond.engine.report.FeatureStability","code":"sum(CDS_Length of Gene names  (primary )) < 449","htmlCode":{"content":"<div style='white-space: nowrap' class='feature-name-container'><span><span style='color: white' title='Example: List(1, 2, 3).sum = 6\n\nReturn type: Int\n\nParameters: (i:scala.collection.GenTraversableOnce[Int])\n\nCost: 0.05'>sum</span>(<span style='color:#3EE77B' title='A Map from key col: Gene_name to values: CDS_Length\nfrom table: 3_utr_parsedFeats.csv.gz. Type: MultiLookupContext, cost:1.0'>CDS_Length</span> of <span style='color: #0095F0' title=' Input parameter of type Id, cost:1.0'>Gene names  (primary )</span>)</span> <span style='color: #B9C5E6'>&lt;</span> <span style='color:#C1A6FC' title='449'>449</span></div>"},"paramsList":["Gene names  (primary )"],"trainRig":0.030430357982748586,"testRig":0.02997395436322391,"trainSupport":4719.0,"trainTotalWeight":14997.999999999998,"testSupport":1204.0,"testTotalWeight":3809.9999999999995,"overFitting":-0.014998299388505963,"lifts":[1.4860981577454688,1.4843031372082203,0.8415485891956905,0.8456063726657075]},{"jsonClass":"com.sparkbeyond.engine.report.FeatureStability","code":"approximatePercentile(safeMax(G_freq of Gene names  (primary ))) < 0.4","htmlCode":{"content":"<div style='white-space: nowrap' class='feature-name-container'><span>approximatePercentile(<span style='color: white' title='Example: safeMax(List(1.0, 2.0, 3.0)) = 3.0\n\nReturn type: Double\n\nParameters: (i:scala.collection.GenTraversableOnce[Double])\n\nCost: 1.0'>safeMax</span>(<span style='color:#3EE77B' title='A Map from key col: Gene_name to values: G_freq\nfrom table: 3_utr_parsedFeats.csv.gz. Type: MultiLookupContext, cost:1.0'>G_freq</span> of <span style='color: #0095F0' title=' Input parameter of type Id, cost:1.0'>Gene names  (primary )</span>))</span> <span style='color: #B9C5E6'>&lt;</span> <span style='color:#C1A6FC' title='0.4'>0.4</span></div>"},"paramsList":["Gene names  (primary )"],"trainRig":0.029372371279770406,"testRig":0.02516464458915027,"trainSupport":5214.0,"trainTotalWeight":14998.0,"testSupport":1234.0,"testTotalWeight":3810.0,"overFitting":-0.14325457929636473,"lifts":[1.4409737860212157,1.4348085461331757,0.8562575944602403,0.861385022156921]},{"jsonClass":"com.sparkbeyond.engine.report.FeatureStability","code":"Gene_start_bp of Gene names  (primary ) < 156138","htmlCode":{"content":"<div style='white-space: nowrap' class='feature-name-container'><span><span style='color:#3EE77B' title='A Map from key col: Gene_name to values: Gene_start_bp\nfrom table: 3_utr_parsedFeats.csv.gz. Type: MultiLookupContext, cost:1.0'>Gene_start_bp</span> of <span style='color: #0095F0' title=' Input parameter of type Id, cost:1.0'>Gene names  (primary )</span></span> <span style='color: #B9C5E6'>&lt;</span> <span style='color:#C1A6FC' title='156138'>156138</span></div>"},"paramsList":["Gene names  (primary )"],"trainRig":0.02928397416371377,"testRig":0.03247456328351288,"trainSupport":3628.0,"trainTotalWeight":14998.0,"testSupport":926.0,"testTotalWeight":3810.0,"overFitting":0.10895341943555659,"lifts":[1.5786853837599193,1.61272961355274,0.8113683131533178,0.8046645987947132]},{"jsonClass":"com.sparkbeyond.engine.report.FeatureStability","code":"maxSlopeSecondHalf(G of Gene names  (primary )) notInRange (-0.5 to 14.5)","htmlCode":{"content":"<div style='white-space: nowrap' class='feature-name-container'><span><span style='color: white' title='Max Slope in the last half of a sequence\n\nExample: maxSlopeSecondHalf(List(1.0, 2.0, 3.0)) = 1.0\n\nReturn type: Double\n\nParameters: (s:scala.collection.GenTraversable[Double])\n\nCost: 1.1'>maxSlopeSecondHalf</span>(<span style='color:#3EE77B' title='A Map from key col: Gene_name to values: G\nfrom table: 3_utr_parsedFeats.csv.gz. Type: MultiLookupContext, cost:1.0'>G</span> of <span style='color: #0095F0' title=' Input parameter of type Id, cost:1.0'>Gene names  (primary )</span>) <span style='color: white' title='Returns false if: from &le; number &le; to\n\nReturn type: Boolean\n\nParameters: (value:Double, range:com.sparkbeyond.runtime.feature.types.Segment)\n\nCost: 1.0'>notInRange</span> <span style='color:#3EE77B' title='Constant. Type: Segment, cost:1.0'>(-0.5 to 14.5)</span></span> <span style='color: #B9C5E6'></span> <span style='color:#C1A6FC' ></span></div>"},"paramsList":["Gene names  (primary )"],"trainRig":0.029126959988128608,"testRig":0.03353000934715456,"trainSupport":6225.0,"trainTotalWeight":14998.0,"testSupport":1609.0,"testTotalWeight":3810.0,"overFitting":0.15116748746935907,"lifts":[0.6325519708342456,0.6093371365871533,1.119775517950149,1.124541535895892]},{"jsonClass":"com.sparkbeyond.engine.report.FeatureStability","code":"maxSlopeSecondHalf(T_freq of Gene names  (primary )) notInRange (-6.591279944978205E-5 to 3.895922229543087E-6)","htmlCode":{"content":"<div style='white-space: nowrap' class='feature-name-container'><span><span style='color: white' title='Max Slope in the last half of a sequence\n\nExample: maxSlopeSecondHalf(List(1.0, 2.0, 3.0)) = 1.0\n\nReturn type: Double\n\nParameters: (s:scala.collection.GenTraversable[Double])\n\nCost: 1.1'>maxSlopeSecondHalf</span>(<span style='color:#3EE77B' title='A Map from key col: Gene_name to values: T_freq\nfrom table: 3_utr_parsedFeats.csv.gz. Type: MultiLookupContext, cost:1.0'>T_freq</span> of <span style='color: #0095F0' title=' Input parameter of type Id, cost:1.0'>Gene names  (primary )</span>) <span style='color: white' title='Returns false if: from &le; number &le; to\n\nReturn type: Boolean\n\nParameters: (value:Double, range:com.sparkbeyond.runtime.feature.types.Segment)\n\nCost: 1.0'>notInRange</span> <span style='color:#3EE77B' title='Constant. Type: Segment, cost:1.0'>(-6.591279944978205E-5 to 3.895922229543087E-6)</span></span> <span style='color: #B9C5E6'></span> <span style='color:#C1A6FC' ></span></div>"},"paramsList":["Gene names  (primary )"],"trainRig":0.029122494304141457,"testRig":0.03470730947909367,"trainSupport":6679.0,"trainTotalWeight":14998.0,"testSupport":1701.0,"testTotalWeight":3810.0000000000005,"overFitting":0.19176980915944447,"lifts":[0.6528953169752313,0.6201563747709241,1.1131442813466823,1.1210924121966004]},{"jsonClass":"com.sparkbeyond.engine.report.FeatureStability","code":"minSlopeDouble(3_UTR_start_1 of Gene names  (primary )) < -4.5","htmlCode":{"content":"<div style='white-space: nowrap' class='feature-name-container'><span><span style='color: white' title='Max Slope in a sequence of doubles\n\nExample: minSlopeDouble(List(1.0, 2.0, 3.0)) = 0.0\n\nReturn type: Double\n\nParameters: (s:scala.collection.GenTraversable[Double])\n\nCost: 1.0'>minSlopeDouble</span>(<span style='color:#3EE77B' title='A Map from key col: Gene_name to values: 3_UTR_start_1\nfrom table: 3_utr_parsedFeats.csv.gz. Type: MultiLookupContext, cost:1.0'>3_UTR_start_1</span> of <span style='color: #0095F0' title=' Input parameter of type Id, cost:1.0'>Gene names  (primary )</span>)</span> <span style='color: #B9C5E6'>&lt;</span> <span style='color:#C1A6FC' title='-4.5'>-4.5</span></div>"},"paramsList":["Gene names  (primary )"],"trainRig":0.029103492291045908,"testRig":0.03154978593669188,"trainSupport":6730.0,"trainTotalWeight":14998.0,"testSupport":1705.0,"testTotalWeight":3810.0,"overFitting":0.08405498629450078,"lifts":[0.6552008160070865,0.6381117044141107,1.1123927673399232,1.115368335145242]},{"jsonClass":"com.sparkbeyond.engine.report.FeatureStability","code":"arithmeticNot(min(3_UTR_end_2 of Gene names  (primary ))) inRange (-42,566,208 to 0.5)","htmlCode":{"content":"<div style='white-space: nowrap' class='feature-name-container'><span><span style='color: white' title='1 - num\n\nExample: arithmeticNot(34.0) = -33.0\n\nReturn type: Double\n\nParameters: (num:Double)\n\nCost: 1.05'>arithmeticNot</span>(<span style='color: white' title='Return type: Double\n\nParameters: (i:Seq[Double])\n\nCost: 0.05'>min</span>(<span style='color:#3EE77B' title='A Map from key col: Gene_name to values: 3_UTR_end_2\nfrom table: 3_utr_parsedFeats.csv.gz. Type: MultiLookupContext, cost:1.0'>3_UTR_end_2</span> of <span style='color: #0095F0' title=' Input parameter of type Id, cost:1.0'>Gene names  (primary )</span>)) <span style='color: white' title='Returns true if: from &le; number &le; to\n\nReturn type: Boolean\n\nParameters: (value:Double, range:com.sparkbeyond.runtime.feature.types.Segment)\n\nCost: 1.0'>inRange</span> <span style='color:#3EE77B' title='Constant. Type: Segment, cost:1.0'>(-42,566,208 to 0.5)</span></span> <span style='color: #B9C5E6'></span> <span style='color:#C1A6FC' ></span></div>"},"paramsList":["Gene names  (primary )"],"trainRig":0.028779675450879054,"testRig":0.029264594456635675,"trainSupport":3889.0,"trainTotalWeight":14998.0,"testSupport":994.0,"testTotalWeight":3810.0,"overFitting":0.01684935629605266,"lifts":[1.5459544815051083,1.5523433762182215,0.8220374703112604,0.823915455348916]},{"jsonClass":"com.sparkbeyond.engine.report.FeatureStability","code":"minSlopeInt(Transcript_length_including_UTRs_and_CDS of Gene names  (primary )) < -5.5","htmlCode":{"content":"<div style='white-space: nowrap' class='feature-name-container'><span><span style='color: white' title='Example: minSlopeInt(List(1, 2, 3)) = 0.0\n\nReturn type: Double\n\nParameters: (s:scala.collection.GenTraversable[Int])\n\nCost: 1.0'>minSlopeInt</span>(<span style='color:#3EE77B' title='A Map from key col: Gene_name to values: Transcript_length_including_UTRs_and_CDS\nfrom table: 3_utr_parsedFeats.csv.gz. Type: MultiLookupContext, cost:1.0'>Transcript_length_including_UTRs_and_CDS</span> of <span style='color: #0095F0' title=' Input parameter of type Id, cost:1.0'>Gene names  (primary )</span>)</span> <span style='color: #B9C5E6'>&lt;</span> <span style='color:#C1A6FC' title='-5.5'>-5.5</span></div>"},"paramsList":["Gene names  (primary )"],"trainRig":0.028526852786165156,"testRig":0.028028388655436907,"trainSupport":7498.0,"trainTotalWeight":14998.0,"testSupport":1910.0,"testTotalWeight":3809.9999999999995,"overFitting":-0.01747350590914086,"lifts":[0.6895413679792959,0.690911881576479,1.1011989193051308,1.0985358799127942]},{"jsonClass":"com.sparkbeyond.engine.report.FeatureStability","code":"stddev(5_UTR_end_1 of Gene names  (primary )) < 14.507","htmlCode":{"content":"<div style='white-space: nowrap' class='feature-name-container'><span><span style='color: white' title='compute the standard deviation of the histogram\n\nExample: stddev(List(1.0, 2.0, 3.0)) = 0.816496580927726\n\nReturn type: Double\n\nParameters: (xs:scala.collection.GenTraversableOnce[Double])\n\nCost: 1.0'>stddev</span>(<span style='color:#3EE77B' title='A Map from key col: Gene_name to values: 5_UTR_end_1\nfrom table: 3_utr_parsedFeats.csv.gz. Type: MultiLookupContext, cost:1.0'>5_UTR_end_1</span> of <span style='color: #0095F0' title=' Input parameter of type Id, cost:1.0'>Gene names  (primary )</span>)</span> <span style='color: #B9C5E6'>&lt;</span> <span style='color:#C1A6FC' title='14.507'>14.507</span></div>"},"paramsList":["Gene names  (primary )"],"trainRig":0.02851459041702457,"testRig":0.031188870069973323,"trainSupport":7211.0,"trainTotalWeight":14998.0,"testSupport":1817.0,"testTotalWeight":3810.0,"overFitting":0.09378636038033637,"lifts":[1.323404855997623,1.3432672605271603,0.8945810534821645,0.8905679657509468]},{"jsonClass":"com.sparkbeyond.engine.report.FeatureStability","code":"averageInt(3_UTR_1_len of Gene names  (primary )) < 3.31","htmlCode":{"content":"<div style='white-space: nowrap' class='feature-name-container'><span><span style='color: white' title='compute the average (mean) of a sequence of numbers\n\nExample: averageInt(List(1, 2, 3)) = 2.0\n\nReturn type: Double\n\nParameters: (i:scala.collection.GenTraversableOnce[Int])\n\nCost: 0.05'>averageInt</span>(<span style='color:#3EE77B' title='A Map from key col: Gene_name to values: 3_UTR_1_len\nfrom table: 3_utr_parsedFeats.csv.gz. Type: MultiLookupContext, cost:1.0'>3_UTR_1_len</span> of <span style='color: #0095F0' title=' Input parameter of type Id, cost:1.0'>Gene names  (primary )</span>)</span> <span style='color: #B9C5E6'>&lt;</span> <span style='color:#C1A6FC' title='3.31'>3.31</span></div>"},"paramsList":["Gene names  (primary )"],"trainRig":0.027761552544474724,"testRig":0.024941209862423597,"trainSupport":4736.0,"trainTotalWeight":14998.0,"testSupport":1240.0,"testTotalWeight":3810.0,"overFitting":-0.10159167710569737,"lifts":[1.4627266225745679,1.4312020594725228,0.849166912082713,0.8625347536261012]},{"jsonClass":"com.sparkbeyond.engine.report.FeatureStability","code":"minSlopeInt(3_UTR_1_len of Gene names  (primary )) < -26.5","htmlCode":{"content":"<div style='white-space: nowrap' class='feature-name-container'><span><span style='color: white' title='Example: minSlopeInt(List(1, 2, 3)) = 0.0\n\nReturn type: Double\n\nParameters: (s:scala.collection.GenTraversable[Int])\n\nCost: 1.0'>minSlopeInt</span>(<span style='color:#3EE77B' title='A Map from key col: Gene_name to values: 3_UTR_1_len\nfrom table: 3_utr_parsedFeats.csv.gz. Type: MultiLookupContext, cost:1.0'>3_UTR_1_len</span> of <span style='color: #0095F0' title=' Input parameter of type Id, cost:1.0'>Gene names  (primary )</span>)</span> <span style='color: #B9C5E6'>&lt;</span> <span style='color:#C1A6FC' title='-26.5'>-26.5</span></div>"},"paramsList":["Gene names  (primary )"],"trainRig":0.027307668394433368,"testRig":0.027442664357118757,"trainSupport":6646.0,"trainTotalWeight":14998.0,"testSupport":1697.0,"testTotalWeight":3810.0,"overFitting":0.004943518455530512,"lifts":[0.662257881450397,0.6606216373404686,1.1100924048353273,1.1081922713774413]},{"jsonClass":"com.sparkbeyond.engine.report.FeatureStability","code":"maxSlopeInt(3_UTR_1_len of Gene names  (primary )) >= 22.5","htmlCode":{"content":"<div style='white-space: nowrap' class='feature-name-container'><span><span style='color: white' title='Max Slope in a sequence of integers\n\nExample: maxSlopeInt(List(1, 2, 3)) = 1.0\n\nReturn type: Double\n\nParameters: (s:scala.collection.GenTraversable[Int])\n\nCost: 1.0'>maxSlopeInt</span>(<span style='color:#3EE77B' title='A Map from key col: Gene_name to values: 3_UTR_1_len\nfrom table: 3_utr_parsedFeats.csv.gz. Type: MultiLookupContext, cost:1.0'>3_UTR_1_len</span> of <span style='color: #0095F0' title=' Input parameter of type Id, cost:1.0'>Gene names  (primary )</span>)</span> <span style='color: #B9C5E6'>&ge;</span> <span style='color:#C1A6FC' title='22.5'>22.5</span></div>"},"paramsList":["Gene names  (primary )"],"trainRig":0.0269027029543423,"testRig":0.02792597399373259,"trainSupport":6689.0,"trainTotalWeight":14998.0,"testSupport":1711.0,"testTotalWeight":3810.0,"overFitting":0.038035993674201615,"lifts":[0.6665144507965037,0.6600517441273842,1.1087049084884881,1.1083739507298993]},{"jsonClass":"com.sparkbeyond.engine.report.FeatureStability","code":"3_UTR_end_2 of Gene names  (primary ) does not contain 0.0","htmlCode":{"content":"<div style='white-space: nowrap' class='feature-name-container'><span><span style='color:#3EE77B' title='A Map from key col: Gene_name to values: 3_UTR_end_2\nfrom table: 3_utr_parsedFeats.csv.gz. Type: MultiLookupContext, cost:1.0'>3_UTR_end_2</span> of <span style='color: #0095F0' title=' Input parameter of type Id, cost:1.0'>Gene names  (primary )</span></span> <span style='color: #B9C5E6'>does not contain</span> <span style='color:#C1A6FC' title='0.0'>0.0</span></div>"},"paramsList":["Gene names  (primary )"],"trainRig":0.026028435462685465,"testRig":0.028143975554265968,"trainSupport":4436.0,"trainTotalWeight":14998.0,"testSupport":1109.0,"testTotalWeight":3810.0000000000005,"overFitting":0.08127803511714543,"lifts":[1.4708657596707952,1.4995462061956806,0.8465138311461213,0.8407469519189263]},{"jsonClass":"com.sparkbeyond.engine.report.FeatureStability","code":"maxSlopeSecondHalf(3_UTR_end_1 of Gene names  (primary )) notInRange (-1,522 to 314.5)","htmlCode":{"content":"<div style='white-space: nowrap' class='feature-name-container'><span><span style='color: white' title='Max Slope in the last half of a sequence\n\nExample: maxSlopeSecondHalf(List(1.0, 2.0, 3.0)) = 1.0\n\nReturn type: Double\n\nParameters: (s:scala.collection.GenTraversable[Double])\n\nCost: 1.1'>maxSlopeSecondHalf</span>(<span style='color:#3EE77B' title='A Map from key col: Gene_name to values: 3_UTR_end_1\nfrom table: 3_utr_parsedFeats.csv.gz. Type: MultiLookupContext, cost:1.0'>3_UTR_end_1</span> of <span style='color: #0095F0' title=' Input parameter of type Id, cost:1.0'>Gene names  (primary )</span>) <span style='color: white' title='Returns false if: from &le; number &le; to\n\nReturn type: Boolean\n\nParameters: (value:Double, range:com.sparkbeyond.runtime.feature.types.Segment)\n\nCost: 1.0'>notInRange</span> <span style='color:#3EE77B' title='Constant. Type: Segment, cost:1.0'>(-1,522 to 314.5)</span></span> <span style='color: #B9C5E6'></span> <span style='color:#C1A6FC' ></span></div>"},"paramsList":["Gene names  (primary )"],"trainRig":0.02381578604843231,"testRig":0.021269351949174967,"trainSupport":5162.0,"trainTotalWeight":14997.999999999998,"testSupport":1310.0,"testTotalWeight":3810.0,"overFitting":-0.10692211015327638,"lifts":[0.6170267231054753,0.6347315811721411,1.1248362188940069,1.1164459029908127]},{"jsonClass":"com.sparkbeyond.engine.report.FeatureStability","code":"maxSlopeSecondHalf(3_UTR_start_1 of Gene names  (primary )) notInRange (-9,218.5 to 263)","htmlCode":{"content":"<div style='white-space: nowrap' class='feature-name-container'><span><span style='color: white' title='Max Slope in the last half of a sequence\n\nExample: maxSlopeSecondHalf(List(1.0, 2.0, 3.0)) = 1.0\n\nReturn type: Double\n\nParameters: (s:scala.collection.GenTraversable[Double])\n\nCost: 1.1'>maxSlopeSecondHalf</span>(<span style='color:#3EE77B' title='A Map from key col: Gene_name to values: 3_UTR_start_1\nfrom table: 3_utr_parsedFeats.csv.gz. Type: MultiLookupContext, cost:1.0'>3_UTR_start_1</span> of <span style='color: #0095F0' title=' Input parameter of type Id, cost:1.0'>Gene names  (primary )</span>) <span style='color: white' title='Returns false if: from &le; number &le; to\n\nReturn type: Boolean\n\nParameters: (value:Double, range:com.sparkbeyond.runtime.feature.types.Segment)\n\nCost: 1.0'>notInRange</span> <span style='color:#3EE77B' title='Constant. Type: Segment, cost:1.0'>(-9,218.5 to 263)</span></span> <span style='color: #B9C5E6'></span> <span style='color:#C1A6FC' ></span></div>"},"paramsList":["Gene names  (primary )"],"trainRig":0.02381454885276361,"testRig":0.0216292530990583,"trainSupport":4917.0,"trainTotalWeight":14998.0,"testSupport":1249.0,"testTotalWeight":3810.0,"overFitting":-0.0917630548962389,"lifts":[0.6039247990744542,0.6193619390626507,1.1291069990109175,1.1213456746705774]},{"jsonClass":"com.sparkbeyond.engine.report.FeatureStability","code":"maxSlopeFirstHalf(G of Gene names  (primary )) notInRange (-13.5 to 0.5)","htmlCode":{"content":"<div style='white-space: nowrap' class='feature-name-container'><span><span style='color: white' title='Max Slope in the first half of a sequence\n\nExample: maxSlopeFirstHalf(List(1.0, 2.0, 3.0)) = 0.0\n\nReturn type: Double\n\nParameters: (s:scala.collection.GenTraversable[Double])\n\nCost: 1.1'>maxSlopeFirstHalf</span>(<span style='color:#3EE77B' title='A Map from key col: Gene_name to values: G\nfrom table: 3_utr_parsedFeats.csv.gz. Type: MultiLookupContext, cost:1.0'>G</span> of <span style='color: #0095F0' title=' Input parameter of type Id, cost:1.0'>Gene names  (primary )</span>) <span style='color: white' title='Returns false if: from &le; number &le; to\n\nReturn type: Boolean\n\nParameters: (value:Double, range:com.sparkbeyond.runtime.feature.types.Segment)\n\nCost: 1.0'>notInRange</span> <span style='color:#3EE77B' title='Constant. Type: Segment, cost:1.0'>(-13.5 to 0.5)</span></span> <span style='color: #B9C5E6'></span> <span style='color:#C1A6FC' ></span></div>"},"paramsList":["Gene names  (primary )"],"trainRig":0.023025710537562402,"testRig":0.027535131382201424,"trainSupport":4886.0,"trainTotalWeight":14998.0,"testSupport":1259.0,"testTotalWeight":3810.0,"overFitting":0.19584285302651983,"lifts":[0.6085890386519174,0.5750130008563747,1.1275866160808399,1.1354839135379988]},{"jsonClass":"com.sparkbeyond.engine.report.FeatureStability","code":"tot_3utr_len of Gene names  (primary ) contains 0.0","htmlCode":{"content":"<div style='white-space: nowrap' class='feature-name-container'><span><span style='color:#3EE77B' title='A Map from key col: Gene_name to values: tot_3utr_len\nfrom table: 3_utr_parsedFeats.csv.gz. Type: MultiLookupContext, cost:1.0'>tot_3utr_len</span> of <span style='color: #0095F0' title=' Input parameter of type Id, cost:1.0'>Gene names  (primary )</span></span> <span style='color: #B9C5E6'>contains</span> <span style='color:#C1A6FC' title='0.0'>0.0</span></div>"},"paramsList":["Gene names  (primary )"],"trainRig":0.02029975696806105,"testRig":0.022826929284335908,"trainSupport":6489.0,"trainTotalWeight":14998.0,"testSupport":1710.0,"testTotalWeight":3810.0,"overFitting":0.12449273753626831,"lifts":[0.702102404172917,0.6918871554565023,1.0971044501648357,1.0982249670559228]},{"jsonClass":"com.sparkbeyond.engine.report.FeatureStability","code":"maxSlopeSecondHalf(3_utr_len of Gene names  (primary )) >= 97.5","htmlCode":{"content":"<div style='white-space: nowrap' class='feature-name-container'><span><span style='color: white' title='Max Slope in the last half of a sequence\n\nExample: maxSlopeSecondHalf(List(1.0, 2.0, 3.0)) = 1.0\n\nReturn type: Double\n\nParameters: (s:scala.collection.GenTraversable[Double])\n\nCost: 1.1'>maxSlopeSecondHalf</span>(<span style='color:#3EE77B' title='A Map from key col: Gene_name to values: 3_utr_len\nfrom table: 3_utr_parsedFeats.csv.gz. Type: MultiLookupContext, cost:1.0'>3_utr_len</span> of <span style='color: #0095F0' title=' Input parameter of type Id, cost:1.0'>Gene names  (primary )</span>)</span> <span style='color: #B9C5E6'>&ge;</span> <span style='color:#C1A6FC' title='97.5'>97.5</span></div>"},"paramsList":["Gene names  (primary )"],"trainRig":0.019406428167228127,"testRig":0.020463803306033528,"trainSupport":4157.0,"trainTotalWeight":14998.000000000002,"testSupport":1092.0,"testTotalWeight":3809.9999999999995,"overFitting":0.054485819322022525,"lifts":[0.5988686918826617,0.5947608309171827,1.130755117410364,1.1291883955435356]},{"jsonClass":"com.sparkbeyond.engine.report.FeatureStability","code":"stddev(5_UTR_end_2 of Gene names  (primary )) inRange (3,664.65 to 123,988,930)","htmlCode":{"content":"<div style='white-space: nowrap' class='feature-name-container'><span><span style='color: white' title='compute the standard deviation of the histogram\n\nExample: stddev(List(1.0, 2.0, 3.0)) = 0.816496580927726\n\nReturn type: Double\n\nParameters: (xs:scala.collection.GenTraversableOnce[Double])\n\nCost: 1.0'>stddev</span>(<span style='color:#3EE77B' title='A Map from key col: Gene_name to values: 5_UTR_end_2\nfrom table: 3_utr_parsedFeats.csv.gz. Type: MultiLookupContext, cost:1.0'>5_UTR_end_2</span> of <span style='color: #0095F0' title=' Input parameter of type Id, cost:1.0'>Gene names  (primary )</span>) <span style='color: white' title='Returns true if: from &le; number &le; to\n\nReturn type: Boolean\n\nParameters: (value:Double, range:com.sparkbeyond.runtime.feature.types.Segment)\n\nCost: 1.0'>inRange</span> <span style='color:#3EE77B' title='Constant. Type: Segment, cost:1.0'>(3,664.65 to 123,988,930)</span></span> <span style='color: #B9C5E6'></span> <span style='color:#C1A6FC' ></span></div>"},"paramsList":["Gene names  (primary )"],"trainRig":0.01937578735423057,"testRig":0.01819397848571426,"trainSupport":5139.0,"trainTotalWeight":14997.999999999998,"testSupport":1331.0,"testTotalWeight":3810.0,"overFitting":-0.0609941081056647,"lifts":[0.6522420670639646,0.6651216175538462,1.1133572185249017,1.1067576982460738]},{"jsonClass":"com.sparkbeyond.engine.report.FeatureStability","code":"average(lInfNormalize(3_UTR_end_2 of Gene names  (primary ))) inRange (0.0412 to 0.8)","htmlCode":{"content":"<div style='white-space: nowrap' class='feature-name-container'><span><span style='color: white' title='returns the average of the elements in the provided collection of numbers\n\nExample: average(List(1.0, 2.0, 3.0)) = 2.0\n\nReturn type: Double\n\nParameters: (i:scala.collection.GenTraversableOnce[Double])\n\nCost: 0.05'>average</span>(<span style='color: white' title='returns L-infinity normalization.\n\nExample: lInfNormalize(List(1.0, 2.0, 3.0)) = List(0.3333333333333333, 0.6666666666666666, 1.0)\n\nReturn type: scala.collection.GenTraversable[Double]\n\nParameters: (i:scala.collection.GenTraversable[Double])\n\nCost: 1.05'>lInfNormalize</span>(<span style='color:#3EE77B' title='A Map from key col: Gene_name to values: 3_UTR_end_2\nfrom table: 3_utr_parsedFeats.csv.gz. Type: MultiLookupContext, cost:1.0'>3_UTR_end_2</span> of <span style='color: #0095F0' title=' Input parameter of type Id, cost:1.0'>Gene names  (primary )</span>)) <span style='color: white' title='Returns true if: from &le; number &le; to\n\nReturn type: Boolean\n\nParameters: (value:Double, range:com.sparkbeyond.runtime.feature.types.Segment)\n\nCost: 1.0'>inRange</span> <span style='color:#3EE77B' title='Constant. Type: Segment, cost:1.0'>(0.0412 to 0.8)</span></span> <span style='color: #B9C5E6'></span> <span style='color:#C1A6FC' ></span></div>"},"paramsList":["Gene names  (primary )"],"trainRig":0.01907585109288596,"testRig":0.017480499305030397,"trainSupport":4869.0,"trainTotalWeight":14998.0,"testSupport":1248.0,"testTotalWeight":3810.0,"overFitting":-0.08363201096964555,"lifts":[0.6416255612256749,0.6563204710598847,1.1168178371285418,1.1095634635354261]},{"jsonClass":"com.sparkbeyond.engine.report.FeatureStability","code":"maxSlopeFirstHalf(tot_3utr_len of Gene names  (primary )) >= 2.5","htmlCode":{"content":"<div style='white-space: nowrap' class='feature-name-container'><span><span style='color: white' title='Max Slope in the first half of a sequence\n\nExample: maxSlopeFirstHalf(List(1.0, 2.0, 3.0)) = 0.0\n\nReturn type: Double\n\nParameters: (s:scala.collection.GenTraversable[Double])\n\nCost: 1.1'>maxSlopeFirstHalf</span>(<span style='color:#3EE77B' title='A Map from key col: Gene_name to values: tot_3utr_len\nfrom table: 3_utr_parsedFeats.csv.gz. Type: MultiLookupContext, cost:1.0'>tot_3utr_len</span> of <span style='color: #0095F0' title=' Input parameter of type Id, cost:1.0'>Gene names  (primary )</span>)</span> <span style='color: #B9C5E6'>&ge;</span> <span style='color:#C1A6FC' title='2.5'>2.5</span></div>"},"paramsList":["Gene names  (primary )"],"trainRig":0.017577011439081656,"testRig":0.015387145705392869,"trainSupport":3474.0,"trainTotalWeight":14998.0,"testSupport":916.0,"testTotalWeight":3810.0,"overFitting":-0.12458692089257702,"lifts":[0.5725840639730782,0.605166209123366,1.1393230091177846,1.1258712085141502]},{"jsonClass":"com.sparkbeyond.engine.report.FeatureStability","code":"sum(3_UTR_start_2 of Gene names  (primary )) >= 2392417.0","htmlCode":{"content":"<div style='white-space: nowrap' class='feature-name-container'><span><span style='color: white' title='Example: List(1.0, 2.0, 3.0).sum = 6.0\n\nReturn type: Double\n\nParameters: (i:scala.collection.GenTraversableOnce[Double])\n\nCost: 0.05'>sum</span>(<span style='color:#3EE77B' title='A Map from key col: Gene_name to values: 3_UTR_start_2\nfrom table: 3_utr_parsedFeats.csv.gz. Type: MultiLookupContext, cost:1.0'>3_UTR_start_2</span> of <span style='color: #0095F0' title=' Input parameter of type Id, cost:1.0'>Gene names  (primary )</span>)</span> <span style='color: #B9C5E6'>&ge;</span> <span style='color:#C1A6FC' title='2392417.0'>2392417.0</span></div>"},"paramsList":["Gene names  (primary )"],"trainRig":0.01679967206850423,"testRig":0.015844461337651914,"trainSupport":5679.0,"trainTotalWeight":14998.0,"testSupport":1430.0,"testTotalWeight":3810.0,"overFitting":-0.05685889146866933,"lifts":[0.6983818734059547,0.7029680417302567,1.0983172162277646,1.094692431141029]},{"jsonClass":"com.sparkbeyond.engine.report.FeatureStability","code":"sum(5_UTR_2_len of Gene names  (primary )) >= 14","htmlCode":{"content":"<div style='white-space: nowrap' class='feature-name-container'><span><span style='color: white' title='Example: List(1, 2, 3).sum = 6\n\nReturn type: Int\n\nParameters: (i:scala.collection.GenTraversableOnce[Int])\n\nCost: 0.05'>sum</span>(<span style='color:#3EE77B' title='A Map from key col: Gene_name to values: 5_UTR_2_len\nfrom table: 3_utr_parsedFeats.csv.gz. Type: MultiLookupContext, cost:1.0'>5_UTR_2_len</span> of <span style='color: #0095F0' title=' Input parameter of type Id, cost:1.0'>Gene names  (primary )</span>)</span> <span style='color: #B9C5E6'>&ge;</span> <span style='color:#C1A6FC' title='14'>14</span></div>"},"paramsList":["Gene names  (primary )"],"trainRig":0.01651827073469042,"testRig":0.0172921939042479,"trainSupport":6558.0,"trainTotalWeight":14998.0,"testSupport":1657.0,"testTotalWeight":3810.0,"overFitting":0.04685255387733436,"lifts":[0.7331726838269323,0.7240037821973307,1.086976599304226,1.0879863331935817]},{"jsonClass":"com.sparkbeyond.engine.report.FeatureStability","code":"minSlopeDouble(T of Gene names  (primary )) < -189.5","htmlCode":{"content":"<div style='white-space: nowrap' class='feature-name-container'><span><span style='color: white' title='Max Slope in a sequence of doubles\n\nExample: minSlopeDouble(List(1.0, 2.0, 3.0)) = 0.0\n\nReturn type: Double\n\nParameters: (s:scala.collection.GenTraversable[Double])\n\nCost: 1.0'>minSlopeDouble</span>(<span style='color:#3EE77B' title='A Map from key col: Gene_name to values: T\nfrom table: 3_utr_parsedFeats.csv.gz. Type: MultiLookupContext, cost:1.0'>T</span> of <span style='color: #0095F0' title=' Input parameter of type Id, cost:1.0'>Gene names  (primary )</span>)</span> <span style='color: #B9C5E6'>&lt;</span> <span style='color:#C1A6FC' title='-189.5'>-189.5</span></div>"},"paramsList":["Gene names  (primary )"],"trainRig":0.01573254885478656,"testRig":0.01679064527455903,"trainSupport":2521.0,"trainTotalWeight":14998.0,"testSupport":626.0,"testTotalWeight":3809.9999999999995,"overFitting":0.06725524449590699,"lifts":[0.5131147345213147,0.48901562060963044,1.1587079810644427,1.1628994854338977]},{"jsonClass":"com.sparkbeyond.engine.report.FeatureStability","code":"average(l2Normalize(3_UTR_end_3 of Gene names  (primary ))) inRange (0.0033 to 0.47)","htmlCode":{"content":"<div style='white-space: nowrap' class='feature-name-container'><span><span style='color: white' title='returns the average of the elements in the provided collection of numbers\n\nExample: average(List(1.0, 2.0, 3.0)) = 2.0\n\nReturn type: Double\n\nParameters: (i:scala.collection.GenTraversableOnce[Double])\n\nCost: 0.05'>average</span>(<span style='color: white' title='L2 (Euclidean) normalization. Returns square-root((x =&gt; x * x)).sum) normalization\n\nExample: l2Normalize(List(1.0, 2.0, 3.0)) = List(0.2672612419124244, 0.5345224838248488, 0.8017837257372732)\n\nReturn type: scala.collection.GenTraversable[Double]\n\nParameters: (i:scala.collection.GenTraversable[Double])\n\nCost: 1.0'>l2Normalize</span>(<span style='color:#3EE77B' title='A Map from key col: Gene_name to values: 3_UTR_end_3\nfrom table: 3_utr_parsedFeats.csv.gz. Type: MultiLookupContext, cost:1.0'>3_UTR_end_3</span> of <span style='color: #0095F0' title=' Input parameter of type Id, cost:1.0'>Gene names  (primary )</span>)) <span style='color: white' title='Returns true if: from &le; number &le; to\n\nReturn type: Boolean\n\nParameters: (value:Double, range:com.sparkbeyond.runtime.feature.types.Segment)\n\nCost: 1.0'>inRange</span> <span style='color:#3EE77B' title='Constant. Type: Segment, cost:1.0'>(0.0033 to 0.47)</span></span> <span style='color: #B9C5E6'></span> <span style='color:#C1A6FC' ></span></div>"},"paramsList":["Gene names  (primary )"],"trainRig":0.015670961260485915,"testRig":0.015153114032067674,"trainSupport":3487.0,"trainTotalWeight":14998.0,"testSupport":908.0,"testTotalWeight":3810.0,"overFitting":-0.033045020009333105,"lifts":[0.596113784323018,0.6059421142504556,1.1316531232606342,1.1256238535047873]},{"jsonClass":"com.sparkbeyond.engine.report.FeatureStability","code":"T of Gene names  (primary ) >= 60.5","htmlCode":{"content":"<div style='white-space: nowrap' class='feature-name-container'><span><span style='color:#3EE77B' title='A Map from key col: Gene_name to values: T\nfrom table: 3_utr_parsedFeats.csv.gz. Type: MultiLookupContext, cost:1.0'>T</span> of <span style='color: #0095F0' title=' Input parameter of type Id, cost:1.0'>Gene names  (primary )</span></span> <span style='color: #B9C5E6'>&ge;</span> <span style='color:#C1A6FC' title='60.5'>60.5</span></div>"},"paramsList":["Gene names  (primary )"],"trainRig":0.014895845737288135,"testRig":0.015676614297764888,"trainSupport":5944.0,"trainTotalWeight":14998.0,"testSupport":1481.0,"testTotalWeight":3810.0,"overFitting":0.052415188385194426,"lifts":[0.7254162436789111,0.7122795364519527,1.0895049340956462,1.0917239691684844]},{"jsonClass":"com.sparkbeyond.engine.report.FeatureStability","code":"5utr_counts of Gene names  (primary ) contains 1","htmlCode":{"content":"<div style='white-space: nowrap' class='feature-name-container'><span><span style='color:#3EE77B' title='A Map from key col: Gene_name to values: 5utr_counts\nfrom table: 3_utr_parsedFeats.csv.gz. Type: MultiLookupContext, cost:1.0'>5utr_counts</span> of <span style='color: #0095F0' title=' Input parameter of type Id, cost:1.0'>Gene names  (primary )</span></span> <span style='color: #B9C5E6'>contains</span> <span style='color:#C1A6FC' title='1'>1</span></div>"},"paramsList":["Gene names  (primary )"],"trainRig":0.01193373526583099,"testRig":0.01873564229457795,"trainSupport":5401.0,"trainTotalWeight":14998.0,"testSupport":1370.0,"testTotalWeight":3810.0,"overFitting":0.5699730115701805,"lifts":[0.7350821079201247,0.66732447276445,1.0863541922109894,1.1060554380699001]},{"jsonClass":"com.sparkbeyond.engine.report.FeatureStability","code":"Gene_description of Gene names  (primary ) contains \"olfactory\"","htmlCode":{"content":"<div style='white-space: nowrap' class='feature-name-container'><span><span style='color:#3EE77B' title='A Map from key col: Gene_name to values: Gene_description\nfrom table: 3_utr_parsedFeats.csv.gz. Type: MultiLookupContext, cost:1.0'>Gene_description</span> of <span style='color: #0095F0' title=' Input parameter of type Id, cost:1.0'>Gene names  (primary )</span></span> <span style='color: #B9C5E6'>contains</span> <span style='color:#C1A6FC' >\"olfactory\"</span></div>"},"paramsList":["Gene names  (primary )"],"trainRig":0.011357414239357166,"testRig":0.010742058964179914,"trainSupport":124.0,"trainTotalWeight":14998.0,"testSupport":27.0,"testTotalWeight":3810.0,"overFitting":-0.05418093081828823,"lifts":[3.37890320830818,3.5239474001688986,0.22455873671361876,0.19537710088073534]},{"jsonClass":"com.sparkbeyond.engine.report.FeatureStability","code":"5_UTR_start of Gene names  (primary ) contains \"\"","htmlCode":{"content":"<div style='white-space: nowrap' class='feature-name-container'><span><span style='color:#3EE77B' title='A Map from key col: Gene_name to values: 5_UTR_start\nfrom table: 3_utr_parsedFeats.csv.gz. Type: MultiLookupContext, cost:1.0'>5_UTR_start</span> of <span style='color: #0095F0' title=' Input parameter of type Id, cost:1.0'>Gene names  (primary )</span></span> <span style='color: #B9C5E6'>contains</span> <span style='color:#C1A6FC' >\"\"</span></div>"},"paramsList":["Gene names  (primary )"],"trainRig":0.010123939843897771,"testRig":0.007413977044250629,"trainSupport":5313.0,"trainTotalWeight":14998.0,"testSupport":1391.0,"testTotalWeight":3810.0,"overFitting":-0.2676786746496305,"lifts":[0.7526168088661456,0.79107899315516,1.080638478093053,1.0666030624105565]},{"jsonClass":"com.sparkbeyond.engine.report.FeatureStability","code":"sum(5_UTR_end_3 of Gene names  (primary )) >= 1201762.5","htmlCode":{"content":"<div style='white-space: nowrap' class='feature-name-container'><span><span style='color: white' title='Example: List(1.0, 2.0, 3.0).sum = 6.0\n\nReturn type: Double\n\nParameters: (i:scala.collection.GenTraversableOnce[Double])\n\nCost: 0.05'>sum</span>(<span style='color:#3EE77B' title='A Map from key col: Gene_name to values: 5_UTR_end_3\nfrom table: 3_utr_parsedFeats.csv.gz. Type: MultiLookupContext, cost:1.0'>5_UTR_end_3</span> of <span style='color: #0095F0' title=' Input parameter of type Id, cost:1.0'>Gene names  (primary )</span>)</span> <span style='color: #B9C5E6'>&ge;</span> <span style='color:#C1A6FC' title='1201762.5'>1201762.5</span></div>"},"paramsList":["Gene names  (primary )"],"trainRig":0.010081950225692395,"testRig":0.008899237871512266,"trainSupport":3562.0,"trainTotalWeight":14998.0,"testSupport":901.0,"testTotalWeight":3810.0,"overFitting":-0.11730987831760535,"lifts":[0.6772063003584684,0.6932940959556337,1.1052197304021154,1.0977764408531883]},{"jsonClass":"com.sparkbeyond.engine.report.FeatureStability","code":"3_UTR_1_len of Gene names  (primary ) >= 893","htmlCode":{"content":"<div style='white-space: nowrap' class='feature-name-container'><span><span style='color:#3EE77B' title='A Map from key col: Gene_name to values: 3_UTR_1_len\nfrom table: 3_utr_parsedFeats.csv.gz. Type: MultiLookupContext, cost:1.0'>3_UTR_1_len</span> of <span style='color: #0095F0' title=' Input parameter of type Id, cost:1.0'>Gene names  (primary )</span></span> <span style='color: #B9C5E6'>&ge;</span> <span style='color:#C1A6FC' title='893'>893</span></div>"},"paramsList":["Gene names  (primary )"],"trainRig":0.01007571433891161,"testRig":0.007040702319873421,"trainSupport":1821.0,"trainTotalWeight":14998.0,"testSupport":447.0,"testTotalWeight":3810.0,"overFitting":-0.3012205305699481,"lifts":[0.5294178888467383,0.5922946316011921,1.1533937091169726,1.129974608617273]},{"jsonClass":"com.sparkbeyond.engine.report.FeatureStability","code":"zipWithIndex(3_utr_len of Gene names  (primary )) contains (0.0, 3)","htmlCode":{"content":"<div style='white-space: nowrap' class='feature-name-container'><span><span style='color: white' title='ZipWithIndex matches a running index to each element in the array. It returns a new collection containing pairs consisting of all elements of this collection paired with their index. Indices start at `0`. \n\nReturn type: scala.collection.TraversableOnce[(A, Int)]\n\nParameters: (i:scala.collection.GenSeqLike[A,scala.collection.TraversableOnce[A]])\n\nCost: 1.0'>zipWithIndex</span>(<span style='color:#3EE77B' title='A Map from key col: Gene_name to values: 3_utr_len\nfrom table: 3_utr_parsedFeats.csv.gz. Type: MultiLookupContext, cost:1.0'>3_utr_len</span> of <span style='color: #0095F0' title=' Input parameter of type Id, cost:1.0'>Gene names  (primary )</span>)</span> <span style='color: #B9C5E6'>contains</span> <span style='color:#C1A6FC' >(0.0, 3)</span></div>"},"paramsList":["Gene names  (primary )"],"trainRig":0.009049495166182319,"testRig":0.007161482738132847,"trainSupport":1726.0,"trainTotalWeight":14998.0,"testSupport":423.0,"testTotalWeight":3810.0,"overFitting":-0.20863179584922215,"lifts":[0.5397030875761852,0.5770015632098937,1.1500410853246048,1.1348499689455478]},{"jsonClass":"com.sparkbeyond.engine.report.FeatureStability","code":"zipWithIndex(3_utr_len of Gene names  (primary )) contains (0.0, 2)","htmlCode":{"content":"<div style='white-space: nowrap' class='feature-name-container'><span><span style='color: white' title='ZipWithIndex matches a running index to each element in the array. It returns a new collection containing pairs consisting of all elements of this collection paired with their index. Indices start at `0`. \n\nReturn type: scala.collection.TraversableOnce[(A, Int)]\n\nParameters: (i:scala.collection.GenSeqLike[A,scala.collection.TraversableOnce[A]])\n\nCost: 1.0'>zipWithIndex</span>(<span style='color:#3EE77B' title='A Map from key col: Gene_name to values: 3_utr_len\nfrom table: 3_utr_parsedFeats.csv.gz. Type: MultiLookupContext, cost:1.0'>3_utr_len</span> of <span style='color: #0095F0' title=' Input parameter of type Id, cost:1.0'>Gene names  (primary )</span>)</span> <span style='color: #B9C5E6'>contains</span> <span style='color:#C1A6FC' >(0.0, 2)</span></div>"},"paramsList":["Gene names  (primary )"],"trainRig":0.009041998817505035,"testRig":0.01093040619458659,"trainSupport":2150.0,"trainTotalWeight":14998.0,"testSupport":559.0,"testTotalWeight":3810.0000000000005,"overFitting":0.20884844326960714,"lifts":[0.5903048422805457,0.5550278825030738,1.133546640130106,1.1418550779559256]},{"jsonClass":"com.sparkbeyond.engine.report.FeatureStability","code":"Gene_description of Gene names  (primary ) contains \"protein\"","htmlCode":{"content":"<div style='white-space: nowrap' class='feature-name-container'><span><span style='color:#3EE77B' title='A Map from key col: Gene_name to values: Gene_description\nfrom table: 3_utr_parsedFeats.csv.gz. Type: MultiLookupContext, cost:1.0'>Gene_description</span> of <span style='color: #0095F0' title=' Input parameter of type Id, cost:1.0'>Gene names  (primary )</span></span> <span style='color: #B9C5E6'>contains</span> <span style='color:#C1A6FC' >\"protein\"</span></div>"},"paramsList":["Gene names  (primary )"],"trainRig":0.008416438949581977,"testRig":0.007060874627137291,"trainSupport":2468.0,"trainTotalWeight":14997.999999999998,"testSupport":646.0,"testTotalWeight":3809.9999999999995,"overFitting":-0.16106150481992315,"lifts":[0.6329163001636571,0.6659876362682909,1.11965675902189,1.106481615436796]},{"jsonClass":"com.sparkbeyond.engine.report.FeatureStability","code":"sum(fastCenter(5_UTR_start_2 of Gene names  (primary ))) < 0.0","htmlCode":{"content":"<div style='white-space: nowrap' class='feature-name-container'><span><span style='color: white' title='Example: List(1.0, 2.0, 3.0).sum = 6.0\n\nReturn type: Double\n\nParameters: (i:scala.collection.GenTraversableOnce[Double])\n\nCost: 0.05'>sum</span>(<span style='color: white' title='Centers a collection by subtracting the mean of the collection from each element.\n\nExample: fastCenter(List(1.0, 2.0, 3.0)) = List(-1.0, 0.0, 1.0)\n\nReturn type: scala.collection.GenTraversable[Double]\n\nParameters: (vec:scala.collection.GenTraversable[Double])\n\nCost: 1.0'>fastCenter</span>(<span style='color:#3EE77B' title='A Map from key col: Gene_name to values: 5_UTR_start_2\nfrom table: 3_utr_parsedFeats.csv.gz. Type: MultiLookupContext, cost:1.0'>5_UTR_start_2</span> of <span style='color: #0095F0' title=' Input parameter of type Id, cost:1.0'>Gene names  (primary )</span>))</span> <span style='color: #B9C5E6'>&lt;</span> <span style='color:#C1A6FC' title='0.0'>0.0</span></div>"},"paramsList":["Gene names  (primary )"],"trainRig":0.007834768727709555,"testRig":0.003723025095678657,"trainSupport":1377.0,"trainTotalWeight":14998.0,"testSupport":342.0,"testTotalWeight":3810.0,"overFitting":-0.5248072757385577,"lifts":[0.5169687841183345,0.65318018172467,1.1574516924193883,1.1105645734273377]},{"jsonClass":"com.sparkbeyond.engine.report.FeatureStability","code":"extractKeys(histogram(3_utr_seq of Gene names  (primary ))) == ('T', 'A', 'G', 'C')","htmlCode":{"content":"<div style='white-space: nowrap' class='feature-name-container'><span><span style='color: white' title='Extracts all of the keys from from a collection of key and value pairs. For the collection (('a', 2), ('d', 3)) the result would be ('a', 'd')\n\nReturn type: Vector[A]\n\nParameters: (pairs:TraversableOnce[(A, B)])\n\nCost: 0.05'>extractKeys</span>(<span style='color: white' title='returns a map of value frequencies in the provided values collection\n\nReturn type: scala.collection.immutable.Map[T,Double]\n\nParameters: (values:scala.collection.GenTraversableOnce[T])\n\nCost: 1.05'>histogram</span>(<span style='color:#3EE77B' title='A Map from key col: Gene_name to values: 3_utr_seq\nfrom table: 3_utr_parsedFeats.csv.gz. Type: MultiLookupContext, cost:1.0'>3_utr_seq</span> of <span style='color: #0095F0' title=' Input parameter of type Id, cost:1.0'>Gene names  (primary )</span>))</span> <span style='color: #B9C5E6'>=</span> <span style='color:#C1A6FC' >('T', 'A', 'G', 'C')</span></div>"},"paramsList":["Gene names  (primary )"],"trainRig":0.007583817254319495,"testRig":0.005502567677424088,"trainSupport":1380.0,"trainTotalWeight":14998.0,"testSupport":341.0,"testTotalWeight":3809.9999999999995,"overFitting":-0.2744329810571312,"lifts":[0.5246879950315051,0.5823072587809375,1.1549354930880418,1.1331585374395141]},{"jsonClass":"com.sparkbeyond.engine.report.FeatureStability","code":"3utr_counts of Gene names  (primary ) contains 2","htmlCode":{"content":"<div style='white-space: nowrap' class='feature-name-container'><span><span style='color:#3EE77B' title='A Map from key col: Gene_name to values: 3utr_counts\nfrom table: 3_utr_parsedFeats.csv.gz. Type: MultiLookupContext, cost:1.0'>3utr_counts</span> of <span style='color: #0095F0' title=' Input parameter of type Id, cost:1.0'>Gene names  (primary )</span></span> <span style='color: #B9C5E6'>contains</span> <span style='color:#C1A6FC' title='2'>2</span></div>"},"paramsList":["Gene names  (primary )"],"trainRig":0.006496159756945456,"testRig":0.00825061085827158,"trainSupport":2012.0,"trainTotalWeight":14998.0,"testSupport":506.0,"testTotalWeight":3809.9999999999995,"overFitting":0.27007511621775165,"lifts":[0.6368582645704294,0.5886366855068172,1.1183718131490432,1.1311407451188027]},{"jsonClass":"com.sparkbeyond.engine.report.FeatureStability","code":"zipWithIndex(3_utr_len of Gene names  (primary )) contains (0.0, 6)","htmlCode":{"content":"<div style='white-space: nowrap' class='feature-name-container'><span><span style='color: white' title='ZipWithIndex matches a running index to each element in the array. It returns a new collection containing pairs consisting of all elements of this collection paired with their index. Indices start at `0`. \n\nReturn type: scala.collection.TraversableOnce[(A, Int)]\n\nParameters: (i:scala.collection.GenSeqLike[A,scala.collection.TraversableOnce[A]])\n\nCost: 1.0'>zipWithIndex</span>(<span style='color:#3EE77B' title='A Map from key col: Gene_name to values: 3_utr_len\nfrom table: 3_utr_parsedFeats.csv.gz. Type: MultiLookupContext, cost:1.0'>3_utr_len</span> of <span style='color: #0095F0' title=' Input parameter of type Id, cost:1.0'>Gene names  (primary )</span>)</span> <span style='color: #B9C5E6'>contains</span> <span style='color:#C1A6FC' >(0.0, 6)</span></div>"},"paramsList":["Gene names  (primary )"],"trainRig":0.006176591612217114,"testRig":0.008629912481376815,"trainSupport":836.0,"trainTotalWeight":14998.0,"testSupport":254.0,"testTotalWeight":3810.0,"overFitting":0.39719654838553764,"lifts":[0.44765327031611135,0.40716612377850164,1.1800461844527006,1.1889927310488058]},{"jsonClass":"com.sparkbeyond.engine.report.FeatureStability","code":"average(T of Gene names  (primary )) inRange (2.5 to 78.55)","htmlCode":{"content":"<div style='white-space: nowrap' class='feature-name-container'><span><span style='color: white' title='returns the average of the elements in the provided collection of numbers\n\nExample: average(List(1.0, 2.0, 3.0)) = 2.0\n\nReturn type: Double\n\nParameters: (i:scala.collection.GenTraversableOnce[Double])\n\nCost: 0.05'>average</span>(<span style='color:#3EE77B' title='A Map from key col: Gene_name to values: T\nfrom table: 3_utr_parsedFeats.csv.gz. Type: MultiLookupContext, cost:1.0'>T</span> of <span style='color: #0095F0' title=' Input parameter of type Id, cost:1.0'>Gene names  (primary )</span>) <span style='color: white' title='Returns true if: from &le; number &le; to\n\nReturn type: Boolean\n\nParameters: (value:Double, range:com.sparkbeyond.runtime.feature.types.Segment)\n\nCost: 1.0'>inRange</span> <span style='color:#3EE77B' title='Constant. Type: Segment, cost:1.0'>(2.5 to 78.55)</span></span> <span style='color: #B9C5E6'></span> <span style='color:#C1A6FC' ></span></div>"},"paramsList":["Gene names  (primary )"],"trainRig":0.005889339572730827,"testRig":0.003973873525430016,"trainSupport":1180.0,"trainTotalWeight":14998.0,"testSupport":294.0,"testTotalWeight":3810.0,"overFitting":-0.3252429281153895,"lifts":[1.5064670647671847,1.4211482638658068,0.8349090206173981,0.8657398577291767]},{"jsonClass":"com.sparkbeyond.engine.report.FeatureStability","code":"zipWithIndex(3_utr_len of Gene names  (primary )) contains (0.0, 7)","htmlCode":{"content":"<div style='white-space: nowrap' class='feature-name-container'><span><span style='color: white' title='ZipWithIndex matches a running index to each element in the array. It returns a new collection containing pairs consisting of all elements of this collection paired with their index. Indices start at `0`. \n\nReturn type: scala.collection.TraversableOnce[(A, Int)]\n\nParameters: (i:scala.collection.GenSeqLike[A,scala.collection.TraversableOnce[A]])\n\nCost: 1.0'>zipWithIndex</span>(<span style='color:#3EE77B' title='A Map from key col: Gene_name to values: 3_utr_len\nfrom table: 3_utr_parsedFeats.csv.gz. Type: MultiLookupContext, cost:1.0'>3_utr_len</span> of <span style='color: #0095F0' title=' Input parameter of type Id, cost:1.0'>Gene names  (primary )</span>)</span> <span style='color: #B9C5E6'>contains</span> <span style='color:#C1A6FC' >(0.0, 7)</span></div>"},"paramsList":["Gene names  (primary )"],"trainRig":0.0056861842817115095,"testRig":0.004747487766343523,"trainSupport":649.0,"trainTotalWeight":14998.000000000002,"testSupport":184.0,"testTotalWeight":3810.0,"overFitting":-0.16508373082228772,"lifts":[0.4011395554195957,0.4721356748335929,1.1952080681785828,1.168280735021897]},{"jsonClass":"com.sparkbeyond.engine.report.FeatureStability","code":"Gene_description of Gene names  (primary ) contains \"factor\"","htmlCode":{"content":"<div style='white-space: nowrap' class='feature-name-container'><span><span style='color:#3EE77B' title='A Map from key col: Gene_name to values: Gene_description\nfrom table: 3_utr_parsedFeats.csv.gz. Type: MultiLookupContext, cost:1.0'>Gene_description</span> of <span style='color: #0095F0' title=' Input parameter of type Id, cost:1.0'>Gene names  (primary )</span></span> <span style='color: #B9C5E6'>contains</span> <span style='color:#C1A6FC' >\"factor\"</span></div>"},"paramsList":["Gene names  (primary )"],"trainRig":0.0033651050166903173,"testRig":0.002350170664328912,"trainSupport":786.0,"trainTotalWeight":14998.0,"testSupport":171.0,"testTotalWeight":3810.0,"overFitting":-0.30160555088994634,"lifts":[0.569285799566733,0.6047964645598796,1.1403981307574447,1.1259890813916063]},{"jsonClass":"com.sparkbeyond.engine.report.FeatureStability","code":"Gene_description of Gene names  (primary ) contains \"binding\"","htmlCode":{"content":"<div style='white-space: nowrap' class='feature-name-container'><span><span style='color:#3EE77B' title='A Map from key col: Gene_name to values: Gene_description\nfrom table: 3_utr_parsedFeats.csv.gz. Type: MultiLookupContext, cost:1.0'>Gene_description</span> of <span style='color: #0095F0' title=' Input parameter of type Id, cost:1.0'>Gene names  (primary )</span></span> <span style='color: #B9C5E6'>contains</span> <span style='color:#C1A6FC' >\"binding\"</span></div>"},"paramsList":["Gene names  (primary )"],"trainRig":0.0030196962778962213,"testRig":8.503264355268279E-4,"trainSupport":509.0,"trainTotalWeight":14998.000000000002,"testSupport":122.0,"testTotalWeight":3810.0,"overFitting":-0.718406635213248,"lifts":[0.49548911563647136,0.7120734767982058,1.1644533313277634,1.091789660044601]},{"jsonClass":"com.sparkbeyond.engine.report.FeatureStability","code":"average(T_freq of Gene names  (primary )) inRange (0.0417 to 0.19)","htmlCode":{"content":"<div style='white-space: nowrap' class='feature-name-container'><span><span style='color: white' title='returns the average of the elements in the provided collection of numbers\n\nExample: average(List(1.0, 2.0, 3.0)) = 2.0\n\nReturn type: Double\n\nParameters: (i:scala.collection.GenTraversableOnce[Double])\n\nCost: 0.05'>average</span>(<span style='color:#3EE77B' title='A Map from key col: Gene_name to values: T_freq\nfrom table: 3_utr_parsedFeats.csv.gz. Type: MultiLookupContext, cost:1.0'>T_freq</span> of <span style='color: #0095F0' title=' Input parameter of type Id, cost:1.0'>Gene names  (primary )</span>) <span style='color: white' title='Returns true if: from &le; number &le; to\n\nReturn type: Boolean\n\nParameters: (value:Double, range:com.sparkbeyond.runtime.feature.types.Segment)\n\nCost: 1.0'>inRange</span> <span style='color:#3EE77B' title='Constant. Type: Segment, cost:1.0'>(0.0417 to 0.19)</span></span> <span style='color: #B9C5E6'></span> <span style='color:#C1A6FC' ></span></div>"},"paramsList":["Gene names  (primary )"],"trainRig":0.0030064421580592074,"testRig":0.0027576926562398545,"trainSupport":394.0,"trainTotalWeight":14998.0,"testSupport":83.0,"testTotalWeight":3810.0,"overFitting":-0.08273882840304896,"lifts":[1.6519008341834873,1.6945959734704288,0.7875025748709648,0.778565977304858]},{"jsonClass":"com.sparkbeyond.engine.report.FeatureStability","code":"Gene_description of Gene names  (primary ) contains \"trna synthetase 1\"","htmlCode":{"content":"<div style='white-space: nowrap' class='feature-name-container'><span><span style='color:#3EE77B' title='A Map from key col: Gene_name to values: Gene_description\nfrom table: 3_utr_parsedFeats.csv.gz. Type: MultiLookupContext, cost:1.0'>Gene_description</span> of <span style='color: #0095F0' title=' Input parameter of type Id, cost:1.0'>Gene names  (primary )</span></span> <span style='color: #B9C5E6'>contains</span> <span style='color:#C1A6FC' >\"trna synthetase 1\"</span></div>"},"paramsList":["Gene names  (primary )"],"trainRig":0.0021827444991019567,"testRig":0.003374130289947928,"trainSupport":13.0,"trainTotalWeight":14998.0,"testSupport":5.0,"testTotalWeight":3810.0,"overFitting":0.5458200862886798,"lifts":[4.067805804176838,4.136807817589577,0.0,0.0]},{"jsonClass":"com.sparkbeyond.engine.report.FeatureStability","code":"Transcript_length_including_UTRs_and_CDS of Gene names  (primary ) contains 582","htmlCode":{"content":"<div style='white-space: nowrap' class='feature-name-container'><span><span style='color:#3EE77B' title='A Map from key col: Gene_name to values: Transcript_length_including_UTRs_and_CDS\nfrom table: 3_utr_parsedFeats.csv.gz. Type: MultiLookupContext, cost:1.0'>Transcript_length_including_UTRs_and_CDS</span> of <span style='color: #0095F0' title=' Input parameter of type Id, cost:1.0'>Gene names  (primary )</span></span> <span style='color: #B9C5E6'>contains</span> <span style='color:#C1A6FC' title='582'>582</span></div>"},"paramsList":["Gene names  (primary )"],"trainRig":0.002121893346752398,"testRig":0.0016883536674705832,"trainSupport":239.0,"trainTotalWeight":14997.999999999998,"testSupport":86.0,"testTotalWeight":3810.0,"overFitting":-0.20431737530321986,"lifts":[0.3914624832471434,0.529126581319597,1.198362463466341,1.1501122944287472]},{"jsonClass":"com.sparkbeyond.engine.report.FeatureStability","code":"slidingSubsets(Gene_description of Gene names  (primary )) contains (\"complex\", \"hgnc\")","htmlCode":{"content":"<div style='white-space: nowrap' class='feature-name-container'><span><span style='color: white' title='Returns a sliding sequence of word sets of sizes between 2 and 4\n\nExample: slidingSubsets(Lorem Ipsum 2) = Vector(Set(lorem, ipsum), Set(lorem, 2), Set(ipsum, 2), Set(lorem, ipsum, 2))\n\nReturn type: Seq[Set[String]]\n\nParameters: (s:com.sparkbeyond.runtime.feature.types.SemanticWrapper)\n\nCost: 1.0'>slidingSubsets</span>(<span style='color:#3EE77B' title='A Map from key col: Gene_name to values: Gene_description\nfrom table: 3_utr_parsedFeats.csv.gz. Type: MultiLookupContext, cost:1.0'>Gene_description</span> of <span style='color: #0095F0' title=' Input parameter of type Id, cost:1.0'>Gene names  (primary )</span>)</span> <span style='color: #B9C5E6'>contains</span> <span style='color:#C1A6FC' >(\"complex\", \"hgnc\")</span></div>"},"paramsList":["Gene names  (primary )"],"trainRig":0.0019386328077946962,"testRig":0.0018417310440406913,"trainSupport":72.0,"trainTotalWeight":14998.000000000002,"testSupport":25.0,"testTotalWeight":3810.0,"overFitting":-0.04998458881145009,"lifts":[0.05649730283578941,0.16547231270358306,1.3075496812345897,1.266043613707165]},{"jsonClass":"com.sparkbeyond.engine.report.FeatureStability","code":"Gene_description of Gene names  (primary ) contains \"encoded\"","htmlCode":{"content":"<div style='white-space: nowrap' class='feature-name-container'><span><span style='color:#3EE77B' title='A Map from key col: Gene_name to values: Gene_description\nfrom table: 3_utr_parsedFeats.csv.gz. Type: MultiLookupContext, cost:1.0'>Gene_description</span> of <span style='color: #0095F0' title=' Input parameter of type Id, cost:1.0'>Gene names  (primary )</span></span> <span style='color: #B9C5E6'>contains</span> <span style='color:#C1A6FC' >\"encoded\"</span></div>"},"paramsList":["Gene names  (primary )"],"trainRig":0.0018466679285608,"testRig":0.0013484762746108793,"trainSupport":11.0,"trainTotalWeight":14998.0,"testSupport":2.0,"testTotalWeight":3810.0,"overFitting":-0.26977868963056406,"lifts":[4.067805804176838,4.136807817589577,0.0,0.0]},{"jsonClass":"com.sparkbeyond.engine.report.FeatureStability","code":"Gene_description of Gene names  (primary ) contains \"atp synthase\"","htmlCode":{"content":"<div style='white-space: nowrap' class='feature-name-container'><span><span style='color:#3EE77B' title='A Map from key col: Gene_name to values: Gene_description\nfrom table: 3_utr_parsedFeats.csv.gz. Type: MultiLookupContext, cost:1.0'>Gene_description</span> of <span style='color: #0095F0' title=' Input parameter of type Id, cost:1.0'>Gene names  (primary )</span></span> <span style='color: #B9C5E6'>contains</span> <span style='color:#C1A6FC' >\"atp synthase\"</span></div>"},"paramsList":["Gene names  (primary )"],"trainRig":0.0017856903515247678,"testRig":0.001641993598868642,"trainSupport":14.0,"trainTotalWeight":14998.0,"testSupport":5.0,"testTotalWeight":3810.0,"overFitting":-0.08047126005548824,"lifts":[3.7772482467356348,3.3094462540716614,0.09471184813771676,0.26375908618899274]},{"jsonClass":"com.sparkbeyond.engine.report.FeatureStability","code":"Gene_description of Gene names  (primary ) contains \"ubiquitin\"","htmlCode":{"content":"<div style='white-space: nowrap' class='feature-name-container'><span><span style='color:#3EE77B' title='A Map from key col: Gene_name to values: Gene_description\nfrom table: 3_utr_parsedFeats.csv.gz. Type: MultiLookupContext, cost:1.0'>Gene_description</span> of <span style='color: #0095F0' title=' Input parameter of type Id, cost:1.0'>Gene names  (primary )</span></span> <span style='color: #B9C5E6'>contains</span> <span style='color:#C1A6FC' >\"ubiquitin\"</span></div>"},"paramsList":["Gene names  (primary )"],"trainRig":0.0017230072864740649,"testRig":8.904501838471159E-4,"trainSupport":145.0,"trainTotalWeight":14998.000000000002,"testSupport":41.0,"testTotalWeight":3810.0,"overFitting":-0.483199989438629,"lifts":[0.30859216445479454,0.5044887582426313,1.2253753593541836,1.1579667198541144]},{"jsonClass":"com.sparkbeyond.engine.report.FeatureStability","code":"Gene_description of Gene names  (primary ) contains \"dynein\"","htmlCode":{"content":"<div style='white-space: nowrap' class='feature-name-container'><span><span style='color:#3EE77B' title='A Map from key col: Gene_name to values: Gene_description\nfrom table: 3_utr_parsedFeats.csv.gz. Type: MultiLookupContext, cost:1.0'>Gene_description</span> of <span style='color: #0095F0' title=' Input parameter of type Id, cost:1.0'>Gene names  (primary )</span></span> <span style='color: #B9C5E6'>contains</span> <span style='color:#C1A6FC' >\"dynein\"</span></div>"},"paramsList":["Gene names  (primary )"],"trainRig":0.001718878813270535,"testRig":3.1047607682942446E-4,"trainSupport":38.0,"trainTotalWeight":14998.0,"testSupport":13.0,"testTotalWeight":3810.0,"overFitting":-0.819372910741347,"lifts":[2.676188029063709,1.591079929842145,0.4536199042385382,0.8115664190430546]},{"jsonClass":"com.sparkbeyond.engine.report.FeatureStability","code":"slidingSubsets(Gene_description of Gene names  (primary )) contains (\"histone\", \"source\", \"hgnc\")","htmlCode":{"content":"<div style='white-space: nowrap' class='feature-name-container'><span><span style='color: white' title='Returns a sliding sequence of word sets of sizes between 2 and 4\n\nExample: slidingSubsets(Lorem Ipsum 2) = Vector(Set(lorem, ipsum), Set(lorem, 2), Set(ipsum, 2), Set(lorem, ipsum, 2))\n\nReturn type: Seq[Set[String]]\n\nParameters: (s:com.sparkbeyond.runtime.feature.types.SemanticWrapper)\n\nCost: 1.0'>slidingSubsets</span>(<span style='color:#3EE77B' title='A Map from key col: Gene_name to values: Gene_description\nfrom table: 3_utr_parsedFeats.csv.gz. Type: MultiLookupContext, cost:1.0'>Gene_description</span> of <span style='color: #0095F0' title=' Input parameter of type Id, cost:1.0'>Gene names  (primary )</span>)</span> <span style='color: #B9C5E6'>contains</span> <span style='color:#C1A6FC' >(\"histone\", \"source\", \"hgnc\")</span></div>"},"paramsList":["Gene names  (primary )"],"trainRig":0.001626853186965485,"testRig":5.733651935264682E-4,"trainSupport":13.0,"trainTotalWeight":14998.0,"testSupport":3.0,"testTotalWeight":3810.0,"overFitting":-0.647561809436568,"lifts":[3.754897665394004,2.757871878393051,0.10199737491754113,0.4395984769816545]},{"jsonClass":"com.sparkbeyond.engine.report.FeatureStability","code":"Gene_description of Gene names  (primary ) contains \"ras oncogene\"","htmlCode":{"content":"<div style='white-space: nowrap' class='feature-name-container'><span><span style='color:#3EE77B' title='A Map from key col: Gene_name to values: Gene_description\nfrom table: 3_utr_parsedFeats.csv.gz. Type: MultiLookupContext, cost:1.0'>Gene_description</span> of <span style='color: #0095F0' title=' Input parameter of type Id, cost:1.0'>Gene names  (primary )</span></span> <span style='color: #B9C5E6'>contains</span> <span style='color:#C1A6FC' >\"ras oncogene\"</span></div>"},"paramsList":["Gene names  (primary )"],"trainRig":0.0016220702962433287,"testRig":0.0011835016247860588,"trainSupport":48.0,"trainTotalWeight":14998.0,"testSupport":9.0,"testTotalWeight":3810.0,"overFitting":-0.2703758724100818,"lifts":[0.0,0.0,1.3259658739280347,1.3187954309449637]},{"jsonClass":"com.sparkbeyond.engine.report.FeatureStability","code":"Gene_description of Gene names  (primary ) contains \"immunoglobulin heavy\"","htmlCode":{"content":"<div style='white-space: nowrap' class='feature-name-container'><span><span style='color:#3EE77B' title='A Map from key col: Gene_name to values: Gene_description\nfrom table: 3_utr_parsedFeats.csv.gz. Type: MultiLookupContext, cost:1.0'>Gene_description</span> of <span style='color: #0095F0' title=' Input parameter of type Id, cost:1.0'>Gene names  (primary )</span></span> <span style='color: #B9C5E6'>contains</span> <span style='color:#C1A6FC' >\"immunoglobulin heavy\"</span></div>"},"paramsList":["Gene names  (primary )"],"trainRig":0.001510689539288582,"testRig":6.740425165321889E-4,"trainSupport":9.0,"trainTotalWeight":14998.000000000002,"testSupport":1.0,"testTotalWeight":3810.0,"overFitting":-0.5538179758300235,"lifts":[4.067805804176838,4.136807817589577,0.0,0.0]},{"jsonClass":"com.sparkbeyond.engine.report.FeatureStability","code":"T_freq of Gene names  (primary ) contains 0.328","htmlCode":{"content":"<div style='white-space: nowrap' class='feature-name-container'><span><span style='color:#3EE77B' title='A Map from key col: Gene_name to values: T_freq\nfrom table: 3_utr_parsedFeats.csv.gz. Type: MultiLookupContext, cost:1.0'>T_freq</span> of <span style='color: #0095F0' title=' Input parameter of type Id, cost:1.0'>Gene names  (primary )</span></span> <span style='color: #B9C5E6'>contains</span> <span style='color:#C1A6FC' title='0.328'>0.328</span></div>"},"paramsList":["Gene names  (primary )"],"trainRig":0.001342737141849921,"testRig":3.031219182949772E-5,"trainSupport":8.0,"trainTotalWeight":14997.999999999998,"testSupport":3.0,"testTotalWeight":3810.0,"overFitting":-0.97742507384004,"lifts":[4.067805804176838,1.3789359391965255,0.0,0.879196953963309]},{"jsonClass":"com.sparkbeyond.engine.report.FeatureStability","code":"Gene_description of Gene names  (primary ) contains \"septin\"","htmlCode":{"content":"<div style='white-space: nowrap' class='feature-name-container'><span><span style='color:#3EE77B' title='A Map from key col: Gene_name to values: Gene_description\nfrom table: 3_utr_parsedFeats.csv.gz. Type: MultiLookupContext, cost:1.0'>Gene_description</span> of <span style='color: #0095F0' title=' Input parameter of type Id, cost:1.0'>Gene names  (primary )</span></span> <span style='color: #B9C5E6'>contains</span> <span style='color:#C1A6FC' >\"septin\"</span></div>"},"paramsList":["Gene names  (primary )"],"trainRig":0.001342737141849921,"testRig":0.0026985196309289704,"trainSupport":8.0,"trainTotalWeight":14997.999999999998,"testSupport":4.0,"testTotalWeight":3810.0,"overFitting":1.009715488476885,"lifts":[4.067805804176838,4.136807817589577,0.0,0.0]}]