Gene names  (primary )	InputFunction	24438.015486
com.sparkbeyond.runtime.feature.context.MultiLookupContext.getOrEmpty(key: TKey): Seq[TMember]	ReflectedMethodDef	17992.006502
com.sparkbeyond.runtime.feature.context.MultiLookupContext.getFirstOrDefault(key: TKey): TMember	ReflectedMethodDef	6446.617315
com.sparkbeyond.runtime.feature.functions.Statistics.average(i: scala.collection.GenTraversableOnce[Double]): Double	ReflectedMethodDef	2897.515839
3_utr_parsedFeats.csv.gz_Gene_description_by_Gene_name	ConstantFunction	2233.036737
com.sparkbeyond.runtime.feature.functions.ImplicitFreeExtensionsDouble.max(i: Seq[Double]): Double	ReflectedMethodDef	2215.934158
com.sparkbeyond.runtime.feature.functions.ImplicitFreeExtensionsDouble.sum(i: scala.collection.GenTraversableOnce[Double]): Double	ReflectedMethodDef	2121.91666
com.sparkbeyond.runtime.feature.functions.SpecialFunctions.normalizedHistogram[T](values: scala.collection.GenTraversableOnce[T]): scala.collection.immutable.Map[T,Double]	ReflectedMethodDef	1648.191229
com.sparkbeyond.runtime.feature.functions.ImplicitFreeExtensionsDouble.min(i: Seq[Double]): Double	ReflectedMethodDef	1548.920378
com.sparkbeyond.runtime.feature.functions.TextFunctions.slidingSubsets(s: com.sparkbeyond.runtime.feature.types.SemanticWrapper): Seq[Set[String]]	ReflectedMethodDef	1369.640119
3_utr_parsedFeats.csv.gz_5_UTR_1_len_by_Gene_name	ConstantFunction	1165.252831
3_utr_parsedFeats.csv.gz_A_freq_by_Gene_name	ConstantFunction	994.637688
3_utr_parsedFeats.csv.gz_A_by_Gene_name	ConstantFunction	954.460172
3_utr_parsedFeats.csv.gz_GC_freq_by_Gene_name	ConstantFunction	914.572456
3_utr_parsedFeats.csv.gz_3_UTR_start_1_by_Gene_name	ConstantFunction	805.726223
3_utr_parsedFeats.csv.gz_3_utr_len_by_Gene_name	ConstantFunction	805.109771
com.sparkbeyond.runtime.feature.functions.ImplicitFreeExtensionsInt.sum(i: scala.collection.GenTraversableOnce[Int]): Int	ReflectedMethodDef	793.944281
3_utr_parsedFeats.csv.gz_tot_5utr_len_by_Gene_name	ConstantFunction	768.632485
3_utr_parsedFeats.csv.gz_5_UTR_end_2_by_Gene_name	ConstantFunction	767.220558
3_utr_parsedFeats.csv.gz_5_UTR_end_1_by_Gene_name	ConstantFunction	743.165501
com.sparkbeyond.runtime.feature.functions.Statistics.averageInt(i: scala.collection.GenTraversableOnce[Int]): Double	ReflectedMethodDef	730.362149
3_utr_parsedFeats.csv.gz_5_UTR_start_1_by_Gene_name	ConstantFunction	702.298218
3_utr_parsedFeats.csv.gz_5_UTR_start_by_Gene_name	ConstantFunction	682.528778
3_utr_parsedFeats.csv.gz_mode_ratio_freq_by_Gene_name	ConstantFunction	630.035952
3_utr_parsedFeats.csv.gz_3_UTR_start_by_Gene_name	ConstantFunction	617.539185
3_utr_parsedFeats.csv.gz_Transcript_length_including_UTRs_and_CDS_by_Gene_name	ConstantFunction	576.097556
3_utr_parsedFeats.csv.gz_T_freq_by_Gene_name	ConstantFunction	572.034357
3_utr_parsedFeats.csv.gz_3_UTR_end_1_by_Gene_name	ConstantFunction	567.518908
3_utr_parsedFeats.csv.gz_G_freq_by_Gene_name	ConstantFunction	554.990594
3_utr_parsedFeats.csv.gz_C_by_Gene_name	ConstantFunction	544.325097
3_utr_parsedFeats.csv.gz_C_freq_by_Gene_name	ConstantFunction	542.101808
3_utr_parsedFeats.csv.gz_3_UTR_1_len_by_Gene_name	ConstantFunction	511.164749
3_utr_parsedFeats.csv.gz_3_UTR_end_3_by_Gene_name	ConstantFunction	501.732731
3_utr_parsedFeats.csv.gz_tot_3utr_len_by_Gene_name	ConstantFunction	480.694277
3_utr_parsedFeats.csv.gz_5_UTR_start_2_by_Gene_name	ConstantFunction	473.231338
3_utr_parsedFeats.csv.gz_CDS_Length_by_Gene_name	ConstantFunction	470.941957
3_utr_parsedFeats.csv.gz_G_by_Gene_name	ConstantFunction	468.515404
3_utr_parsedFeats.csv.gz_Gene_start_bp_by_Gene_name	ConstantFunction	463.663097
com.sparkbeyond.runtime.feature.functions.Statistics.stddev(xs: scala.collection.GenTraversableOnce[Double]): Double	ReflectedMethodDef	446.345971
3_utr_parsedFeats.csv.gz_3_UTR_start_3_by_Gene_name	ConstantFunction	440.410177
3_utr_parsedFeats.csv.gz_3_utr_seq_by_Gene_name	ConstantFunction	431.88186
3_utr_parsedFeats.csv.gz_T_by_Gene_name	ConstantFunction	413.981229
3_utr_parsedFeats.csv.gz_5_UTR_3_len_by_Gene_name	ConstantFunction	408.969612
3_utr_parsedFeats.csv.gz_3_UTR_end_2_by_Gene_name	ConstantFunction	406.805457
3_utr_parsedFeats.csv.gz_3_UTR_start_2_by_Gene_name	ConstantFunction	402.272249
com.sparkbeyond.runtime.feature.functions.SpecialFunctions.maxSlopeSecondHalf(s: scala.collection.GenTraversable[Double]): Double	ReflectedMethodDef	381.710965
3_utr_parsedFeats.csv.gz_3_UTR_end_by_Gene_name	ConstantFunction	346.857626
com.sparkbeyond.runtime.feature.functions.TextFunctions.tokenizeByWordBoundary(text: com.sparkbeyond.runtime.feature.types.SemanticWrapper): Vector[String]	ReflectedMethodDef	346.255629
3_utr_parsedFeats.csv.gz_5_UTR_end_3_by_Gene_name	ConstantFunction	337.557669
3_utr_parsedFeats.csv.gz_5_UTR_start_3_by_Gene_name	ConstantFunction	321.772349
com.sparkbeyond.runtime.feature.functions.ImplicitFreeExtensions.zipWithIndex[A](i: scala.collection.GenSeqLike[A,scala.collection.TraversableOnce[A]]): scala.collection.TraversableOnce[(A,Int)]	ReflectedMethodDef	281.018037
3_utr_parsedFeats.csv.gz_3utr_counts_by_Gene_name	ConstantFunction	253.471071
3_utr_parsedFeats.csv.gz_3_UTR_3_len_by_Gene_name	ConstantFunction	243.875272
com.sparkbeyond.runtime.feature.functions.TextFunctions.ngrams(s: com.sparkbeyond.runtime.feature.types.SemanticWrapper): List[String]	ReflectedMethodDef	243.141867
3_utr_parsedFeats.csv.gz_5utr_counts_by_Gene_name	ConstantFunction	232.054189
3_utr_parsedFeats.csv.gz_5_UTR_2_len_by_Gene_name	ConstantFunction	219.702539
3_utr_parsedFeats.csv.gz_UniProtKBTrEMBL_ID_by_Gene_name	ConstantFunction	187.960362
3_utr_parsedFeats.csv.gz_3_UTR_2_len_by_Gene_name	ConstantFunction	180.042057
com.sparkbeyond.runtime.feature.functions.SpecialFunctions.l2Normalize(i: scala.collection.GenTraversable[Double]): scala.collection.GenTraversable[Double]	ReflectedMethodDef	167.708706
com.sparkbeyond.runtime.feature.functions.Statistics.diff(xs: scala.collection.GenTraversable[Double]): List[Double]	ReflectedMethodDef	161.699509
com.sparkbeyond.runtime.feature.functions.TextFunctions.numbers(s: com.sparkbeyond.runtime.feature.types.SemanticWrapper): Seq[Double]	ReflectedMethodDef	156.704706
com.sparkbeyond.runtime.feature.functions.SpecialFunctions.minSlopeInt(s: scala.collection.GenTraversable[Int]): Double	ReflectedMethodDef	131.401105
com.sparkbeyond.runtime.feature.functions.Statistics.exponentialMovingAverageDouble(i: scala.collection.GenTraversableOnce[Double]): Double	ReflectedMethodDef	127.612135
com.sparkbeyond.runtime.feature.functions.SpecialFunctions.arithmeticNot(num: Double): Double	ReflectedMethodDef	117.585438
com.sparkbeyond.runtime.feature.functions.ImplicitFreeExtensionsInt.product(i: scala.collection.GenTraversableOnce[Int]): Int	ReflectedMethodDef	117.365993
com.sparkbeyond.runtime.feature.functions.SpecialFunctions.lInfNormalize(i: scala.collection.GenTraversable[Double]): scala.collection.GenTraversable[Double]	ReflectedMethodDef	112.172822
com.sparkbeyond.runtime.feature.functions.SpecialFunctions.l2Norm(i: scala.collection.GenTraversable[Double]): Double	ReflectedMethodDef	109.175559
com.sparkbeyond.runtime.feature.functions.SpecialFunctions.safeMax(i: scala.collection.GenTraversableOnce[Double]): Double	ReflectedMethodDef	99.320072
3_utr_parsedFeats.csv.gz_5_UTR_end_by_Gene_name	ConstantFunction	99.17334
com.sparkbeyond.runtime.feature.functions.Statistics.fastCenter(vec: scala.collection.GenTraversable[Double]): scala.collection.GenTraversable[Double]	ReflectedMethodDef	98.295147
com.sparkbeyond.runtime.feature.functions.SpecialFunctions.maxSlopeFirstHalf(s: scala.collection.GenTraversable[Double]): Double	ReflectedMethodDef	94.788551
com.sparkbeyond.runtime.feature.functions.SpecialFunctions.minSlopeDouble(s: scala.collection.GenTraversable[Double]): Double	ReflectedMethodDef	76.951173
com.sparkbeyond.runtime.feature.functions.SpecialFunctions.histogram[T](values: scala.collection.GenTraversableOnce[T]): scala.collection.immutable.Map[T,Double]	ReflectedMethodDef	73.719203
com.sparkbeyond.runtime.feature.functions.ZeroComplexityFunctions.extractKeys[A,B](pairs: TraversableOnce[(A, B)]): Vector[A]	ReflectedMethodDef	73.719203
com.sparkbeyond.runtime.feature.functions.SpecialFunctions.logSumExp(seq: scala.collection.GenTraversableOnce[Double]): Double	ReflectedMethodDef	68.147628
com.sparkbeyond.runtime.feature.functions.Statistics.modeDouble(i: scala.collection.GenTraversableOnce[Double]): Double	ReflectedMethodDef	56.158207
com.sparkbeyond.runtime.feature.functions.Statistics.mostCommonValue[T](i: scala.collection.GenTraversableOnce[T]): Option[T]	ReflectedMethodDef	55.709935
com.sparkbeyond.runtime.feature.functions.ZeroComplexityFunctions.isNaN(d: Double): Boolean	ReflectedMethodDef	52.792148
com.sparkbeyond.runtime.feature.functions.SpecialFunctions.l1Norm(i: scala.collection.GenTraversable[Double]): Double	ReflectedMethodDef	48.807847
com.sparkbeyond.runtime.feature.functions.SpecialFunctions.maxSlopeInt(s: scala.collection.GenTraversable[Int]): Double	ReflectedMethodDef	47.641221
com.sparkbeyond.runtime.feature.functions.SpecialFunctions.maxSlopeDouble(s: scala.collection.GenTraversable[Double]): Double	ReflectedMethodDef	42.578788
com.sparkbeyond.runtime.feature.functions.Statistics.fastScale(vec: scala.collection.GenTraversable[Double]): scala.collection.GenTraversable[Double]	ReflectedMethodDef	42.178417
com.sparkbeyond.runtime.feature.functions.Statistics.median(i: scala.collection.GenTraversableOnce[Double]): Double	ReflectedMethodDef	41.368441
com.sparkbeyond.runtime.feature.functions.SpecialFunctions.minSlopeFirstHalf(s: scala.collection.GenTraversable[Double]): Double	ReflectedMethodDef	35.343962
com.sparkbeyond.runtime.feature.functions.SpecialFunctions.globalDelta(s: scala.collection.GenTraversable[Double]): Double	ReflectedMethodDef	28.593759
scala.math.log(x: Double): Double	ReflectedMethodDef	20.515305
com.sparkbeyond.runtime.feature.functions.SpecialFunctions.inverse(num: Double): Double	ReflectedMethodDef	19.579217
scala.math.sqrt(x: Double): Double	ReflectedMethodDef	14.984722
com.sparkbeyond.runtime.feature.functions.SpecialFunctions.hasXAtLeastYAtLeast(a: scala.collection.GenTraversableOnce[(Double, Double)],x: Double,y: Double): Boolean	ReflectedMethodDef	4.883466
com.sparkbeyond.runtime.feature.functions.HistogramFunctions.elementCount[A](it: scala.collection.GenTraversableOnce[A]): com.sparkbeyond.runtime.feature.types.Histogram[A]	ReflectedMethodDef	4.883466
constant.Double.1072693248	ConstantFunction	4.883466
constant.Double.1079787520	ConstantFunction	4.883466
3_utr_parsedFeats.csv.gz_3_UTR_start_3_by_UniProtKBTrEMBL_ID	ConstantFunction	0.608331
Entry	InputFunction	0.325665
Entry name	InputFunction	0.282666