{"sourceTables":[{"tableName":"3_utr_parsedFeats.csv.gz","keyColumns":[{"sourceKeyColumnName":"Gene_name","tableAndColumn":"3_utr_parsedFeats.csv.gz.Gene_name","keyType":"Id","objectColumnNames":["5_UTR_end_2","G_freq","3_utr_len","5_UTR_start_3","Gene_description","5_UTR_start_2","CDS_Length","5_UTR_end_1","5utr_counts","C","T_freq","UniProtKBTrEMBL_ID","T","3_UTR_end_3","Gene_start_bp","3_UTR_2_len","5_UTR_2_len","A_freq","G","3_UTR_1_len","5_UTR_1_len","3_UTR_end_2","3_UTR_start","5_UTR_3_len","5_UTR_end_3","3_UTR_start_3","GC_freq","3_UTR_3_len","C_freq","3_UTR_end_1","tot_5utr_len","A","3_utr_seq","3_UTR_start_2","3_UTR_end","3_UTR_start_1","tot_3utr_len","3utr_counts","5_UTR_start","5_UTR_start_1","5_UTR_end","Transcript_length_including_UTRs_and_CDS","mode_ratio_freq"],"objectTypes":"LookupTables","trainMatches":[{"columnName":"Gene names  (primary )","matchRatio":75.83,"sampleNonMatchingKeys":[{"type":"Lookup","object":"5_UTR_end_2","key":"GidId(SLC30A4)"}],"matchRatioDates":75.83,"sampleNonMatchingKeysDates":[],"wasTimeSeriesMapGenerator":false}]},{"sourceKeyColumnName":"UniProtKBTrEMBL_ID","tableAndColumn":"3_utr_parsedFeats.csv.gz.UniProtKBTrEMBL_ID","keyType":"Id","objectColumnNames":["5_UTR_3_len","GC_freq","Gene_start_bp","3_UTR_start_1","3_UTR_end_2","5_UTR_end_2","G","Gene_description","C_freq","A_freq","A","5_UTR_end","tot_5utr_len","3_UTR_end","G_freq","3_UTR_1_len","mode_ratio_freq","3_UTR_start_2","T_freq","Gene_name","CDS_Length","5_UTR_1_len","3_UTR_end_3","tot_3utr_len","5_UTR_start_3","3utr_counts","3_UTR_start","5utr_counts","3_UTR_start_3","5_UTR_end_3","5_UTR_start_2","5_UTR_start","3_UTR_end_1","3_UTR_2_len","3_UTR_3_len","C","5_UTR_2_len","5_UTR_start_1","3_utr_len","Transcript_length_including_UTRs_and_CDS","T","5_UTR_end_1","3_utr_seq"],"objectTypes":"LookupTables","trainMatches":[{"columnName":"Entry","matchRatio":0.0,"sampleNonMatchingKeys":[{"type":"Lookup","object":"5_UTR_3_len","key":"PidId(Q9BZH6)"}],"matchRatioDates":0.0,"sampleNonMatchingKeysDates":[],"wasTimeSeriesMapGenerator":false},{"columnName":"Entry name","matchRatio":0.0,"sampleNonMatchingKeys":[{"type":"Lookup","object":"5_UTR_3_len","key":"PidId(WDR11_HUMAN)"}],"matchRatioDates":0.0,"sampleNonMatchingKeysDates":[],"wasTimeSeriesMapGenerator":false}]}]}],"datasetNamePrefix":"test"}