5	Gene names  (primary )	InputFunction
4	com.sparkbeyond.runtime.feature.context.MultiLookupContext.getOrEmpty(key: TKey): Seq[TMember]	ReflectedMethodDef
4	3_utr_parsedFeats.csv.gz_tot_3utr_len_by_Gene_name	ConstantFunction
4	3_utr_parsedFeats.csv.gz_3_UTR_1_len_by_Gene_name	ConstantFunction
3	3_utr_parsedFeats.csv.gz_3_UTR_end_1_by_Gene_name	ConstantFunction
3	3_utr_parsedFeats.csv.gz_Transcript_length_including_UTRs_and_CDS_by_Gene_name	ConstantFunction
3	3_utr_parsedFeats.csv.gz_G_by_Gene_name	ConstantFunction
3	3_utr_parsedFeats.csv.gz_3_UTR_start_1_by_Gene_name	ConstantFunction
3	3_utr_parsedFeats.csv.gz_3_UTR_end_2_by_Gene_name	ConstantFunction
2	com.sparkbeyond.runtime.feature.functions.ImplicitFreeExtensionsDouble.sum(i: scala.collection.GenTraversableOnce[Double]): Double	ReflectedMethodDef
2	3_utr_parsedFeats.csv.gz_5_UTR_end_3_by_Gene_name	ConstantFunction
2	3_utr_parsedFeats.csv.gz_mode_ratio_freq_by_Gene_name	ConstantFunction
2	3_utr_parsedFeats.csv.gz_3_UTR_end_3_by_Gene_name	ConstantFunction
2	3_utr_parsedFeats.csv.gz_5_UTR_2_len_by_Gene_name	ConstantFunction
2	3_utr_parsedFeats.csv.gz_A_freq_by_Gene_name	ConstantFunction
2	3_utr_parsedFeats.csv.gz_GC_freq_by_Gene_name	ConstantFunction
2	3_utr_parsedFeats.csv.gz_5_UTR_3_len_by_Gene_name	ConstantFunction
2	3_utr_parsedFeats.csv.gz_Gene_start_bp_by_Gene_name	ConstantFunction
2	3_utr_parsedFeats.csv.gz_5_UTR_end_1_by_Gene_name	ConstantFunction
2	3_utr_parsedFeats.csv.gz_T_freq_by_Gene_name	ConstantFunction
2	3_utr_parsedFeats.csv.gz_A_by_Gene_name	ConstantFunction
2	3_utr_parsedFeats.csv.gz_5_UTR_1_len_by_Gene_name	ConstantFunction
2	3_utr_parsedFeats.csv.gz_T_by_Gene_name	ConstantFunction
2	3_utr_parsedFeats.csv.gz_3utr_counts_by_Gene_name	ConstantFunction
2	3_utr_parsedFeats.csv.gz_5_UTR_end_2_by_Gene_name	ConstantFunction
2	3_utr_parsedFeats.csv.gz_3_UTR_end_by_Gene_name	ConstantFunction
1	com.sparkbeyond.runtime.feature.functions.SpecialFunctions.hasXAtLeastYAtLeast(a: scala.collection.GenTraversableOnce[(Double, Double)],x: Double,y: Double): Boolean	ReflectedMethodDef
1	com.sparkbeyond.runtime.feature.functions.SpecialFunctions.l1Norm(i: scala.collection.GenTraversable[Double]): Double	ReflectedMethodDef
1	com.sparkbeyond.runtime.feature.context.MultiLookupContext.getFirstOrDefault(key: TKey): TMember	ReflectedMethodDef
1	com.sparkbeyond.runtime.feature.functions.ImplicitFreeExtensionsInt.product(i: scala.collection.GenTraversableOnce[Int]): Int	ReflectedMethodDef
1	3_utr_parsedFeats.csv.gz_3_UTR_start_3_by_Gene_name	ConstantFunction
1	com.sparkbeyond.runtime.feature.functions.Statistics.mostCommonValue[T](i: scala.collection.GenTraversableOnce[T]): Option[T]	ReflectedMethodDef
1	com.sparkbeyond.runtime.feature.functions.Statistics.averageInt(i: scala.collection.GenTraversableOnce[Int]): Double	ReflectedMethodDef
1	com.sparkbeyond.runtime.feature.functions.Statistics.diff(xs: scala.collection.GenTraversable[Double]): List[Double]	ReflectedMethodDef
1	scala.math.log(x: Double): Double	ReflectedMethodDef
1	com.sparkbeyond.runtime.feature.functions.SpecialFunctions.minSlopeDouble(s: scala.collection.GenTraversable[Double]): Double	ReflectedMethodDef
1	com.sparkbeyond.runtime.feature.functions.HistogramFunctions.elementCount[A](it: scala.collection.GenTraversableOnce[A]): com.sparkbeyond.runtime.feature.types.Histogram[A]	ReflectedMethodDef
1	com.sparkbeyond.runtime.feature.functions.Statistics.modeDouble(i: scala.collection.GenTraversableOnce[Double]): Double	ReflectedMethodDef
1	com.sparkbeyond.runtime.feature.functions.TextFunctions.tokenizeByWordBoundary(text: com.sparkbeyond.runtime.feature.types.SemanticWrapper): Vector[String]	ReflectedMethodDef
1	3_utr_parsedFeats.csv.gz_3_UTR_start_by_Gene_name	ConstantFunction
1	3_utr_parsedFeats.csv.gz_UniProtKBTrEMBL_ID_by_Gene_name	ConstantFunction
1	scala.math.sqrt(x: Double): Double	ReflectedMethodDef
1	com.sparkbeyond.runtime.feature.functions.TextFunctions.numbers(s: com.sparkbeyond.runtime.feature.types.SemanticWrapper): Seq[Double]	ReflectedMethodDef
1	Entry name	InputFunction
1	3_utr_parsedFeats.csv.gz_3_UTR_start_3_by_UniProtKBTrEMBL_ID	ConstantFunction
1	com.sparkbeyond.runtime.feature.functions.Statistics.average(i: scala.collection.GenTraversableOnce[Double]): Double	ReflectedMethodDef
1	constant.Double.1072693248	ConstantFunction
1	3_utr_parsedFeats.csv.gz_C_freq_by_Gene_name	ConstantFunction
1	com.sparkbeyond.runtime.feature.functions.SpecialFunctions.inverse(num: Double): Double	ReflectedMethodDef
1	3_utr_parsedFeats.csv.gz_5_UTR_start_by_Gene_name	ConstantFunction
1	3_utr_parsedFeats.csv.gz_5utr_counts_by_Gene_name	ConstantFunction
1	com.sparkbeyond.runtime.feature.functions.ImplicitFreeExtensionsInt.sum(i: scala.collection.GenTraversableOnce[Int]): Int	ReflectedMethodDef
1	3_utr_parsedFeats.csv.gz_3_UTR_3_len_by_Gene_name	ConstantFunction
1	com.sparkbeyond.runtime.feature.functions.TextFunctions.slidingSubsets(s: com.sparkbeyond.runtime.feature.types.SemanticWrapper): Seq[Set[String]]	ReflectedMethodDef
1	3_utr_parsedFeats.csv.gz_Gene_description_by_Gene_name	ConstantFunction
1	com.sparkbeyond.runtime.feature.functions.TextFunctions.ngrams(s: com.sparkbeyond.runtime.feature.types.SemanticWrapper): List[String]	ReflectedMethodDef
1	com.sparkbeyond.runtime.feature.functions.Statistics.fastCenter(vec: scala.collection.GenTraversable[Double]): scala.collection.GenTraversable[Double]	ReflectedMethodDef
1	com.sparkbeyond.runtime.feature.functions.SpecialFunctions.minSlopeFirstHalf(s: scala.collection.GenTraversable[Double]): Double	ReflectedMethodDef
1	com.sparkbeyond.runtime.feature.functions.SpecialFunctions.normalizedHistogram[T](values: scala.collection.GenTraversableOnce[T]): scala.collection.immutable.Map[T,Double]	ReflectedMethodDef
1	com.sparkbeyond.runtime.feature.functions.SpecialFunctions.minSlopeInt(s: scala.collection.GenTraversable[Int]): Double	ReflectedMethodDef
1	com.sparkbeyond.runtime.feature.functions.ZeroComplexityFunctions.isNaN(d: Double): Boolean	ReflectedMethodDef
1	com.sparkbeyond.runtime.feature.functions.SpecialFunctions.globalDelta(s: scala.collection.GenTraversable[Double]): Double	ReflectedMethodDef
1	3_utr_parsedFeats.csv.gz_3_UTR_start_2_by_Gene_name	ConstantFunction
1	com.sparkbeyond.runtime.feature.functions.ImplicitFreeExtensions.zipWithIndex[A](i: scala.collection.GenSeqLike[A,scala.collection.TraversableOnce[A]]): scala.collection.TraversableOnce[(A,Int)]	ReflectedMethodDef
1	com.sparkbeyond.runtime.feature.functions.SpecialFunctions.maxSlopeSecondHalf(s: scala.collection.GenTraversable[Double]): Double	ReflectedMethodDef
1	com.sparkbeyond.runtime.feature.functions.Statistics.stddev(xs: scala.collection.GenTraversableOnce[Double]): Double	ReflectedMethodDef
1	3_utr_parsedFeats.csv.gz_3_utr_seq_by_Gene_name	ConstantFunction
1	3_utr_parsedFeats.csv.gz_CDS_Length_by_Gene_name	ConstantFunction
1	com.sparkbeyond.runtime.feature.functions.ImplicitFreeExtensionsDouble.min(i: Seq[Double]): Double	ReflectedMethodDef
1	com.sparkbeyond.runtime.feature.functions.SpecialFunctions.l2Norm(i: scala.collection.GenTraversable[Double]): Double	ReflectedMethodDef
1	com.sparkbeyond.runtime.feature.functions.SpecialFunctions.arithmeticNot(num: Double): Double	ReflectedMethodDef
1	com.sparkbeyond.runtime.feature.functions.SpecialFunctions.histogram[T](values: scala.collection.GenTraversableOnce[T]): scala.collection.immutable.Map[T,Double]	ReflectedMethodDef
1	com.sparkbeyond.runtime.feature.functions.ImplicitFreeExtensionsDouble.max(i: Seq[Double]): Double	ReflectedMethodDef
1	3_utr_parsedFeats.csv.gz_5_UTR_start_1_by_Gene_name	ConstantFunction
1	Entry	InputFunction
1	com.sparkbeyond.runtime.feature.functions.ZeroComplexityFunctions.extractKeys[A,B](pairs: TraversableOnce[(A, B)]): Vector[A]	ReflectedMethodDef
1	com.sparkbeyond.runtime.feature.functions.SpecialFunctions.lInfNormalize(i: scala.collection.GenTraversable[Double]): scala.collection.GenTraversable[Double]	ReflectedMethodDef
1	3_utr_parsedFeats.csv.gz_G_freq_by_Gene_name	ConstantFunction
1	com.sparkbeyond.runtime.feature.functions.SpecialFunctions.logSumExp(seq: scala.collection.GenTraversableOnce[Double]): Double	ReflectedMethodDef
1	3_utr_parsedFeats.csv.gz_tot_5utr_len_by_Gene_name	ConstantFunction
1	com.sparkbeyond.runtime.feature.functions.SpecialFunctions.maxSlopeInt(s: scala.collection.GenTraversable[Int]): Double	ReflectedMethodDef
1	3_utr_parsedFeats.csv.gz_5_UTR_end_by_Gene_name	ConstantFunction
1	com.sparkbeyond.runtime.feature.functions.SpecialFunctions.l2Normalize(i: scala.collection.GenTraversable[Double]): scala.collection.GenTraversable[Double]	ReflectedMethodDef
1	com.sparkbeyond.runtime.feature.functions.SpecialFunctions.maxSlopeFirstHalf(s: scala.collection.GenTraversable[Double]): Double	ReflectedMethodDef
1	com.sparkbeyond.runtime.feature.functions.SpecialFunctions.maxSlopeDouble(s: scala.collection.GenTraversable[Double]): Double	ReflectedMethodDef
1	3_utr_parsedFeats.csv.gz_3_UTR_2_len_by_Gene_name	ConstantFunction
1	3_utr_parsedFeats.csv.gz_5_UTR_start_2_by_Gene_name	ConstantFunction
1	3_utr_parsedFeats.csv.gz_3_utr_len_by_Gene_name	ConstantFunction
1	com.sparkbeyond.runtime.feature.functions.Statistics.median(i: scala.collection.GenTraversableOnce[Double]): Double	ReflectedMethodDef
1	3_utr_parsedFeats.csv.gz_5_UTR_start_3_by_Gene_name	ConstantFunction
1	constant.Double.1079787520	ConstantFunction
1	com.sparkbeyond.runtime.feature.functions.Statistics.fastScale(vec: scala.collection.GenTraversable[Double]): scala.collection.GenTraversable[Double]	ReflectedMethodDef
1	com.sparkbeyond.runtime.feature.functions.Statistics.exponentialMovingAverageDouble(i: scala.collection.GenTraversableOnce[Double]): Double	ReflectedMethodDef
1	com.sparkbeyond.runtime.feature.functions.SpecialFunctions.safeMax(i: scala.collection.GenTraversableOnce[Double]): Double	ReflectedMethodDef
1	3_utr_parsedFeats.csv.gz_C_by_Gene_name	ConstantFunction
