idx	feature	Input names	Context names	Dominant bool_mir_target	RIG	Score	lin. score	Support 0	Support 1	% support 0	% support 1	support	% support	input cardinality	cost	invocation time	% Missing	Lift 0	Lift 1	Min	25th Percentile	Median	75th Percentile	Max	Mean	SD	Estimated Total Values	Summary is Sampled	numericFeatureName	booleanFeatureName
0	Gene_start_bp of Gene names  (primary ) < 156138	Gene names  (primary )	3_utr_parsedFeats.csv.gz	0	0.02928397416371377	0.02908588196482627	0.47273240948654727	1408.0	2220.0	38.19%	19.63%	3628	24.19     	14998	2.05	0	NA	1.5786853837599193	0.8113683131533178	0.0	850291.0	4.1699503E7	8.9640816E7	2.48906196E8	5.5572768E7	5.7456205E7	NA	false	Gene_start_bp of Gene names  (primary )	Gene_start_bp of Gene names  (primary ) < 156138
1	tot_3utr_len of Gene names  (primary ) contains 0.0	Gene names  (primary )	3_utr_parsedFeats.csv.gz	1	0.02029975696806105	0.005367655517875815	0.47059563038849356	1120.0	5369.0	30.38%	47.47%	6489	43.27     	14998	2.05	0	24%	0.702102404172917	1.0971044501648357	NA	NA	NA	NA	NA	NA	NA	4054.0	false	tot_3utr_len of Gene names  (primary ) contains 0.0	tot_3utr_len of Gene names  (primary ) contains 0.0
2	3_UTR_1_len of Gene names  (primary ) >= 893	Gene names  (primary )	3_utr_parsedFeats.csv.gz	1	0.01007571433891161	0.004427890985612344	0.47404039244692125	237.0	1584.0	6.43%	14%	1821	12.14     	14998	2.05	0	NA	0.5294178888467383	1.1533937091169726	0.0	0.0	41.0	282.0	24326.0	396.0	1027.0	NA	false	3_UTR_1_len of Gene names  (primary )	3_UTR_1_len of Gene names  (primary ) >= 893
3	T of Gene names  (primary ) >= 60.5	Gene names  (primary )	3_utr_parsedFeats.csv.gz	1	0.014895845737288135	0.0023338142896492434	0.4744837949831203	1060.0	4884.0	28.75%	43.18%	5944	39.63     	14998	2.05	0	22%	0.7254162436789111	1.0895049340956462	0.0	0.0	20.0	146.0	8494.0	156.0	345.0	NA	false	T of Gene names  (primary )	T of Gene names  (primary ) >= 60.5
4	3utr_counts of Gene names  (primary ) contains 2	Gene names  (primary )	3_utr_parsedFeats.csv.gz	1	0.006496159756945456	0.001879915572540711	0.4742864708183425	315.0	1697.0	8.54%	15%	2012	13.42     	14998	2.05	0	24%	0.6368582645704294	1.1183718131490432	NA	NA	NA	NA	NA	NA	NA	43.0	false	3utr_counts of Gene names  (primary ) contains 2	3utr_counts of Gene names  (primary ) contains 2
5	5_UTR_start of Gene names  (primary ) contains ""	Gene names  (primary )	3_utr_parsedFeats.csv.gz	1	0.010123939843897771	0.0017648504114427077	0.473262783972385	983.0	4330.0	26.66%	38.28%	5313	35.42     	14998	2.05	0	30%	0.7526168088661456	1.080638478093053	NA	NA	NA	NA	NA	NA	NA	36311.0	false	5_UTR_start of Gene names  (primary ) contains ""	5_UTR_start of Gene names  (primary ) contains ""
6	3_UTR_end_2 of Gene names  (primary ) does not contain 0.0	Gene names  (primary )	3_utr_parsedFeats.csv.gz	0	0.026028435462685465	0.0015727550152204615	0.4685958679193711	1604.0	2832.0	43.5%	25.04%	4436	29.58     	14998	2.05	0	24%	1.4708657596707952	0.8465138311461213	NA	NA	NA	NA	NA	NA	NA	12860.0	false	3_UTR_end_2 of Gene names  (primary ) does not contain 0.0	3_UTR_end_2 of Gene names  (primary ) does not contain 0.0
7	5utr_counts of Gene names  (primary ) contains 1	Gene names  (primary )	3_utr_parsedFeats.csv.gz	1	0.01193373526583099	0.0015177643999470592	0.47280052441845133	976.0	4425.0	26.47%	39.12%	5401	36.01     	14998	2.05	0	24%	0.7350821079201247	1.0863541922109894	NA	NA	NA	NA	NA	NA	NA	22.0	false	5utr_counts of Gene names  (primary ) contains 1	5utr_counts of Gene names  (primary ) contains 1
8	sum(tot_3utr_len of Gene names  (primary )) >= 827.5	Gene names  (primary )	3_utr_parsedFeats.csv.gz	1	0.036103395532380296	0.014151876747918124	0.47391378615893714	1047.0	5797.0	28.4%	51.25%	6844	45.63     	14998	2.0999999999999996	0	0.0%	0.6222958324040252	1.1231186690766828	0.0	0.0	633.0	2313.0	199745.0	2118.0	5271.0	NA	false	sum(tot_3utr_len of Gene names  (primary ))	sum(tot_3utr_len of Gene names  (primary )) >= 827.5
9	Gene_description of Gene names  (primary ) contains "olfactory"	Gene names  (primary )	3_utr_parsedFeats.csv.gz	0	0.011357414239357166	0.010663873689423146	0.4731229001499153	103.0	21.0	2.79%	0.19%	124	0.83      	14998	2.09	0	24%	3.37890320830818	0.22455873671361876	NA	NA	NA	NA	NA	NA	NA	16366.0	false	Gene_description of Gene names  (primary ) contains "olfactory"	Gene_description of Gene names  (primary ) contains "olfactory"
10	sum(Transcript_length_including_UTRs_and_CDS of Gene names  (primary )) < 2811	Gene names  (primary )	3_utr_parsedFeats.csv.gz	0	0.03558471751229971	0.004893311492966839	0.47363683382074656	2449.0	4914.0	66.42%	43.44%	7363	49.09     	14998	2.0999999999999996	2	NA	1.3529887837062442	0.8849377026324002	0.0	450.0	2955.0	7537.0	716852.0	6493.0	13983.0	NA	false	sum(Transcript_length_including_UTRs_and_CDS of Gene names  (primary ))	sum(Transcript_length_including_UTRs_and_CDS of Gene names  (primary )) < 2811
11	averageInt(Transcript_length_including_UTRs_and_CDS of Gene names  (primary )) < 543.125	Gene names  (primary )	3_utr_parsedFeats.csv.gz	0	0.03248643484902244	0.00465243201266139	0.47224657677062165	1594.0	2587.0	43.23%	22.87%	4181	27.88     	14998	2.0999999999999996	2	24%	1.5508448820516334	0.8204433666232541	0.0	421.0	989.0	1828.0	17151.0	1330.0	1443.0	NA	false	averageInt(Transcript_length_including_UTRs_and_CDS of Gene names  (primary ))	averageInt(Transcript_length_including_UTRs_and_CDS of Gene names  (primary )) < 543.125
12	max(tot_3utr_len of Gene names  (primary )) < 282.5	Gene names  (primary )	3_utr_parsedFeats.csv.gz	0	0.03550197542400637	0.004425271080821881	0.4720375122363735	2217.0	4206.0	60.13%	37.19%	6423	42.83     	14998	2.0999999999999996	1	24%	1.4040674868223648	0.8682877885320432	0.0	0.0	391.0	1198.0	32869.0	946.0	1552.0	NA	false	max(tot_3utr_len of Gene names  (primary ))	max(tot_3utr_len of Gene names  (primary )) < 282.5
13	sum(5_UTR_start_1 of Gene names  (primary )) < 2396123.5	Gene names  (primary )	3_utr_parsedFeats.csv.gz	0	0.0308998033089953	0.003148026497032947	0.4743833520221881	1706.0	2931.0	46.27%	25.91%	4637	30.92     	14998	2.0999999999999996	2	0.0%	1.4965876001564988	0.8381293889331614	0.0	0.0	7.5116721E7	2.33671898E8	1.2945192235E10	2.08004675E8	4.34186953E8	NA	false	sum(5_UTR_start_1 of Gene names  (primary ))	sum(5_UTR_start_1 of Gene names  (primary )) < 2396123.5
14	Gene_description of Gene names  (primary ) contains "protein"	Gene names  (primary )	3_utr_parsedFeats.csv.gz	1	0.008416438949581977	0.0027582052311009016	0.47473637670472785	384.0	2084.0	10.41%	18.42%	2468	16.46     	14998	2.09	0	24%	0.6329163001636571	1.11965675902189	NA	NA	NA	NA	NA	NA	NA	16366.0	false	Gene_description of Gene names  (primary ) contains "protein"	Gene_description of Gene names  (primary ) contains "protein"
15	max(3_utr_len of Gene names  (primary )) < 396.5	Gene names  (primary )	3_utr_parsedFeats.csv.gz	0	0.036143602514416874	0.00253525396089643	0.47137250946871095	2372.0	4653.0	64.33%	41.14%	7025	46.84     	14998	2.0999999999999996	2	24%	1.373499696442343	0.878251845037316	0.0	0.0	469.0	1588.0	32870.0	1126.0	1694.0	NA	false	max(3_utr_len of Gene names  (primary ))	max(3_utr_len of Gene names  (primary )) < 396.5
16	Gene_description of Gene names  (primary ) contains "trna synthetase 1"	Gene names  (primary )	3_utr_parsedFeats.csv.gz	0	0.0021827444991019567	0.0020601551995535943	0.47756448469934	13.0	0.0	0.35%	0.0%	13	0.09      	14998	2.15	2	24%	4.067805804176838	0.0	NA	NA	NA	NA	NA	NA	NA	92282.0	false	Gene_description of Gene names  (primary ) contains "trna synthetase 1"	Gene_description of Gene names  (primary ) contains "trna synthetase 1"
17	sum(3_UTR_start_2 of Gene names  (primary )) >= 2392417.0	Gene names  (primary )	3_utr_parsedFeats.csv.gz	1	0.01679967206850423	0.0017665642660150073	0.47588280961171114	975.0	4704.0	26.44%	41.59%	5679	37.87     	14998	2.0999999999999996	1	0.0%	0.6983818734059547	1.0983172162277646	0.0	0.0	0.0	6.5202389E7	1.1771703226E10	7.0816753E7	2.2071902E8	NA	false	sum(3_UTR_start_2 of Gene names  (primary ))	sum(3_UTR_start_2 of Gene names  (primary )) >= 2392417.0
18	sum(CDS_Length of Gene names  (primary )) < 449	Gene names  (primary )	3_utr_parsedFeats.csv.gz	0	0.030430357982748586	0.001758018570308268	0.47479490748767833	1724.0	2995.0	46.76%	26.48%	4719	31.46     	14998	2.0999999999999996	1	NA	1.4860981577454688	0.8415485891956905	0.0	144.0	1293.0	3447.0	519517.0	3220.0	8075.0	NA	false	sum(CDS_Length of Gene names  (primary ))	sum(CDS_Length of Gene names  (primary )) < 449
19	average(T of Gene names  (primary )) inRange (2.5 to 78.55)	Gene names  (primary )	3_utr_parsedFeats.csv.gz	0	0.005889339572730827	0.001758010903661526	0.552351579660153	437.0	743.0	11.85%	6.57%	1180	7.87      	14998	2.0999999999999996	1	67%	1.5064670647671847	0.8349090206173981	0.0	0.0	0.0	75.0	4775.0	98.0	250.0	NA	false	|average(getOrEmpty(3_utr_parsedFeats.csv.gz_T_by_Gene_name, Gene names  (primary ))) - 40.52|	average(T of Gene names  (primary )) inRange (2.5 to 78.55)
20	Gene_description of Gene names  (primary ) contains "atp synthase"	Gene names  (primary )	3_utr_parsedFeats.csv.gz	0	0.0017856903515247678	0.0016653020401309186	0.477639255477309	13.0	1.0	0.35%	0.0088%	14	0.09      	14998	2.15	2	24%	3.7772482467356348	0.09471184813771676	NA	NA	NA	NA	NA	NA	NA	92282.0	false	Gene_description of Gene names  (primary ) contains "atp synthase"	Gene_description of Gene names  (primary ) contains "atp synthase"
21	Gene_description of Gene names  (primary ) contains "dynein"	Gene names  (primary )	3_utr_parsedFeats.csv.gz	0	0.001718878813270535	0.0015369900823110985	0.4762484915863476	25.0	13.0	0.68%	0.11%	38	0.25      	14998	2.09	0	24%	2.676188029063709	0.4536199042385382	NA	NA	NA	NA	NA	NA	NA	16366.0	false	Gene_description of Gene names  (primary ) contains "dynein"	Gene_description of Gene names  (primary ) contains "dynein"
22	averageInt(3_UTR_1_len of Gene names  (primary )) < 3.31	Gene names  (primary )	3_utr_parsedFeats.csv.gz	0	0.027761552544474724	0.001416425594842155	0.4749184010484542	1703.0	3033.0	46.19%	26.81%	4736	31.58     	14998	2.0999999999999996	1	24%	1.4627266225745679	0.849166912082713	0.0	0.0	125.0	441.0	14612.0	399.0	779.0	NA	false	averageInt(3_UTR_1_len of Gene names  (primary ))	averageInt(3_UTR_1_len of Gene names  (primary )) < 3.31
23	sum(3_utr_len of Gene names  (primary )) >= 799.5	Gene names  (primary )	3_utr_parsedFeats.csv.gz	1	0.03632856432428567	0.001394504360680539	0.4738830581083863	1167.0	6198.0	31.65%	54.8%	7365	49.11     	14998	2.0999999999999996	2	0.0%	0.6445525286455355	1.1158637456355682	0.0	0.0	756.0	2891.0	249565.0	2607.0	6408.0	NA	false	sum(3_utr_len of Gene names  (primary ))	sum(3_utr_len of Gene names  (primary )) >= 799.5
24	sum(3_UTR_1_len of Gene names  (primary )) >= 785	Gene names  (primary )	3_utr_parsedFeats.csv.gz	1	0.03312174830685049	0.0013489385603433401	0.4739920456541601	855.0	5025.0	23.19%	44.43%	5880	39.21     	14998	2.0999999999999996	1	NA	0.5914921705053054	1.1331596116476828	0.0	0.0	395.0	1752.0	170744.0	1740.0	4568.0	NA	false	sum(3_UTR_1_len of Gene names  (primary ))	sum(3_UTR_1_len of Gene names  (primary )) >= 785
25	sum(5_UTR_end_3 of Gene names  (primary )) >= 1201762.5	Gene names  (primary )	3_utr_parsedFeats.csv.gz	1	0.010081950225692395	0.0013383651292670493	0.4762405350993352	593.0	2969.0	16.08%	26.25%	3562	23.75     	14998	2.0999999999999996	2	0.0%	0.6772063003584684	1.1052197304021154	0.0	0.0	0.0	0.0	6.05090331E9	4.5880319E7	1.84968054E8	NA	false	sum(5_UTR_end_3 of Gene names  (primary ))	sum(5_UTR_end_3 of Gene names  (primary )) >= 1201762.5
26	Gene_description of Gene names  (primary ) contains "binding"	Gene names  (primary )	3_utr_parsedFeats.csv.gz	1	0.0030196962778962213	0.0012678293793560982	0.47610803887578956	62.0	447.0	1.68%	3.95%	509	3.39      	14998	2.09	0	24%	0.49548911563647136	1.1644533313277634	NA	NA	NA	NA	NA	NA	NA	16366.0	false	Gene_description of Gene names  (primary ) contains "binding"	Gene_description of Gene names  (primary ) contains "binding"
27	T_freq of Gene names  (primary ) contains 0.328	Gene names  (primary )	3_utr_parsedFeats.csv.gz	0	0.001342737141849921	0.0012673836565632536	0.4754840652554269	8.0	0.0	0.22%	0.0%	8	0.05      	14998	2.05	0	31%	4.067805804176838	0.0	NA	NA	NA	NA	NA	NA	NA	21570.0	false	T_freq of Gene names  (primary ) contains 0.328	T_freq of Gene names  (primary ) contains 0.328
28	Gene_description of Gene names  (primary ) contains "septin"	Gene names  (primary )	3_utr_parsedFeats.csv.gz	0	0.001342737141849921	0.0012673329875606588	0.4764129291732192	8.0	0.0	0.22%	0.0%	8	0.05      	14998	2.09	0	24%	4.067805804176838	0.0	NA	NA	NA	NA	NA	NA	NA	16366.0	false	Gene_description of Gene names  (primary ) contains "septin"	Gene_description of Gene names  (primary ) contains "septin"
29	Gene_description of Gene names  (primary ) contains "ras oncogene"	Gene names  (primary )	3_utr_parsedFeats.csv.gz	1	0.0016220702962433287	0.0012499752745264465	0.47795095410265653	0.0	48.0	0.0%	0.42%	48	0.32      	14998	2.15	2	24%	0.0	1.3259658739280347	NA	NA	NA	NA	NA	NA	NA	92282.0	false	Gene_description of Gene names  (primary ) contains "ras oncogene"	Gene_description of Gene names  (primary ) contains "ras oncogene"
30	Gene_description of Gene names  (primary ) contains "factor"	Gene names  (primary )	3_utr_parsedFeats.csv.gz	1	0.0033651050166903173	0.0012404997145165503	0.4760054355895991	110.0	676.0	2.98%	5.98%	786	5.24      	14998	2.09	0	24%	0.569285799566733	1.1403981307574447	NA	NA	NA	NA	NA	NA	NA	16366.0	false	Gene_description of Gene names  (primary ) contains "factor"	Gene_description of Gene names  (primary ) contains "factor"
31	Gene_description of Gene names  (primary ) contains "encoded"	Gene names  (primary )	3_utr_parsedFeats.csv.gz	0	0.0018466679285608	0.0012393971563970344	0.4762663075105077	11.0	0.0	0.3%	0.0%	11	0.07      	14998	2.09	0	24%	4.067805804176838	0.0	NA	NA	NA	NA	NA	NA	NA	16366.0	false	Gene_description of Gene names  (primary ) contains "encoded"	Gene_description of Gene names  (primary ) contains "encoded"
32	Gene_description of Gene names  (primary ) contains "immunoglobulin heavy"	Gene names  (primary )	3_utr_parsedFeats.csv.gz	0	0.001510689539288582	0.0011476250955305405	0.4777606228310112	9.0	0.0	0.24%	0.0%	9	0.06      	14998	2.15	2	24%	4.067805804176838	0.0	NA	NA	NA	NA	NA	NA	NA	92282.0	false	Gene_description of Gene names  (primary ) contains "immunoglobulin heavy"	Gene_description of Gene names  (primary ) contains "immunoglobulin heavy"
33	Transcript_length_including_UTRs_and_CDS of Gene names  (primary ) contains 582	Gene names  (primary )	3_utr_parsedFeats.csv.gz	1	0.002121893346752398	0.0011163869358585693	0.47540845710295976	23.0	216.0	0.62%	1.91%	239	1.59      	14998	2.05	0	24%	0.3914624832471434	1.198362463466341	NA	NA	NA	NA	NA	NA	NA	6874.0	false	Transcript_length_including_UTRs_and_CDS of Gene names  (primary ) contains 582	Transcript_length_including_UTRs_and_CDS of Gene names  (primary ) contains 582
34	sum(5_UTR_2_len of Gene names  (primary )) >= 14	Gene names  (primary )	3_utr_parsedFeats.csv.gz	1	0.01651827073469042	0.001094181828468223	0.4751326056573216	1182.0	5376.0	32.06%	47.53%	6558	43.73     	14998	2.0999999999999996	0	NA	0.7331726838269323	1.086976599304226	0.0	0.0	0.0	193.0	14646.0	188.0	481.0	NA	false	sum(5_UTR_2_len of Gene names  (primary ))	sum(5_UTR_2_len of Gene names  (primary )) >= 14
35	Gene_description of Gene names  (primary ) contains "ubiquitin"	Gene names  (primary )	3_utr_parsedFeats.csv.gz	1	0.0017230072864740649	0.0010456223427317338	0.47644061177947533	11.0	134.0	0.3%	1.18%	145	0.97      	14998	2.09	0	24%	0.30859216445479454	1.2253753593541836	NA	NA	NA	NA	NA	NA	NA	16366.0	false	Gene_description of Gene names  (primary ) contains "ubiquitin"	Gene_description of Gene names  (primary ) contains "ubiquitin"
36	average(T_freq of Gene names  (primary )) inRange (0.0417 to 0.19)	Gene names  (primary )	3_utr_parsedFeats.csv.gz	0	0.0030064421580592074	0.0010441994580921068	0.5529023303588138	160.0	234.0	4.34%	2.07%	394	2.63      	14998	2.0999999999999996	1	67%	1.6519008341834873	0.7875025748709648	0.0	0.0	0.0	0.2267636	0.8944805	0.0887288	0.132632	NA	false	|average(getOrEmpty(3_utr_parsedFeats.csv.gz_T_freq_by_Gene_name, Gene names  (primary ))) - 0.11|	average(T_freq of Gene names  (primary )) inRange (0.0417 to 0.19)
37	stddev(3_UTR_start_1 of Gene names  (primary )) < 411.075	Gene names  (primary )	3_utr_parsedFeats.csv.gz	0	0.03214728374790314	0.0055302718993689125	0.4969893129485418	2450.0	5047.0	66.45%	44.62%	7497	49.99     	14998	3.05	2	24%	1.3293483020185743	0.8926436929058011	0.0	0.0	415.0	1.6031173E7	1.20826671E8	1.1559453E7	2.1694837E7	NA	false	stddev(3_UTR_start_1 of Gene names  (primary ))	stddev(3_UTR_start_1 of Gene names  (primary )) < 411.075
38	product(getOrEmpty(3_utr_parsedFeats.csv.gz_3_UTR_1_len_by_Gene_name, Gene names  (primary ))) inRange (1 to 742)	Gene names  (primary )	3_utr_parsedFeats.csv.gz	0	0.03338775589174647	0.005338556813403098	0.5779503449851593	1799.0	3096.0	48.79%	27.37%	4895	32.64     	14998	3.05	0	NA	1.4949913466218858	0.8386497131115823	-2.147483648E9	0.0	1.0	154.0	2.147442688E9	1.362897E7	3.46950737E8	NA	false	|product(getOrEmpty(3_utr_parsedFeats.csv.gz_3_UTR_1_len_by_Gene_name, Gene names  (primary ))) - 371.5|	product(getOrEmpty(3_utr_parsedFeats.csv.gz_3_UTR_1_len_by_Gene_name, Gene names  (primary ))) inRange (1 to 742)
39	stddev(3_utr_len of Gene names  (primary )) >= 135.999	Gene names  (primary )	3_utr_parsedFeats.csv.gz	1	0.03371717495584598	0.0038504809417643266	0.4949207750896682	1016.0	5603.0	27.56%	49.54%	6619	44.13     	14998	3.05	1	24%	0.6243980506184721	1.1224334176792232	0.0	0.0	64.0	483.0	10897.0	354.0	630.0	NA	false	stddev(3_utr_len of Gene names  (primary ))	stddev(3_utr_len of Gene names  (primary )) >= 135.999
40	minSlopeInt(Transcript_length_including_UTRs_and_CDS of Gene names  (primary )) < -5.5	Gene names  (primary )	3_utr_parsedFeats.csv.gz	1	0.028526852786165156	0.00281077724478257	0.4938727583275201	1271.0	6227.0	34.47%	55.05%	7498	49.99     	14998	3.05	4	0.0%	0.6895413679792959	1.1011989193051308	-34051.0	-1340.0	-5.0	0.0	0.0	-974.0	1841.0	NA	false	minSlopeInt(Transcript_length_including_UTRs_and_CDS of Gene names  (primary ))	minSlopeInt(Transcript_length_including_UTRs_and_CDS of Gene names  (primary )) < -5.5
41	stddev(5_UTR_end_1 of Gene names  (primary )) < 14.507	Gene names  (primary )	3_utr_parsedFeats.csv.gz	0	0.02851459041702457	0.0027520828469787006	0.4986666272492165	2346.0	4865.0	63.63%	43.01%	7211	48.08     	14998	3.05	2	24%	1.323404855997623	0.8945810534821645	0.0	0.0	90.0	7552528.0	1.22755553E8	9129719.0	1.9414055E7	NA	false	stddev(5_UTR_end_1 of Gene names  (primary ))	stddev(5_UTR_end_1 of Gene names  (primary )) < 14.507
42	l2Norm(T of Gene names  (primary )) < 128.004	Gene names  (primary )	3_utr_parsedFeats.csv.gz	0	0.03776924486127656	0.002706036191674071	0.493003070579943	2420.0	4744.0	65.64%	41.94%	7164	47.77     	14998	3.05	6	0.0%	1.3741052549006068	0.8780544536452535	0.0	0.0	146.0	532.0	11429.0	408.0	689.0	NA	false	l2Norm(T of Gene names  (primary ))	l2Norm(T of Gene names  (primary )) < 128.004
43	minSlopeDouble(3_UTR_start_1 of Gene names  (primary )) < -4.5	Gene names  (primary )	3_utr_parsedFeats.csv.gz	1	0.029103492291045908	0.0019872539893860354	0.49594237210615216	1084.0	5646.0	29.4%	49.92%	6730	44.87     	14998	3.05	0	0.0%	0.6552008160070865	1.1123927673399232	-2.48850682E8	-1.836587E7	0.0	0.0	0.0	-2.1166796E7	4.432626E7	NA	false	minSlopeDouble(3_UTR_start_1 of Gene names  (primary ))	minSlopeDouble(3_UTR_start_1 of Gene names  (primary )) < -4.5
44	approximatePercentile(safeMax(G_freq of Gene names  (primary ))) < 0.4	Gene names  (primary )	3_utr_parsedFeats.csv.gz	0	0.029372371279770406	0.0017593503231978854	0.5728724489102216	1847.0	3367.0	50.09%	29.77%	5214	34.76     	14998	3.05	0	0.0%	1.4409737860212157	0.8562575944602403	0.3	0.3	0.5	0.7479	1.0	0.544	0.2221	NA	false	approximatePercentile(safeMax(G_freq of Gene names  (primary )))	approximatePercentile(safeMax(G_freq of Gene names  (primary ))) < 0.4
45	minSlopeInt(3_UTR_1_len of Gene names  (primary )) < -26.5	Gene names  (primary )	3_utr_parsedFeats.csv.gz	1	0.027307668394433368	0.0016212882891917086	0.4955539417240225	1082.0	5564.0	29.35%	49.19%	6646	44.31     	14998	3.05	3	0.0%	0.662257881450397	1.1100924048353273	-32869.0	-399.0	0.0	0.0	0.0	-512.0	1269.0	NA	false	minSlopeInt(3_UTR_1_len of Gene names  (primary ))	minSlopeInt(3_UTR_1_len of Gene names  (primary )) < -26.5
46	maxSlopeInt(3_UTR_1_len of Gene names  (primary )) >= 22.5	Gene names  (primary )	3_utr_parsedFeats.csv.gz	1	0.0269027029543423	0.0014810967247016918	0.4952690472423104	1096.0	5593.0	29.73%	49.45%	6689	44.60     	14998	3.05	0	0.0%	0.6665144507965037	1.1087049084884881	0.0	0.0	0.0	416.0	32869.0	521.0	1256.0	NA	false	maxSlopeInt(3_UTR_1_len of Gene names  (primary ))	maxSlopeInt(3_UTR_1_len of Gene names  (primary )) >= 22.5
47	minSlopeDouble(T of Gene names  (primary )) < -189.5	Gene names  (primary )	3_utr_parsedFeats.csv.gz	1	0.01573254885478656	0.0014613706553922587	0.4967645897978447	318.0	2203.0	8.62%	19.48%	2521	16.81     	14998	3.05	2	0.0%	0.5131147345213147	1.1587079810644427	-7859.0	-53.0	0.0	0.0	0.0	-123.0	345.0	NA	false	minSlopeDouble(T of Gene names  (primary ))	minSlopeDouble(T of Gene names  (primary )) < -189.5
48	zipWithIndex(3_utr_len of Gene names  (primary )) contains (0.0, 3)	Gene names  (primary )	3_utr_parsedFeats.csv.gz	1	0.009049495166182319	0.001444219975608259	0.4974185149477234	229.0	1497.0	6.21%	13.23%	1726	11.51     	14998	3.05	2	24%	0.5397030875761852	1.1500410853246048	NA	NA	NA	NA	NA	NA	NA	20826.0	false	zipWithIndex(3_utr_len of Gene names  (primary )) contains (0.0, 3)	zipWithIndex(3_utr_len of Gene names  (primary )) contains (0.0, 3)
49	zipWithIndex(3_utr_len of Gene names  (primary )) contains (0.0, 7)	Gene names  (primary )	3_utr_parsedFeats.csv.gz	1	0.0056861842817115095	0.0014020206096313193	0.4983447427793788	64.0	585.0	1.74%	5.17%	649	4.33      	14998	3.05	2	24%	0.4011395554195957	1.1952080681785828	NA	NA	NA	NA	NA	NA	NA	20826.0	false	zipWithIndex(3_utr_len of Gene names  (primary )) contains (0.0, 7)	zipWithIndex(3_utr_len of Gene names  (primary )) contains (0.0, 7)
50	slidingSubsets(Gene_description of Gene names  (primary )) contains ("complex", "hgnc")	Gene names  (primary )	3_utr_parsedFeats.csv.gz	1	0.0019386328077946962	0.0013867958232519463	0.4993176526920801	1.0	71.0	0.0271%	0.63%	72	0.48      	14998	3.05	83	24%	0.05649730283578941	1.3075496812345897	NA	NA	NA	NA	NA	NA	NA	208393.0	false	slidingSubsets(Gene_description of Gene names  (primary )) contains ("complex", "hgnc")	slidingSubsets(Gene_description of Gene names  (primary )) contains ("complex", "hgnc")
51	slidingSubsets(Gene_description of Gene names  (primary )) contains ("histone", "source", "hgnc")	Gene names  (primary )	3_utr_parsedFeats.csv.gz	0	0.001626853186965485	0.0013324826300465708	0.4991309969738314	12.0	1.0	0.33%	0.0088%	13	0.09      	14998	3.05	83	24%	3.754897665394004	0.10199737491754113	NA	NA	NA	NA	NA	NA	NA	208393.0	false	slidingSubsets(Gene_description of Gene names  (primary )) contains ("histone", "source", "hgnc")	slidingSubsets(Gene_description of Gene names  (primary )) contains ("histone", "source", "hgnc")
52	stddev(5_UTR_end_2 of Gene names  (primary )) inRange (3,664.65 to 123,988,930)	Gene names  (primary )	3_utr_parsedFeats.csv.gz	1	0.01937578735423057	0.0013229609765998407	0.576835013897116	824.0	4315.0	22.35%	38.15%	5139	34.26     	14998	3.05	1	24%	0.6522420670639646	1.1133572185249017	0.0	0.0	0.0	9124008.0	1.24429315E8	9541406.0	1.9906246E7	NA	false	|stddev(getOrEmpty(3_utr_parsedFeats.csv.gz_5_UTR_end_2_by_Gene_name, Gene names  (primary ))) - 61,996,297|	stddev(5_UTR_end_2 of Gene names  (primary )) inRange (3,664.65 to 123,988,930)
53	zipWithIndex(3_utr_len of Gene names  (primary )) contains (0.0, 6)	Gene names  (primary )	3_utr_parsedFeats.csv.gz	1	0.006176591612217114	0.0012147409714021492	0.49819866191939005	92.0	744.0	2.5%	6.58%	836	5.57      	14998	3.05	2	24%	0.44765327031611135	1.1800461844527006	NA	NA	NA	NA	NA	NA	NA	20826.0	false	zipWithIndex(3_utr_len of Gene names  (primary )) contains (0.0, 6)	zipWithIndex(3_utr_len of Gene names  (primary )) contains (0.0, 6)
54	zipWithIndex(3_utr_len of Gene names  (primary )) contains (0.0, 2)	Gene names  (primary )	3_utr_parsedFeats.csv.gz	1	0.009041998817505035	0.0010330036215048311	0.49737478757456755	312.0	1838.0	8.46%	16.25%	2150	14.34     	14998	3.05	2	24%	0.5903048422805457	1.133546640130106	NA	NA	NA	NA	NA	NA	NA	20826.0	false	zipWithIndex(3_utr_len of Gene names  (primary )) contains (0.0, 2)	zipWithIndex(3_utr_len of Gene names  (primary )) contains (0.0, 2)
55	sum(numbers(Gene_description of Gene names  (primary ))) notInRange (3 to 31,259.5)	Gene names  (primary )	3_utr_parsedFeats.csv.gz	0	0.037408447103387095	0.009464193438073169	0.573876124222304	1574.0	2389.0	42.69%	21.12%	3963	26.42     	14998	3.0999999999999996	6	0.0%	1.6156261256054358	0.799326891954094	0.0	359.0	10401.0	20987.0	440565.0	12059.0	11554.0	NA	false	|sum(numbers(getFirstOrDefault(3_utr_parsedFeats.csv.gz_Gene_description_by_Gene_name, Gene names  (primary )))) - 15,631.25|	sum(numbers(Gene_description of Gene names  (primary ))) notInRange (3 to 31,259.5)
56	approximatePercentile(inverse(sum(T of Gene names  (primary )))) >= 0.654	Gene names  (primary )	3_utr_parsedFeats.csv.gz	0	0.03858427726555184	0.006274731658370393	0.5682443432299721	1839.0	3037.0	49.88%	26.85%	4876	32.51     	14998	3.0999999999999996	1	43%	1.534186807604841	0.825873330418261	0.4	0.4	0.5	0.7	1.0	0.6034	0.2417	NA	false	approximatePercentile(inverse(sum(T of Gene names  (primary ))))	approximatePercentile(inverse(sum(T of Gene names  (primary )))) >= 0.654
57	maxSlopeSecondHalf(G of Gene names  (primary )) notInRange (-0.5 to 14.5)	Gene names  (primary )	3_utr_parsedFeats.csv.gz	1	0.029126959988128608	0.003932814877507409	0.6662511309539976	968.0	5257.0	26.25%	46.48%	6225	41.51     	14998	3.15	3	0.0%	0.6325519708342456	1.119775517950149	0.0	0.5	0.5	0.7333	1.0	0.6234	0.2024	NA	false	maxSlopeSecondHalf(G of Gene names  (primary )) notInRange (-0.5 to 14.5)	maxSlopeSecondHalf(G of Gene names  (primary )) notInRange (-0.5 to 14.5)
58	average(l2Normalize(tot_5utr_len of Gene names  (primary ))) notInRange (0.039 to 0.71)	Gene names  (primary )	3_utr_parsedFeats.csv.gz	0	0.030757860420791098	0.0027988849971351416	0.5762832304947506	2249.0	4478.0	61%	39.59%	6727	44.85     	14998	3.0999999999999996	6	24%	1.3599665903959726	0.8826631757766819	0.0	0.0	0.323	0.517	1.0	0.357	0.327	NA	false	|average(l2Normalize(getOrEmpty(3_utr_parsedFeats.csv.gz_tot_5utr_len_by_Gene_name, Gene names  (primary )))) - 0.37|	average(l2Normalize(tot_5utr_len of Gene names  (primary ))) notInRange (0.039 to 0.71)
59	maxSlopeSecondHalf(3_UTR_start_1 of Gene names  (primary )) notInRange (-9,218.5 to 263)	Gene names  (primary )	3_utr_parsedFeats.csv.gz	1	0.02381454885276361	0.001956092985301082	0.5781675535224359	730.0	4187.0	19.8%	37.02%	4917	32.78     	14998	3.15	3	0.0%	0.6039247990744542	1.1291069990109175	-2.42124468E8	0.0	0.0	2874.0	2.48480374E8	9814854.0	3.8960065E7	NA	false	|maxSlopeSecondHalf(getOrEmpty(3_utr_parsedFeats.csv.gz_3_UTR_start_1_by_Gene_name, Gene names  (primary ))) - -4,477.75|	maxSlopeSecondHalf(3_UTR_start_1 of Gene names  (primary )) notInRange (-9,218.5 to 263)
60	maxSlopeFirstHalf(G of Gene names  (primary )) notInRange (-13.5 to 0.5)	Gene names  (primary )	3_utr_parsedFeats.csv.gz	1	0.023025710537562402	0.0017150227116270688	0.6678097502588975	731.0	4155.0	19.83%	36.73%	4886	32.58     	14998	3.15	2	0.0%	0.6085890386519174	1.1275866160808399	0.0	0.6	0.6	0.729224	1.0	0.674975	0.14779	NA	false	maxSlopeFirstHalf(G of Gene names  (primary )) notInRange (-13.5 to 0.5)	maxSlopeFirstHalf(G of Gene names  (primary )) notInRange (-13.5 to 0.5)
61	maxSlopeFirstHalf(tot_3utr_len of Gene names  (primary )) >= 2.5	Gene names  (primary )	3_utr_parsedFeats.csv.gz	1	0.017577011439081656	0.0016111412609118528	0.5007761349910427	489.0	2985.0	13.26%	26.39%	3474	23.16     	14998	3.15	0	0.0%	0.5725840639730782	1.1393230091177846	-22506.0	0.0	0.0	0.0	32869.0	183.0	953.0	NA	false	maxSlopeFirstHalf(tot_3utr_len of Gene names  (primary ))	maxSlopeFirstHalf(tot_3utr_len of Gene names  (primary )) >= 2.5
62	sum(fastCenter(5_UTR_start_2 of Gene names  (primary ))) < 0.0	Gene names  (primary )	3_utr_parsedFeats.csv.gz	1	0.007834768727709555	0.0015804598290745616	0.5008732840541598	175.0	1202.0	4.75%	10.63%	1377	9.18      	14998	3.0999999999999996	4	0.0%	0.5169687841183345	1.1574516924193883	-0.0	0.0	0.0	0.0	0.0	-0.0	0.0	NA	false	sum(fastCenter(5_UTR_start_2 of Gene names  (primary )))	sum(fastCenter(5_UTR_start_2 of Gene names  (primary ))) < 0.0
63	maxSlopeSecondHalf(3_utr_len of Gene names  (primary )) >= 97.5	Gene names  (primary )	3_utr_parsedFeats.csv.gz	1	0.019406428167228127	0.0015482245239291392	0.5005777055403248	612.0	3545.0	16.6%	31.34%	4157	27.72     	14998	3.15	1	0.0%	0.5988686918826617	1.130755117410364	-13112.0	0.0	0.0	192.0	17277.0	296.0	1165.0	NA	false	maxSlopeSecondHalf(3_utr_len of Gene names  (primary ))	maxSlopeSecondHalf(3_utr_len of Gene names  (primary )) >= 97.5
64	maxSlopeSecondHalf(3_UTR_end_1 of Gene names  (primary )) notInRange (-1,522 to 314.5)	Gene names  (primary )	3_utr_parsedFeats.csv.gz	1	0.02381578604843231	0.0013336574008000388	0.5781674112959266	783.0	4379.0	21.24%	38.71%	5162	34.42     	14998	3.15	3	0.0%	0.6170267231054753	1.1248362188940069	-2.42124665E8	0.0	0.0	2941.0	2.48480399E8	9814945.0	3.896031E7	NA	false	|maxSlopeSecondHalf(getOrEmpty(3_utr_parsedFeats.csv.gz_3_UTR_end_1_by_Gene_name, Gene names  (primary ))) - -603.75|	maxSlopeSecondHalf(3_UTR_end_1 of Gene names  (primary )) notInRange (-1,522 to 314.5)
65	arithmeticNot(min(3_UTR_end_2 of Gene names  (primary ))) inRange (-42,566,208 to 0.5)	Gene names  (primary )	3_utr_parsedFeats.csv.gz	0	0.028779675450879054	0.0011883281617612333	0.58265311565573	1478.0	2411.0	40.09%	21.32%	3889	25.93     	14998	3.1499999999999995	2	24%	1.5459544815051083	0.8220374703112604	-2.46945826E8	0.0	1.0	1.0	1.0	-4156034.0	2.145563E7	NA	false	|arithmeticNot(min(getOrEmpty(3_utr_parsedFeats.csv.gz_3_UTR_end_2_by_Gene_name, Gene names  (primary )))) - -21,283,104|	arithmeticNot(min(3_UTR_end_2 of Gene names  (primary ))) inRange (-42,566,208 to 0.5)
66	average(l2Normalize(3_UTR_end_3 of Gene names  (primary ))) inRange (0.0033 to 0.47)	Gene names  (primary )	3_utr_parsedFeats.csv.gz	1	0.015670961260485915	0.0011117407109409575	0.5792106411617228	511.0	2976.0	13.86%	26.31%	3487	23.25     	14998	3.0999999999999996	10	24%	0.596113784323018	1.1316531232606342	0.0	0.0	0.0	0.12599	1.0	0.09291	0.18943	NA	false	|average(l2Normalize(getOrEmpty(3_utr_parsedFeats.csv.gz_3_UTR_end_3_by_Gene_name, Gene names  (primary )))) - 0.24|	average(l2Normalize(3_UTR_end_3 of Gene names  (primary ))) inRange (0.0033 to 0.47)
67	maxSlopeSecondHalf(T_freq of Gene names  (primary )) notInRange (-6.591279944978205E-5 to 3.895922229543087E-6)	Gene names  (primary )	3_utr_parsedFeats.csv.gz	1	0.029122494304141457	0.001071162132450176	0.6652793507113343	1072.0	5607.0	29.08%	49.57%	6679	44.53     	14998	3.15	0	0.0%	0.6528953169752313	1.1131442813466823	0.0	0.5	0.5	0.73701	1.0	0.6336	0.18712	NA	false	maxSlopeSecondHalf(T_freq of Gene names  (primary )) notInRange (-6.591279944978205E-5 to 3.895922229543087E-6)	maxSlopeSecondHalf(T_freq of Gene names  (primary )) notInRange (-6.591279944978205E-5 to 3.895922229543087E-6)
68	average(lInfNormalize(3_UTR_end_2 of Gene names  (primary ))) inRange (0.0412 to 0.8)	Gene names  (primary )	3_utr_parsedFeats.csv.gz	1	0.01907585109288596	0.0010498067300802262	0.5788773468569085	768.0	4101.0	20.83%	36.26%	4869	32.46     	14998	3.1499999999999995	4	24%	0.6416255612256749	1.1168178371285418	0.0	0.0	0.0	0.333	1.0	0.187	0.292	NA	false	|average(lInfNormalize(getOrEmpty(3_utr_parsedFeats.csv.gz_3_UTR_end_2_by_Gene_name, Gene names  (primary )))) - 0.42|	average(lInfNormalize(3_UTR_end_2 of Gene names  (primary ))) inRange (0.0412 to 0.8)
69	extractKeys(histogram(3_utr_seq of Gene names  (primary ))) == ('T', 'A', 'G', 'C')	Gene names  (primary )	3_utr_parsedFeats.csv.gz	1	0.007583817254319495	0.0017456360398843407	0.5239661937571086	178.0	1202.0	4.83%	10.63%	1380	9.20      	14998	4.199999999999999	0	46%	0.5246879950315051	1.1549354930880418	NA	NA	NA	NA	NA	NA	NA	59.0	false	extractKeys(histogram(3_utr_seq of Gene names  (primary ))) == ('T', 'A', 'G', 'C')	extractKeys(histogram(3_utr_seq of Gene names  (primary ))) == ('T', 'A', 'G', 'C')