"node.id"	"parent.id"	"pruning.level"	"height"	"leaf.order"	"row.name"
190	NA	0	1	NA	NA
189	190	0	1	NA	NA
188	189	0	1	NA	NA
187	188	0	1	NA	NA
186	187	0	1	NA	NA
185	186	0	1	NA	NA
184	185	0	1	NA	NA
183	184	1	0.992700729927007	NA	NA
182	184	2	0.987577639751553	NA	NA
181	186	3	0.973684210526316	NA	NA
180	187	4	0.96875	NA	NA
179	180	5	0.953125	NA	NA
178	179	6	0.945525291828794	NA	NA
177	182	7	0.938888888888889	NA	NA
176	183	8	0.932291666666667	NA	NA
175	177	9	0.925133689839572	NA	NA
174	189	10	0.919075144508671	NA	NA
173	177	11	0.919060052219321	NA	NA
172	180	12	0.914634146341463	NA	NA
171	173	13	0.883928571428571	NA	NA
170	178	14	0.881889763779528	NA	NA
169	175	15	0.879310344827586	NA	NA
168	175	16	0.876595744680851	NA	NA
167	174	17	0.875	NA	NA
166	181	17	0.875	NA	NA
165	185	18	0.873417721518987	NA	NA
164	176	19	0.863340563991323	NA	NA
163	168	20	0.860335195530726	NA	NA
162	163	21	0.848484848484849	NA	NA
161	183	22	0.837837837837838	NA	NA
160	171	23	0.82897384305835	NA	NA
159	169	24	0.827118644067797	NA	NA
158	167	25	0.817034700315457	NA	NA
157	171	26	0.813163481953291	NA	NA
156	168	27	0.812206572769953	NA	NA
155	164	28	0.811650485436893	NA	NA
154	160	29	0.804395604395604	NA	NA
153	159	30	0.785211267605634	NA	NA
152	173	31	0.770833333333333	NA	NA
151	162	32	0.767955801104972	NA	NA
150	155	33	0.767924528301887	NA	NA
149	154	34	0.760511882998172	NA	NA
148	149	35	0.747252747252747	NA	NA
147	178	36	0.743119266055046	NA	NA
146	150	37	0.730407523510972	NA	NA
145	152	38	0.725130890052356	NA	NA
144	149	39	0.723456790123457	NA	NA
143	160	40	0.721739130434783	NA	NA
142	172	41	0.714285714285714	NA	NA
141	162	42	0.711340206185567	NA	NA
140	161	43	0.710280373831776	NA	NA
139	144	44	0.699774266365689	NA	NA
138	165	45	0.694444444444444	NA	NA
137	143	46	0.678651685393258	NA	NA
136	165	47	0.663461538461538	NA	NA
135	150	48	0.658444022770398	NA	NA
134	167	49	0.655405405405405	NA	NA
133	146	50	0.654135338345865	NA	NA
132	146	51	0.652797704447633	NA	NA
131	164	52	0.65	NA	NA
130	158	53	0.647260273972603	NA	NA
129	130	54	0.634854771784232	NA	NA
128	156	55	0.628205128205128	NA	NA
127	133	56	0.624	NA	NA
126	163	57	0.616	NA	NA
125	143	58	0.61587982832618	NA	NA
124	170	59	0.601374570446735	NA	NA
123	148	60	0.595555555555556	NA	NA
122	125	61	0.594339622641509	NA	NA
121	137	62	0.591331269349845	NA	NA
120	148	63	0.589614740368509	NA	NA
119	127	64	0.578583765112263	NA	NA
118	158	65	0.569288389513109	NA	NA
117	144	66	0.558739255014327	NA	NA
116	122	67	0.554924242424242	NA	NA
115	127	68	0.525073746312684	NA	NA
114	128	69	0.507772020725389	NA	NA
113	131	70	0.496503496503497	NA	NA
112	123	71	0.49591280653951	NA	NA
111	142	72	0.47887323943662	NA	NA
110	151	73	0.471502590673575	NA	NA
109	157	74	0.439169139465875	NA	NA
108	117	75	0.430894308943089	NA	NA
107	113	76	0.364508393285372	NA	NA
106	121	77	0.35958904109589	NA	NA
105	121	78	0.346570397111913	NA	NA
104	124	79	0.319587628865979	NA	NA
103	110	80	0.316062176165803	NA	NA
102	139	81	0.308860759493671	NA	NA
101	114	82	0.258620689655172	NA	NA
100	109	83	0.176470588235294	NA	NA
99	141	84	0.16260162601626	NA	NA
98	102	85	0.134939759036145	NA	NA
97	108	86	0.125	NA	NA
96	111	87	0.112676056338028	NA	NA
95	100	88	NA	30	"Features contains variant"
94	103	88	NA	71	"Features contains mutagenesis"
93	104	88	NA	14	"Features contains initiation"
92	101	88	NA	61	"slidingSubsets(Features) contains (alternative, sequence, beta)"
91	123	88	NA	53	"slidingSubsets(Features) contains (residue, 1)"
90	172	88	NA	2	"slidingSubsets(Features) contains (erroneous, helix)"
89	135	88	NA	87	"Features does not contain 2"
88	154	88	NA	41	"Features contains 5"
87	110	88	NA	69	"slidingSubsets(Features) contains (mutagenesis, natural)"
86	170	88	NA	10	"slidingSubsets(Features) contains (residue, natural, variant)"
85	190	88	NA	0	"Features contains terminal"
84	109	88	NA	28	"slidingSubsets(Features) contains (1, natural)"
83	98	88	NA	50	"Features contains alternative"
82	126	88	NA	63	"slidingSubsets(Features) contains (helix, residue)"
81	115	88	NA	93	"Features does not contain modified"
80	129	88	NA	78	"Gene ontology (GO) contains rna"
79	169	88	NA	72	"Gene ontology (GO) contains signal"
78	130	88	NA	56	"Gene ontology (GO) contains factor"
77	119	88	NA	95	"Gene ontology (GO) does not contain binding"
76	137	88	NA	36	"Gene ontology (GO) contains protein"
75	151	88	NA	68	"Post-translational modification contains 0000269"
74	136	88	NA	19	"wordFrequencies(Features) for glycosylation >= 0.178"
73	97	88	NA	46	"numberOfChars(Features) >= 167"
72	103	88	NA	70	"wordFrequencies(Features) for mutagenesis inRange (0.0807 to 0.16)"
71	124	88	NA	11	"wordFrequencies(Features) for initiation inRange (0.0814 to 0.16)"
70	135	88	NA	86	"skipgramsAndBiGrams(Features) contains (1, 1)"
69	100	88	NA	29	"wordFrequencies(Features) for variant inRange (0.0818 to 0.22)"
68	140	88	NA	79	"wordFrequencies(Features) for peptide >= 0.161"
67	176	88	NA	80	"wordFrequencies(Features) for region >= 0.227"
66	97	88	NA	44	"numberOfWords(Features) >= 24"
65	136	88	NA	18	"wordFrequencies(Features) for disulfide >= 0.168"
64	102	88	NA	48	"wordFrequencies(Features) for alternative inRange (0.0818 to 0.18)"
63	108	88	NA	43	"sum(numbers(Features)) >= 31.5"
62	112	88	NA	55	"wordFrequencies(Features) for modified inRange (0.0818 to 0.16)"
61	141	88	NA	64	"numericPairs(Features) for (natural) >= 2.5"
60	126	88	NA	62	"numericPairs(Features) for (modified) >= 4.5"
59	120	88	NA	52	"Features contains (3)."
58	139	88	NA	47	"Features contains (4)."
57	132	88	NA	90	"Features contains (1)"
56	120	88	NA	51	"numericPairs(Features) for (chain) >= 1.5"
55	156	88	NA	57	"Features contains 6)."
54	107	88	NA	84	"Length < 346"
53	131	88	NA	81	"elementCount(Sequence) for E < 10.5"
52	113	88	NA	82	"elementCount(Sequence) for K < 13.5"
51	107	88	NA	83	"elementCount(Sequence) for D < 12.5"
50	99	88	NA	66	"numberOfWords(Involvement in disease) >= 49"
49	99	88	NA	65	"Involvement in disease contains disease is"
48	166	88	NA	17	"Keywords contains host"
47	96	88	NA	6	"Keywords contains acetylation. alternative"
46	134	88	NA	23	"Keywords contains ubl"
45	142	88	NA	3	"numericPairs(Keywords) contains (acetylation.)"
44	117	88	NA	42	"numberOfChars(Keywords) >= 197"
43	128	88	NA	58	"Keywords contains structure"
42	155	88	NA	85	"The percent of L in (Sequence) >= 11.266"
41	132	88	NA	88	"The percent of W in (Sequence) notInRange (0.23 to 1.35)"
40	147	88	NA	9	"Tissue specificity contains placenta"
39	112	88	NA	54	"wordFrequencies(Keywords) for phosphoprotein inRange (0.1 to 0.27)"
38	133	88	NA	91	"wordFrequencies(Keywords) for reference >= 0.263"
37	101	88	NA	60	"slidingSubsets(Keywords) contains (structure, alternative)"
36	153	88	NA	75	"wordFrequencies(Keywords) for cytoplasm inRange (0.0458 to 0.23)"
35	134	88	NA	12	"wordFrequencies(Keywords) for isopeptide inRange (0.11 to 0.21)"
34	98	88	NA	49	"wordFrequencies(Keywords) for splicing inRange (0.0458 to 0.36)"
33	140	88	NA	77	"wordFrequencies(Keywords) for signal >= 0.283"
32	96	88	NA	5	"slidingSubsets(Keywords) contains (acetylation, alternative)"
31	111	88	NA	4	"skipgramsAndBiGrams(Keywords) contains (acetylation, alternative)"
30	114	88	NA	59	"skipgramsAndBiGrams(Keywords) contains (alternative, splicing)"
29	118	88	NA	45	"wordFrequencies(Keywords) for nucleus inRange (0.0458 to 0.25)"
28	119	88	NA	94	"Gene ontology (GO) does not contain regulation"
27	152	88	NA	24	"Gene ontology (GO) contains 0016020"
26	118	88	NA	34	"Gene ontology (GO) contains 0005654"
25	153	88	NA	74	"Gene ontology (GO) contains 0005829"
24	174	88	NA	1	"Gene ontology (GO) contains 0000785"
23	182	88	NA	22	"Gene ontology (GO) contains 0005925"
22	122	88	NA	32	"min(numbersUSFormat(Gene ontology (GO))) < 1528.5"
21	105	88	NA	38	"max(numbers(Gene ontology (GO))) >= 1901383.5"
20	145	88	NA	26	"numericPairs(Gene ontology (GO)) for (membrane) notInRange (9,614 to 19,897.5)"
19	145	88	NA	25	"wordCounts(Gene ontology (GO)) for membrane >= 2.5"
18	125	88	NA	31	"wordCounts(Gene ontology (GO)) for binding >= 2.5"
17	106	88	NA	40	"wordCounts(Gene ontology (GO)) for go >= 15.5"
16	105	88	NA	37	"sum(numbers(Gene ontology (GO))) >= 2345276.0"
15	116	88	NA	35	"slidingSubsets(Gene ontology (GO)) contains (go, regulation, of)"
14	129	88	NA	67	"slidingSubsets(Gene ontology (GO)) contains (go, transcription)"
13	159	88	NA	73	"wordCounts(Gene ontology (GO)) for protein >= 3.5"
12	166	88	NA	16	"Tissue specificity contains specificity: ubiquitous"
11	147	88	NA	8	"Tissue specificity contains skeletal muscle"
10	179	88	NA	7	"Tissue specificity contains widely expressed"
9	188	88	NA	89	"Tissue specificity contains specificity: testis"
8	157	88	NA	27	"wordCounts(Protein names) for protein >= 1.5"
7	104	88	NA	13	"stemmedWordsWithoutCommonTerms(Features) contains initi"
6	138	88	NA	21	"Keywords == Cell membrane. Disulfide bond. G-protein coupled receptor. Glycoprotein. Membrane. Olfaction. Receptor. Reference proteome. Sensory transduction. Transducer. Transmembrane. Transmembrane helix"
5	116	88	NA	33	"wordFrequencies(Gene ontology (GO)) for activity inRange (0.0019 to 0.15)"
4	181	88	NA	15	"skipgrams(Gene ontology (GO)) contains (granule, *, go)"
3	138	88	NA	20	"wordFrequencies(Gene ontology (GO)) for receptor >= 0.201"
2	106	88	NA	39	"numberOfChars(Gene ontology (GO)) >= 972"
1	161	88	NA	76	"wordFrequencies(Gene ontology (GO)) for 0005615 >= 0.055"
0	115	88	NA	92	"wordFrequencies(Gene ontology (GO)) for go < 0.761"
