"node.id"	"parent.id"	"pruning.level"	"height"	"leaf.order"	"row.name"
142	NA	0	1	NA	NA
141	142	0	1	NA	NA
140	141	0	1	NA	NA
139	140	0	1	NA	NA
138	139	0	1	NA	NA
137	138	0	1	NA	NA
136	137	1	0.980237154150198	NA	NA
135	139	2	0.954838709677419	NA	NA
134	135	3	0.952830188679245	NA	NA
133	136	4	0.944162436548223	NA	NA
132	133	5	0.92619926199262	NA	NA
131	132	6	0.905263157894737	NA	NA
130	140	7	0.9	NA	NA
129	137	8	0.857142857142857	NA	NA
128	131	9	0.855421686746988	NA	NA
127	136	10	0.846625766871166	NA	NA
126	128	11	0.789473684210526	NA	NA
125	133	12	0.744186046511628	NA	NA
124	125	13	0.718291054739653	NA	NA
123	124	14	0.706489675516224	NA	NA
122	126	15	0.699507389162562	NA	NA
121	125	16	0.665406427221172	NA	NA
120	131	17	0.661087866108787	NA	NA
119	127	18	0.65989847715736	NA	NA
118	126	19	0.655518394648829	NA	NA
117	123	20	0.630075187969925	NA	NA
116	128	21	0.608843537414966	NA	NA
115	116	22	0.553254437869823	NA	NA
114	134	23	0.5	NA	NA
113	115	24	0.404761904761905	NA	NA
112	113	25	0.346666666666667	NA	NA
111	115	26	0.302197802197802	NA	NA
110	111	27	0.233802816901408	NA	NA
109	121	28	0.148614609571788	NA	NA
108	111	29	0.14010989010989	NA	NA
107	113	30	0.09375	NA	NA
106	110	31	0.0584615384615385	NA	NA
105	119	32	0.0541237113402062	NA	NA
104	107	33	0.0381944444444444	NA	NA
103	105	34	0.0357142857142857	NA	NA
102	110	35	0.032258064516129	NA	NA
101	104	36	0.0173611111111111	NA	NA
100	102	37	0.00967741935483871	NA	NA
99	108	38	0.00824175824175824	NA	NA
98	102	39	0.00657894736842105	NA	NA
97	116	40	0.00454545454545455	NA	NA
96	103	41	0	NA	NA
95	106	41	0	NA	NA
94	95	41	0	NA	NA
93	97	41	0	NA	NA
92	93	41	0	NA	NA
91	108	41	0	NA	NA
90	91	41	0	NA	NA
89	106	41	0	NA	NA
88	89	41	0	NA	NA
87	88	41	0	NA	NA
86	101	41	0	NA	NA
85	99	41	0	NA	NA
84	85	41	0	NA	NA
83	84	41	0	NA	NA
82	83	41	0	NA	NA
81	82	41	0	NA	NA
80	81	41	0	NA	NA
79	80	41	0	NA	NA
78	79	41	0	NA	NA
77	78	41	0	NA	NA
76	77	41	0	NA	NA
75	76	41	0	NA	NA
74	75	41	0	NA	NA
73	74	41	0	NA	NA
72	73	41	0	NA	NA
71	97	42	NA	20	"3_utr_parsedFeats.csv.gz_5_UTR_2_len_by_Gene_name, Gene names  (primary )"
70	109	42	NA	11	"human_gene_mirtar_targets.csv.gz_text_index_of_Protein families_with_attributes, Compositional bias"
69	89	42	NA	50	"3_utr_parsedFeats.csv.gz_3_UTR_2_len_by_Gene_name, Gene names  (primary )"
68	85	42	NA	29	"3_utr_parsedFeats.csv.gz_G_freq_by_Gene_name, Gene names  (primary )"
67	84	42	NA	30	"3_utr_parsedFeats.csv.gz_CDS_Length_by_Gene_name, Gene names  (primary )"
66	93	42	NA	21	"3_utr_parsedFeats.csv.gz_5_UTR_end_2_by_Gene_name, Gene names  (primary )"
65	96	42	NA	8	"Mass, Length"
64	83	42	NA	31	"3_utr_parsedFeats.csv.gz_T_freq_by_Gene_name, Gene names  (primary )"
63	82	42	NA	32	"3_utr_parsedFeats.csv.gz_A_freq_by_Gene_name, Gene names  (primary )"
62	134	42	NA	45	"Repeat"
61	91	42	NA	25	"3_utr_parsedFeats.csv.gz_5_UTR_end_3_by_Gene_name, Gene names  (primary )"
60	92	42	NA	24	"3_utr_parsedFeats.csv.gz_5utr_counts_by_Gene_name, Gene names  (primary )"
59	95	42	NA	54	"3_utr_parsedFeats.csv.gz_3_UTR_3_len_by_Gene_name, Gene names  (primary )"
58	107	42	NA	58	"3_utr_parsedFeats.csv.gz_G_by_Gene_name, Gene names  (primary )"
57	94	42	NA	57	"3_utr_parsedFeats.csv.gz_3_UTR_end_3_by_Gene_name, Gene names  (primary )"
56	96	42	NA	7	"Length, Mass"
55	142	42	NA	0	"Protein families"
54	90	42	NA	27	"3_utr_parsedFeats.csv.gz_5_UTR_3_len_by_Gene_name, Gene names  (primary )"
53	109	42	NA	10	"Compositional bias"
52	141	42	NA	1	"human_gene_mirtar_targets.csv.gz_text_index_of_Protein families_with_attributes, Gene ontology (GO)"
51	94	42	NA	55	"3_utr_parsedFeats.csv.gz_3_UTR_start_3_by_Gene_name, Gene names  (primary )"
50	105	42	NA	5	"Length"
49	86	42	NA	62	"3_utr_parsedFeats.csv.gz_3_UTR_start_1_by_Gene_name, Gene names  (primary )"
48	81	42	NA	33	"3_utr_parsedFeats.csv.gz_C_by_Gene_name, Gene names  (primary )"
47	88	42	NA	51	"3_utr_parsedFeats.csv.gz_3_UTR_start_2_by_Gene_name, Gene names  (primary )"
46	112	42	NA	64	"3_utr_parsedFeats.csv.gz_Transcript_length_including_UTRs_and_CDS_by_Gene_name, Gene names  (primary )"
45	117	42	NA	16	"Protein names"
44	127	42	NA	3	"human_gene_mirtar_targets.csv.gz_text_index_of_Protein families_with_attributes, Protein names"
43	117	42	NA	15	"human_gene_mirtar_targets.csv.gz_text_index_of_Protein families_with_attributes, Tissue specificity"
42	114	42	NA	67	"human_gene_mirtar_targets.csv.gz_text_index_of_Protein families_with_attributes, Developmental stage"
41	80	42	NA	35	"3_utr_parsedFeats.csv.gz_A_by_Gene_name, Gene names  (primary )"
40	92	42	NA	22	"3_utr_parsedFeats.csv.gz_5_UTR_start_2_by_Gene_name, Gene names  (primary )"
39	99	42	NA	28	"3_utr_parsedFeats.csv.gz_Gene_start_bp_by_Gene_name, Gene names  (primary )"
38	120	42	NA	19	"human_gene_mirtar_targets.csv.gz_text_index_of_Protein families_with_attributes, Post-translational modification"
37	79	42	NA	36	"3_utr_parsedFeats.csv.gz_3_UTR_start_by_Gene_name, Gene names  (primary )"
36	119	42	NA	4	"Sequence"
35	87	42	NA	53	"3_utr_parsedFeats.csv.gz_3utr_counts_by_Gene_name, Gene names  (primary )"
34	103	42	NA	6	"Mass"
33	114	42	NA	56	"Developmental stage"
32	121	42	NA	9	"human_gene_mirtar_targets.csv.gz_text_index_of_Protein families_with_attributes, Features"
31	130	42	NA	23	"Pathway"
30	118	42	NA	66	"Involvement in disease"
29	98	42	NA	47	"3_utr_parsedFeats.csv.gz_tot_5utr_len_by_Gene_name, Gene names  (primary )"
28	78	42	NA	37	"3_utr_parsedFeats.csv.gz_T_by_Gene_name, Gene names  (primary )"
27	122	42	NA	69	"Gene ontology (GO)"
26	104	42	NA	59	"3_utr_parsedFeats.csv.gz_3_utr_len_by_Gene_name, Gene names  (primary )"
25	100	42	NA	49	"3_utr_parsedFeats.csv.gz_5_UTR_1_len_by_Gene_name, Gene names  (primary )"
24	101	42	NA	60	"3_utr_parsedFeats.csv.gz_3_UTR_1_len_by_Gene_name, Gene names  (primary )"
23	129	42	NA	2	"DNA binding"
22	124	42	NA	13	"human_gene_mirtar_targets.csv.gz_text_index_of_Protein families_with_attributes, Protein families"
21	77	42	NA	38	"3_utr_parsedFeats.csv.gz_mode_ratio_freq_by_Gene_name, Gene names  (primary )"
20	90	42	NA	26	"3_utr_parsedFeats.csv.gz_5_UTR_start_3_by_Gene_name, Gene names  (primary )"
19	76	42	NA	39	"3_utr_parsedFeats.csv.gz_5_UTR_end_by_Gene_name, Gene names  (primary )"
18	118	42	NA	65	"Features"
17	132	42	NA	17	"Tissue specificity"
16	87	42	NA	52	"3_utr_parsedFeats.csv.gz_3_UTR_end_2_by_Gene_name, Gene names  (primary )"
15	130	42	NA	12	"Nucleotide binding"
14	75	42	NA	40	"3_utr_parsedFeats.csv.gz_3_UTR_end_by_Gene_name, Gene names  (primary )"
13	135	42	NA	34	"Zinc finger"
12	123	42	NA	14	"human_gene_mirtar_targets.csv.gz_text_index_of_Protein families_with_attributes, Keywords"
11	138	42	NA	70	"Non-terminal residue"
10	98	42	NA	46	"3_utr_parsedFeats.csv.gz_5_UTR_start_1_by_Gene_name, Gene names  (primary )"
9	129	42	NA	71	"human_gene_mirtar_targets.csv.gz_text_index_of_Protein families_with_attributes, Involvement in disease"
8	74	42	NA	41	"3_utr_parsedFeats.csv.gz_C_freq_by_Gene_name, Gene names  (primary )"
7	73	42	NA	42	"3_utr_parsedFeats.csv.gz_3_utr_seq_by_Gene_name, Gene names  (primary )"
6	120	42	NA	18	"Post-translational modification"
5	100	42	NA	48	"3_utr_parsedFeats.csv.gz_5_UTR_end_1_by_Gene_name, Gene names  (primary )"
4	86	42	NA	61	"3_utr_parsedFeats.csv.gz_3_UTR_end_1_by_Gene_name, Gene names  (primary )"
3	72	42	NA	44	"3_utr_parsedFeats.csv.gz_5_UTR_start_by_Gene_name, Gene names  (primary )"
2	122	42	NA	68	"Keywords"
1	72	42	NA	43	"3_utr_parsedFeats.csv.gz_GC_freq_by_Gene_name, Gene names  (primary )"
0	112	42	NA	63	"3_utr_parsedFeats.csv.gz_tot_3utr_len_by_Gene_name, Gene names  (primary )"
